eva_id,t_min,hr_bpm,resp_rpm,core_temp_c,spo2_pct,ext_temp_c,helmet_co2_ppm,suit_press_kpa,critical_pct,fault
EVA-0000,0,80,18,37.0,98,-31.8,732,29.6,5.6,seal_leak
EVA-0000,5,88,17,37.0,98,-30.7,735,29.6,6.4,seal_leak
EVA-0000,10,80,18,37.0,98,-28.8,737,29.7,4.5,seal_leak
EVA-0000,15,82,19,37.1,98,-28.3,762,29.6,6.5,seal_leak
EVA-0000,20,93,17,37.1,98,-25.0,851,29.6,7.8,seal_leak
EVA-0000,25,98,19,37.1,97,-24.0,755,29.6,11.8,seal_leak
EVA-0000,30,90,19,37.1,98,-24.0,846,29.6,10.0,seal_leak
EVA-0000,35,93,20,37.0,98,-22.0,736,29.6,9.3,seal_leak
EVA-0000,40,94,19,37.1,98,-22.2,806,29.6,9.8,seal_leak
EVA-0000,45,97,18,37.1,98,-23.5,838,29.6,8.9,seal_leak
EVA-0000,50,91,20,37.0,97,-21.9,867,29.5,10.7,seal_leak
EVA-0000,55,97,21,37.1,98,-23.5,881,29.6,13.0,seal_leak
EVA-0000,60,99,19,37.1,98,-21.6,895,29.6,10.9,seal_leak
EVA-0000,65,100,21,37.2,97,-23.2,852,29.6,15.5,seal_leak
EVA-0000,70,98,20,37.1,98,-24.0,857,29.5,11.3,seal_leak
EVA-0000,75,101,21,37.2,98,-25.5,925,29.6,13.4,seal_leak
EVA-0000,80,99,20,37.2,98,-24.2,874,29.5,12.5,seal_leak
EVA-0000,85,103,21,37.2,98,-27.1,822,29.4,15.2,seal_leak
EVA-0000,90,104,22,37.2,98,-28.8,824,29.3,17.1,seal_leak
EVA-0000,95,105,22,37.2,97,-30.2,829,29.2,16.6,seal_leak
EVA-0000,100,106,23,37.2,97,-30.8,884,28.9,19.9,seal_leak
EVA-0000,105,109,23,37.1,96,-32.8,863,28.7,20.1,seal_leak
EVA-0000,110,109,22,37.0,96,-34.6,879,28.5,19.5,seal_leak
EVA-0000,115,107,23,37.0,95,-36.5,829,28.2,21.5,seal_leak
EVA-0000,120,108,22,37.0,95,-36.5,845,28.0,21.7,seal_leak
EVA-0000,125,112,23,37.0,95,-41.7,857,27.7,24.8,seal_leak
EVA-0000,130,113,23,36.9,94,-43.9,814,27.4,26.9,seal_leak
EVA-0000,135,112,23,36.9,94,-46.4,835,27.1,27.6,seal_leak
EVA-0000,140,117,23,36.9,93,-46.8,787,26.7,32.2,seal_leak
EVA-0000,145,119,25,37.0,93,-48.2,791,26.4,33.9,seal_leak
EVA-0000,150,126,24,36.9,92,-51.7,782,26.0,35.6,seal_leak
EVA-0000,155,125,25,36.7,91,-54.6,746,25.7,42.1,seal_leak
EVA-0000,160,125,25,36.7,91,-56.4,795,25.3,44.1,seal_leak
EVA-0000,165,124,26,36.6,90,-56.4,754,25.0,46.8,seal_leak
EVA-0000,170,127,27,36.6,90,-57.9,761,24.6,49.0,seal_leak
EVA-0000,175,134,28,36.6,89,-59.7,766,24.1,54.2,seal_leak
EVA-0000,180,131,27,36.6,89,-62.5,755,23.7,53.9,seal_leak
EVA-0000,185,133,25,36.4,88,-62.6,752,23.3,56.6,seal_leak
EVA-0000,190,131,27,36.4,87,-63.8,718,22.9,60.2,seal_leak
EVA-0000,195,144,27,36.2,86,-64.5,699,22.5,65.8,seal_leak
EVA-0000,200,143,27,36.3,86,-64.4,698,22.1,66.3,seal_leak
EVA-0000,205,143,29,36.2,85,-65.6,643,21.6,72.6,seal_leak
EVA-0000,210,149,29,36.1,83,-65.3,639,21.0,74.1,seal_leak
EVA-0000,215,153,28,36.0,83,-66.1,631,20.5,75.3,seal_leak
EVA-0000,220,153,28,36.0,82,-65.7,629,20.1,75.6,seal_leak
EVA-0000,225,160,30,35.9,81,-64.9,652,19.6,79.9,seal_leak
EVA-0001,0,78,15,36.7,97,-41.1,488,29.6,7.2,scrubber_exhaustion
EVA-0001,5,78,17,36.8,97,-42.2,526,29.6,8.0,scrubber_exhaustion
EVA-0001,10,82,16,36.7,97,-43.7,562,29.5,9.5,scrubber_exhaustion
EVA-0001,15,77,17,36.8,97,-46.9,626,29.5,10.2,scrubber_exhaustion
EVA-0001,20,81,15,36.7,97,-49.1,680,29.6,8.7,scrubber_exhaustion
EVA-0001,25,82,17,36.7,97,-47.5,552,29.6,9.8,scrubber_exhaustion
EVA-0001,30,84,17,36.8,98,-49.3,644,29.6,7.4,scrubber_exhaustion
EVA-0001,35,87,17,36.8,97,-49.3,592,29.7,9.5,scrubber_exhaustion
EVA-0001,40,81,19,36.8,98,-50.1,672,29.6,8.5,scrubber_exhaustion
EVA-0001,45,87,19,36.9,97,-51.9,656,29.6,11.3,scrubber_exhaustion
EVA-0001,50,87,18,36.9,97,-52.1,592,29.6,9.2,scrubber_exhaustion
EVA-0001,55,86,19,36.8,97,-53.7,728,29.6,11.4,scrubber_exhaustion
EVA-0001,60,91,18,36.9,97,-54.3,671,29.6,11.0,scrubber_exhaustion
EVA-0001,65,95,19,36.9,97,-56.6,686,29.6,11.3,scrubber_exhaustion
EVA-0001,70,89,19,36.9,98,-56.7,674,29.6,9.9,scrubber_exhaustion
EVA-0001,75,91,19,36.9,97,-56.9,706,29.6,10.7,scrubber_exhaustion
EVA-0001,80,95,20,36.9,97,-56.7,792,29.6,13.2,scrubber_exhaustion
EVA-0001,85,97,19,37.0,97,-58.6,842,29.6,11.1,scrubber_exhaustion
EVA-0001,90,91,19,36.9,97,-57.9,986,29.6,11.7,scrubber_exhaustion
EVA-0001,95,97,21,36.9,97,-59.2,1153,29.7,13.9,scrubber_exhaustion
EVA-0001,100,101,19,36.9,97,-59.2,1408,29.6,13.2,scrubber_exhaustion
EVA-0001,105,91,18,36.9,97,-58.1,1591,29.7,11.9,scrubber_exhaustion
EVA-0001,110,95,22,36.9,97,-61.5,1846,29.6,15.9,scrubber_exhaustion
EVA-0001,115,100,24,37.0,97,-60.6,2314,29.6,16.2,scrubber_exhaustion
EVA-0001,120,103,22,37.1,97,-60.6,2655,29.6,17.5,scrubber_exhaustion
EVA-0001,125,108,22,37.1,96,-61.3,3173,29.6,20.9,scrubber_exhaustion
EVA-0001,130,111,25,37.2,97,-58.9,3643,29.6,22.5,scrubber_exhaustion
EVA-0001,135,109,26,37.2,97,-56.7,4173,29.6,23.7,scrubber_exhaustion
EVA-0001,140,118,27,37.4,96,-57.3,4799,29.6,29.8,scrubber_exhaustion
EVA-0001,145,121,28,37.4,96,-56.1,5527,29.6,33.3,scrubber_exhaustion
EVA-0001,150,129,31,37.5,96,-54.2,6241,29.6,36.3,scrubber_exhaustion
EVA-0001,155,126,32,37.5,96,-53.1,6910,29.6,37.7,scrubber_exhaustion
EVA-0001,160,130,32,37.6,97,-53.9,7727,29.6,39.4,scrubber_exhaustion
EVA-0001,165,140,36,37.7,96,-51.2,8633,29.6,46.9,scrubber_exhaustion
EVA-0001,170,143,38,37.7,96,-51.7,9465,29.6,48.0,scrubber_exhaustion
EVA-0001,175,154,39,37.9,95,-51.7,10489,29.6,53.0,scrubber_exhaustion
EVA-0002,0,79,18,37.0,98,-60.4,762,29.6,4.7,scrubber_exhaustion
EVA-0002,5,84,18,37.1,98,-59.8,778,29.6,6.5,scrubber_exhaustion
EVA-0002,10,85,19,37.1,99,-57.4,687,29.6,7.3,scrubber_exhaustion
EVA-0002,15,87,18,37.0,98,-55.6,657,29.6,6.7,scrubber_exhaustion
EVA-0002,20,87,17,37.1,98,-57.0,753,29.6,6.6,scrubber_exhaustion
EVA-0002,25,86,18,37.1,98,-55.8,798,29.6,7.5,scrubber_exhaustion
EVA-0002,30,85,17,37.1,98,-53.7,845,29.6,6.0,scrubber_exhaustion
EVA-0002,35,87,18,37.1,98,-53.1,795,29.6,7.5,scrubber_exhaustion
EVA-0002,40,89,19,37.1,98,-50.2,763,29.7,8.8,scrubber_exhaustion
EVA-0002,45,85,19,37.0,98,-52.6,747,29.6,7.3,scrubber_exhaustion
EVA-0002,50,88,20,37.1,98,-49.4,795,29.6,8.9,scrubber_exhaustion
EVA-0002,55,92,19,37.0,98,-47.8,789,29.6,9.2,scrubber_exhaustion
EVA-0002,60,89,18,37.1,98,-48.1,767,29.6,8.7,scrubber_exhaustion
EVA-0002,65,86,19,37.1,98,-44.8,923,29.6,7.6,scrubber_exhaustion
EVA-0002,70,91,19,37.1,98,-43.1,938,29.6,8.5,scrubber_exhaustion
EVA-0002,75,93,19,37.2,98,-40.6,945,29.6,10.9,scrubber_exhaustion
EVA-0002,80,87,20,37.1,98,-37.4,898,29.6,8.7,scrubber_exhaustion
EVA-0002,85,93,19,37.1,98,-37.4,1033,29.6,9.8,scrubber_exhaustion
EVA-0002,90,95,20,37.1,98,-36.7,1088,29.6,10.9,scrubber_exhaustion
EVA-0002,95,92,19,37.1,98,-33.9,1154,29.6,9.7,scrubber_exhaustion
EVA-0002,100,90,18,37.1,98,-31.1,1275,29.6,7.8,scrubber_exhaustion
EVA-0002,105,86,20,37.1,99,-32.0,1343,29.6,8.8,scrubber_exhaustion
EVA-0002,110,91,20,37.2,98,-30.4,1453,29.6,10.5,scrubber_exhaustion
EVA-0002,115,91,20,37.2,98,-27.3,1564,29.6,10.8,scrubber_exhaustion
EVA-0002,120,91,19,37.1,98,-26.9,1677,29.6,9.9,scrubber_exhaustion
EVA-0002,125,95,19,37.2,98,-24.6,1718,29.7,11.1,scrubber_exhaustion
EVA-0002,130,100,20,37.1,98,-24.2,1950,29.6,12.5,scrubber_exhaustion
EVA-0002,135,100,21,37.2,98,-22.3,2079,29.5,14.0,scrubber_exhaustion
EVA-0002,140,98,20,37.2,98,-23.4,2216,29.5,13.3,scrubber_exhaustion
EVA-0002,145,94,22,37.2,98,-21.4,2529,29.6,15.0,scrubber_exhaustion
EVA-0002,150,97,21,37.2,98,-20.9,2722,29.6,13.7,scrubber_exhaustion
EVA-0002,155,101,22,37.3,97,-21.4,2908,29.6,18.2,scrubber_exhaustion
EVA-0002,160,100,23,37.3,98,-21.3,3071,29.6,17.9,scrubber_exhaustion
EVA-0002,165,98,24,37.3,98,-18.3,3345,29.5,18.6,scrubber_exhaustion
EVA-0002,170,97,21,37.3,98,-19.2,3520,29.6,14.9,scrubber_exhaustion
EVA-0002,175,94,24,37.3,98,-19.9,3775,29.7,16.1,scrubber_exhaustion
EVA-0002,180,93,23,37.3,97,-18.8,3974,29.6,17.2,scrubber_exhaustion
EVA-0002,185,95,24,37.2,97,-17.4,4310,29.6,17.2,scrubber_exhaustion
EVA-0002,190,98,24,37.4,97,-21.8,4576,29.6,20.2,scrubber_exhaustion
EVA-0002,195,98,25,37.2,97,-21.2,4806,29.6,18.6,scrubber_exhaustion
EVA-0002,200,102,25,37.3,97,-21.0,5166,29.6,21.5,scrubber_exhaustion
EVA-0002,205,105,27,37.5,98,-18.8,5479,29.7,25.1,scrubber_exhaustion
EVA-0002,210,105,27,37.5,97,-20.9,5890,29.7,26.8,scrubber_exhaustion
EVA-0002,215,110,29,37.5,97,-21.2,6187,29.6,28.7,scrubber_exhaustion
EVA-0002,220,112,28,37.5,97,-24.4,6497,29.7,30.2,scrubber_exhaustion
EVA-0002,225,112,29,37.7,97,-25.4,6869,29.6,32.6,scrubber_exhaustion
EVA-0002,230,121,30,37.6,97,-24.7,7233,29.7,34.3,scrubber_exhaustion
EVA-0002,235,122,32,37.8,97,-26.4,7606,29.6,39.5,scrubber_exhaustion
EVA-0002,240,121,33,37.7,97,-27.1,7963,29.6,39.6,scrubber_exhaustion
EVA-0002,245,127,33,37.8,97,-29.4,8413,29.6,42.1,scrubber_exhaustion
EVA-0002,250,133,34,37.9,97,-30.3,8806,29.7,45.5,scrubber_exhaustion
EVA-0002,255,138,34,37.9,97,-31.9,9215,29.6,45.4,scrubber_exhaustion
EVA-0002,260,141,36,37.9,96,-32.7,9737,29.6,48.4,scrubber_exhaustion
EVA-0002,265,146,36,38.0,96,-34.3,10187,29.6,50.8,scrubber_exhaustion
EVA-0002,270,150,37,38.0,96,-38.8,10557,29.6,53.1,scrubber_exhaustion
EVA-0003,0,86,19,36.9,98,-68.0,643,29.6,8.5,heater_failure
EVA-0003,5,89,19,36.8,98,-69.1,586,29.6,10.4,heater_failure
EVA-0003,10,97,18,36.9,98,-68.7,635,29.5,9.6,heater_failure
EVA-0003,15,97,20,36.9,98,-68.4,687,29.5,11.1,heater_failure
EVA-0003,20,102,20,36.8,98,-68.0,708,29.5,14.0,heater_failure
EVA-0003,25,107,19,36.9,99,-65.6,722,29.5,12.7,heater_failure
EVA-0003,30,106,21,36.8,98,-70.2,655,29.6,16.3,heater_failure
EVA-0003,35,108,21,36.8,98,-69.5,764,29.7,16.3,heater_failure
EVA-0003,40,116,22,36.9,98,-67.6,701,29.6,17.1,heater_failure
EVA-0003,45,109,22,36.8,98,-66.7,777,29.7,17.2,heater_failure
EVA-0003,50,109,22,36.9,99,-65.8,760,29.6,15.3,heater_failure
EVA-0003,55,113,23,36.9,98,-66.0,709,29.6,17.1,heater_failure
EVA-0003,60,113,23,36.8,98,-66.9,769,29.6,18.3,heater_failure
EVA-0003,65,112,20,36.7,98,-65.2,811,29.6,16.2,heater_failure
EVA-0003,70,113,22,36.8,98,-65.3,833,29.6,17.4,heater_failure
EVA-0003,75,122,23,36.9,98,-66.4,810,29.6,19.0,heater_failure
EVA-0003,80,120,22,36.7,98,-65.5,897,29.6,19.9,heater_failure
EVA-0003,85,120,24,36.8,98,-66.5,885,29.6,20.7,heater_failure
EVA-0003,90,124,25,36.6,98,-67.7,839,29.6,23.8,heater_failure
EVA-0003,95,122,23,36.8,98,-66.4,896,29.6,20.7,heater_failure
EVA-0003,100,120,24,36.6,98,-67.4,961,29.6,22.6,heater_failure
EVA-0003,105,121,23,36.6,98,-67.8,973,29.6,22.0,heater_failure
EVA-0003,110,115,23,36.7,98,-66.4,841,29.6,19.8,heater_failure
EVA-0003,115,124,25,36.4,98,-71.5,866,29.6,27.4,heater_failure
EVA-0003,120,129,23,36.3,98,-70.7,986,29.6,27.9,heater_failure
EVA-0003,125,125,24,36.3,98,-70.8,883,29.6,28.2,heater_failure
EVA-0003,130,126,22,36.2,98,-70.3,882,29.6,27.8,heater_failure
EVA-0003,135,120,24,36.2,98,-70.6,931,29.7,28.5,heater_failure
EVA-0003,140,123,22,35.8,98,-72.6,983,29.7,31.4,heater_failure
EVA-0003,145,124,22,35.8,98,-72.5,971,29.6,31.3,heater_failure
EVA-0003,150,124,22,35.8,98,-72.9,958,29.7,32.2,heater_failure
EVA-0003,155,121,20,36.0,97,-69.4,968,29.6,29.0,heater_failure
EVA-0003,160,113,21,35.9,98,-70.7,978,29.6,28.7,heater_failure
EVA-0003,165,121,20,35.5,98,-73.9,982,29.6,33.2,heater_failure
EVA-0003,170,120,20,35.4,98,-74.4,1135,29.6,34.9,heater_failure
EVA-0003,175,113,19,35.1,98,-75.9,1057,29.5,36.3,heater_failure
EVA-0003,180,103,18,34.9,98,-77.3,1095,29.6,35.1,heater_failure
EVA-0003,185,115,20,35.1,98,-75.7,1045,29.5,37.1,heater_failure
EVA-0004,0,76,12,37.1,97,-51.4,475,29.7,3.5,seal_leak
EVA-0004,5,73,12,37.2,97,-49.4,549,29.6,4.1,seal_leak
EVA-0004,10,73,14,37.2,98,-49.1,492,29.6,3.2,seal_leak
EVA-0004,15,72,14,37.1,97,-48.3,586,29.6,2.7,seal_leak
EVA-0004,20,73,13,37.2,98,-45.0,510,29.6,2.5,seal_leak
EVA-0004,25,76,13,37.2,97,-45.7,548,29.7,4.0,seal_leak
EVA-0004,30,83,13,37.2,98,-41.6,555,29.6,5.0,seal_leak
EVA-0004,35,81,14,37.1,97,-43.0,652,29.5,5.3,seal_leak
EVA-0004,40,85,14,37.2,98,-39.7,616,29.6,5.7,seal_leak
EVA-0004,45,86,15,37.1,98,-40.2,594,29.6,5.5,seal_leak
EVA-0004,50,88,15,37.3,97,-38.2,626,29.5,8.6,seal_leak
EVA-0004,55,89,15,37.1,97,-39.0,515,29.3,9.5,seal_leak
EVA-0004,60,95,15,37.2,97,-37.9,605,29.2,11.0,seal_leak
EVA-0004,65,96,16,37.2,96,-35.2,692,29.0,13.8,seal_leak
EVA-0004,70,92,17,37.3,97,-33.3,614,28.9,13.5,seal_leak
EVA-0004,75,94,16,37.2,96,-33.3,612,28.6,12.9,seal_leak
EVA-0004,80,100,18,37.2,96,-33.8,631,28.5,16.4,seal_leak
EVA-0004,85,101,18,37.2,95,-32.8,645,28.3,19.2,seal_leak
EVA-0004,90,107,18,37.2,95,-31.9,531,28.1,21.9,seal_leak
EVA-0004,95,106,18,37.2,95,-31.3,543,27.9,20.7,seal_leak
EVA-0004,100,114,20,37.1,95,-28.2,615,27.6,23.6,seal_leak
EVA-0004,105,106,20,37.1,94,-26.1,580,27.3,22.7,seal_leak
EVA-0004,110,111,18,37.0,93,-26.7,653,27.1,25.0,seal_leak
EVA-0004,115,110,20,37.0,93,-28.7,592,26.8,26.5,seal_leak
EVA-0004,120,113,19,36.9,93,-25.5,533,26.5,28.1,seal_leak
EVA-0004,125,114,20,37.0,92,-24.9,555,26.2,30.6,seal_leak
EVA-0004,130,110,21,36.9,91,-21.8,502,25.9,31.6,seal_leak
EVA-0004,135,122,21,37.0,91,-25.6,587,25.6,34.9,seal_leak
EVA-0004,140,124,22,36.8,90,-24.0,586,25.4,39.7,seal_leak
EVA-0004,145,120,21,36.8,90,-21.3,575,25.1,40.1,seal_leak
EVA-0004,150,122,21,36.8,89,-22.7,620,24.6,41.1,seal_leak
EVA-0004,155,125,21,36.8,89,-22.5,620,24.4,44.0,seal_leak
EVA-0004,160,123,21,36.6,88,-23.1,573,24.0,47.0,seal_leak
EVA-0004,165,124,23,36.6,88,-23.0,509,23.7,50.3,seal_leak
EVA-0004,170,122,23,36.6,87,-22.6,588,23.3,52.3,seal_leak
EVA-0004,175,131,24,36.6,86,-24.9,581,22.9,57.0,seal_leak
EVA-0004,180,132,25,36.5,86,-23.2,569,22.5,60.4,seal_leak
EVA-0004,185,128,22,36.4,85,-26.4,583,22.2,59.4,seal_leak
EVA-0004,190,136,23,36.3,85,-24.9,518,21.9,64.2,seal_leak
EVA-0004,195,136,23,36.3,84,-25.8,599,21.4,63.5,seal_leak
EVA-0004,200,138,24,36.3,83,-27.4,513,21.1,64.7,seal_leak
EVA-0004,205,142,24,36.2,83,-27.5,552,20.7,66.6,seal_leak
EVA-0004,210,141,24,36.1,82,-29.1,483,20.2,68.2,seal_leak
EVA-0004,215,148,24,36.2,81,-30.5,496,19.8,68.7,seal_leak
EVA-0005,0,69,16,37.2,99,-62.6,700,29.6,4.8,heater_failure
EVA-0005,5,74,17,37.2,99,-63.4,728,29.6,5.8,heater_failure
EVA-0005,10,85,19,37.4,99,-62.3,729,29.6,11.2,heater_failure
EVA-0005,15,80,18,37.4,99,-62.2,829,29.6,9.6,heater_failure
EVA-0005,20,91,18,37.3,99,-63.0,744,29.5,11.1,heater_failure
EVA-0005,25,88,19,37.3,99,-64.2,780,29.6,11.0,heater_failure
EVA-0005,30,87,19,37.1,99,-66.8,829,29.6,8.0,heater_failure
EVA-0005,35,89,20,37.2,99,-63.8,891,29.7,10.8,heater_failure
EVA-0005,40,89,20,37.2,99,-63.6,806,29.6,10.9,heater_failure
EVA-0005,45,91,19,37.1,99,-64.8,836,29.6,9.3,heater_failure
EVA-0005,50,92,21,37.0,99,-67.0,826,29.6,10.6,heater_failure
EVA-0005,55,86,20,37.0,99,-65.6,941,29.6,8.4,heater_failure
EVA-0005,60,87,20,37.0,99,-65.8,911,29.6,8.3,heater_failure
EVA-0005,65,82,18,36.9,99,-65.4,966,29.6,5.8,heater_failure
EVA-0005,70,84,17,36.4,99,-68.7,1036,29.6,13.1,heater_failure
EVA-0005,75,71,18,36.5,98,-68.3,999,29.6,9.4,heater_failure
EVA-0005,80,79,16,36.3,99,-67.5,1060,29.6,11.3,heater_failure
EVA-0005,85,71,16,36.2,98,-68.6,1059,29.6,12.2,heater_failure
EVA-0005,90,71,15,36.0,99,-70.2,1124,29.6,12.8,heater_failure
EVA-0005,95,71,15,36.1,99,-68.6,1138,29.6,12.6,heater_failure
EVA-0006,0,88,18,36.9,98,-49.0,647,29.6,7.6,scrubber_exhaustion
EVA-0006,5,96,18,36.9,98,-50.1,717,29.6,9.3,scrubber_exhaustion
EVA-0006,10,95,18,36.9,98,-52.9,726,29.6,8.5,scrubber_exhaustion
EVA-0006,15,97,20,36.9,98,-54.5,719,29.6,10.6,scrubber_exhaustion
EVA-0006,20,98,19,37.0,98,-56.6,697,29.7,9.2,scrubber_exhaustion
EVA-0006,25,103,18,37.0,99,-55.9,752,29.6,9.0,scrubber_exhaustion
EVA-0006,30,101,19,37.0,98,-56.9,757,29.6,10.0,scrubber_exhaustion
EVA-0006,35,103,19,37.0,98,-58.3,714,29.6,10.3,scrubber_exhaustion
EVA-0006,40,108,20,37.0,98,-58.3,722,29.5,12.9,scrubber_exhaustion
EVA-0006,45,112,21,37.0,98,-60.1,828,29.6,14.0,scrubber_exhaustion
EVA-0006,50,113,21,37.1,98,-60.3,699,29.6,14.8,scrubber_exhaustion
EVA-0006,55,112,23,37.2,98,-60.7,840,29.5,18.9,scrubber_exhaustion
EVA-0006,60,117,22,37.1,98,-61.4,823,29.7,16.7,scrubber_exhaustion
EVA-0006,65,113,22,37.1,98,-61.8,917,29.6,16.7,scrubber_exhaustion
EVA-0006,70,111,20,37.1,98,-58.3,850,29.6,14.5,scrubber_exhaustion
EVA-0006,75,112,21,37.1,98,-61.1,916,29.6,15.2,scrubber_exhaustion
EVA-0006,80,118,22,37.2,98,-60.7,892,29.6,18.6,scrubber_exhaustion
EVA-0006,85,113,21,37.0,98,-58.6,1006,29.6,14.5,scrubber_exhaustion
EVA-0006,90,111,19,37.1,98,-57.8,1207,29.6,12.7,scrubber_exhaustion
EVA-0006,95,114,21,37.0,98,-58.7,1413,29.6,14.6,scrubber_exhaustion
EVA-0006,100,120,22,37.1,98,-54.4,1828,29.6,17.2,scrubber_exhaustion
EVA-0006,105,109,22,37.1,98,-54.4,2181,29.6,16.2,scrubber_exhaustion
EVA-0006,110,117,23,37.2,98,-54.1,2775,29.5,20.5,scrubber_exhaustion
EVA-0006,115,118,25,37.3,97,-49.8,3435,29.5,23.9,scrubber_exhaustion
EVA-0006,120,120,26,37.4,97,-48.8,4152,29.6,26.9,scrubber_exhaustion
EVA-0006,125,124,28,37.4,98,-49.3,5036,29.6,28.5,scrubber_exhaustion
EVA-0006,130,130,30,37.5,97,-43.9,5842,29.5,35.0,scrubber_exhaustion
EVA-0006,135,137,33,37.7,97,-43.5,6842,29.6,42.2,scrubber_exhaustion
EVA-0006,140,149,34,37.8,97,-42.6,7988,29.6,46.3,scrubber_exhaustion
EVA-0006,145,159,37,37.8,96,-39.0,9293,29.5,51.3,scrubber_exhaustion
EVA-0006,150,171,40,38.0,96,-39.1,10619,29.6,56.1,scrubber_exhaustion
EVA-0007,0,77,18,37.1,99,-54.4,611,29.6,5.5,nominal
EVA-0007,5,80,19,37.1,99,-57.1,769,29.6,6.3,nominal
EVA-0007,10,86,19,37.2,98,-59.5,727,29.6,10.0,nominal
EVA-0007,15,91,20,37.2,99,-59.6,789,29.6,11.8,nominal
EVA-0007,20,84,19,37.2,98,-59.8,764,29.6,8.3,nominal
EVA-0007,25,88,18,37.1,99,-59.2,785,29.7,7.5,nominal
EVA-0007,30,93,19,37.2,98,-62.6,793,29.6,10.7,nominal
EVA-0007,35,99,20,37.1,99,-62.0,821,29.6,11.8,nominal
EVA-0007,40,96,20,37.3,99,-61.6,905,29.7,13.6,nominal
EVA-0007,45,101,22,37.3,98,-65.6,859,29.6,15.7,nominal
EVA-0007,50,106,21,37.2,98,-61.7,757,29.6,16.1,nominal
EVA-0007,55,98,22,37.3,98,-64.4,861,29.5,15.1,nominal
EVA-0007,60,106,22,37.3,99,-62.5,905,29.6,17.0,nominal
EVA-0007,65,106,23,37.3,98,-62.4,920,29.5,18.3,nominal
EVA-0007,70,111,24,37.4,98,-61.0,860,29.7,21.9,nominal
EVA-0007,75,112,24,37.4,98,-61.1,944,29.6,21.6,nominal
EVA-0007,80,110,24,37.4,98,-64.0,946,29.6,21.5,nominal
EVA-0007,85,108,23,37.4,98,-61.3,1033,29.6,20.0,nominal
EVA-0007,90,113,23,37.3,98,-59.3,896,29.5,20.5,nominal
EVA-0007,95,112,24,37.3,99,-58.7,920,29.6,20.1,nominal
EVA-0007,100,108,23,37.3,98,-56.7,942,29.6,18.7,nominal
EVA-0007,105,107,22,37.4,99,-55.1,946,29.6,18.5,nominal
EVA-0007,110,110,23,37.3,98,-54.0,941,29.6,19.6,nominal
EVA-0007,115,104,21,37.2,98,-53.5,869,29.7,15.3,nominal
EVA-0007,120,103,22,37.3,99,-54.0,987,29.6,16.3,nominal
EVA-0007,125,102,22,37.2,98,-50.7,1036,29.6,16.1,nominal
EVA-0007,130,104,21,37.3,99,-48.0,1009,29.6,16.5,nominal
EVA-0007,135,95,22,37.2,98,-48.1,1132,29.7,13.6,nominal
EVA-0007,140,93,20,37.2,98,-44.3,1058,29.6,11.0,nominal
EVA-0007,145,94,20,37.3,98,-42.2,1128,29.5,12.9,nominal
EVA-0007,150,93,20,37.3,99,-41.4,1094,29.6,12.4,nominal
EVA-0007,155,85,19,37.1,98,-43.4,1133,29.6,8.3,nominal
EVA-0007,160,83,19,37.1,98,-39.5,1121,29.6,8.2,nominal
EVA-0007,165,87,19,37.2,98,-33.9,1182,29.6,9.5,nominal
EVA-0008,0,84,16,36.9,98,-68.2,781,29.6,4.4,heater_failure
EVA-0008,5,84,16,36.9,98,-69.1,794,29.6,4.2,heater_failure
EVA-0008,10,93,18,36.9,99,-69.4,826,29.6,8.7,heater_failure
EVA-0008,15,94,16,36.8,99,-67.6,792,29.6,8.2,heater_failure
EVA-0008,20,95,17,36.8,99,-69.5,859,29.7,8.8,heater_failure
EVA-0008,25,91,18,36.9,98,-67.4,817,29.6,7.7,heater_failure
EVA-0008,30,92,17,36.8,98,-68.1,839,29.7,9.4,heater_failure
EVA-0008,35,95,18,36.8,98,-68.4,781,29.6,10.7,heater_failure
EVA-0008,40,91,18,36.7,99,-68.4,923,29.6,10.8,heater_failure
EVA-0008,45,95,19,36.9,98,-68.8,855,29.7,10.0,heater_failure
EVA-0008,50,97,19,36.9,98,-67.2,873,29.6,10.9,heater_failure
EVA-0008,55,103,20,36.8,99,-69.5,776,29.5,13.3,heater_failure
EVA-0008,60,102,19,36.8,99,-70.3,819,29.7,12.6,heater_failure
EVA-0008,65,94,19,36.8,98,-67.6,919,29.6,10.9,heater_failure
EVA-0008,70,105,19,36.8,98,-67.5,884,29.6,13.9,heater_failure
EVA-0008,75,98,19,36.8,98,-67.6,792,29.6,12.5,heater_failure
EVA-0008,80,103,19,36.7,98,-67.6,933,29.6,13.6,heater_failure
EVA-0008,85,106,20,36.9,99,-68.4,869,29.6,13.0,heater_failure
EVA-0008,90,100,19,36.8,99,-67.0,965,29.6,12.2,heater_failure
EVA-0008,95,104,20,36.7,99,-67.9,905,29.6,15.3,heater_failure
EVA-0008,100,105,20,36.7,99,-68.4,925,29.6,15.2,heater_failure
EVA-0008,105,105,19,36.6,98,-68.1,977,29.6,15.5,heater_failure
EVA-0008,110,104,19,36.9,99,-65.2,891,29.6,12.4,heater_failure
EVA-0008,115,106,19,36.5,98,-69.6,894,29.5,16.8,heater_failure
EVA-0008,120,103,20,36.7,98,-66.9,937,29.6,15.8,heater_failure
EVA-0008,125,101,20,36.6,98,-69.4,991,29.6,16.0,heater_failure
EVA-0008,130,104,19,36.6,98,-67.4,901,29.6,15.0,heater_failure
EVA-0008,135,106,21,36.6,99,-67.8,893,29.6,17.2,heater_failure
EVA-0008,140,105,19,36.4,98,-69.7,1013,29.6,17.8,heater_failure
EVA-0008,145,99,18,36.6,98,-66.6,956,29.6,13.7,heater_failure
EVA-0008,150,96,20,36.5,99,-67.5,973,29.6,15.9,heater_failure
EVA-0008,155,102,19,36.3,98,-69.4,915,29.7,18.1,heater_failure
EVA-0008,160,98,19,36.7,98,-65.8,975,29.6,13.1,heater_failure
EVA-0008,165,101,19,36.6,99,-65.0,1013,29.6,14.3,heater_failure
EVA-0008,170,100,20,36.6,98,-64.9,1063,29.6,15.3,heater_failure
EVA-0008,175,96,19,36.5,98,-66.2,994,29.6,14.8,heater_failure
EVA-0008,180,98,17,36.5,98,-66.5,1111,29.7,13.9,heater_failure
EVA-0008,185,101,19,36.6,99,-64.9,1013,29.6,14.6,heater_failure
EVA-0008,190,100,19,36.7,98,-64.4,1020,29.5,13.6,heater_failure
EVA-0008,195,95,20,36.6,99,-64.9,1128,29.6,15.3,heater_failure
EVA-0008,200,104,19,36.4,98,-67.4,1076,29.6,18.0,heater_failure
EVA-0008,205,97,17,36.4,99,-65.9,1049,29.6,14.4,heater_failure
EVA-0008,210,94,18,36.4,98,-65.6,1074,29.6,14.8,heater_failure
EVA-0008,215,98,19,36.2,98,-68.2,1149,29.6,19.2,heater_failure
EVA-0008,220,92,19,36.5,98,-65.4,1162,29.5,14.7,heater_failure
EVA-0008,225,90,19,36.6,98,-63.2,1067,29.6,13.1,heater_failure
EVA-0008,230,96,17,36.4,98,-65.1,1109,29.5,14.8,heater_failure
EVA-0008,235,88,18,36.5,98,-64.0,1123,29.6,12.6,heater_failure
EVA-0008,240,99,17,36.4,98,-65.5,1082,29.7,14.7,heater_failure
EVA-0008,245,94,18,36.2,98,-65.7,1131,29.5,17.1,heater_failure
EVA-0008,250,88,16,36.4,99,-65.1,1141,29.5,12.8,heater_failure
EVA-0008,255,95,16,36.1,98,-66.5,1200,29.6,17.5,heater_failure
EVA-0008,260,97,16,36.1,99,-66.6,1210,29.6,17.5,heater_failure
EVA-0008,265,86,17,36.4,98,-63.9,1149,29.6,12.6,heater_failure
EVA-0008,270,85,17,36.4,98,-63.8,1161,29.7,12.1,heater_failure
EVA-0008,275,88,16,36.0,98,-66.5,1208,29.6,16.8,heater_failure
EVA-0008,280,85,15,36.4,98,-64.2,1160,29.6,11.2,heater_failure
EVA-0009,0,90,20,37.1,98,-69.3,585,29.6,9.5,nominal
EVA-0009,5,95,20,37.1,97,-72.7,601,29.6,12.1,nominal
EVA-0009,10,96,22,37.2,98,-71.0,696,29.7,14.6,nominal
EVA-0009,15,101,23,37.1,98,-75.6,685,29.6,15.6,nominal
EVA-0009,20,104,23,37.2,98,-76.7,595,29.6,16.8,nominal
EVA-0009,25,104,24,37.2,98,-77.9,651,29.6,17.7,nominal
EVA-0009,30,108,23,37.3,98,-74.0,793,29.6,19.1,nominal
EVA-0009,35,105,26,37.2,98,-75.9,762,29.6,19.7,nominal
EVA-0009,40,107,24,37.3,98,-77.2,729,29.6,19.3,nominal
EVA-0009,45,114,25,37.2,98,-75.0,775,29.6,21.3,nominal
EVA-0009,50,112,24,37.4,98,-75.0,802,29.6,21.8,nominal
EVA-0009,55,114,24,37.3,98,-72.7,854,29.7,21.9,nominal
EVA-0009,60,110,24,37.2,98,-75.8,779,29.6,19.8,nominal
EVA-0009,65,106,23,37.2,98,-73.1,821,29.6,16.9,nominal
EVA-0009,70,108,24,37.2,98,-71.9,890,29.6,19.3,nominal
EVA-0009,75,103,23,37.2,98,-72.1,893,29.6,16.9,nominal
EVA-0009,80,101,22,37.1,98,-66.8,942,29.6,15.1,nominal
EVA-0009,85,96,21,37.1,98,-66.7,880,29.6,12.5,nominal
EVA-0009,90,95,21,37.1,97,-63.7,970,29.6,14.3,nominal
EVA-0009,95,92,20,37.1,98,-59.9,1023,29.6,10.3,nominal
EVA-0009,100,87,20,37.0,98,-61.3,1014,29.6,8.2,nominal
EVA-0009,105,84,19,37.0,98,-59.7,1018,29.6,6.5,nominal
EVA-0009,110,81,21,37.0,98,-57.3,1026,29.6,7.9,nominal
EVA-0010,0,94,16,36.8,98,-76.8,642,29.5,8.3,heater_failure
EVA-0010,5,96,18,36.8,98,-76.0,593,29.6,10.0,heater_failure
EVA-0010,10,97,18,36.6,98,-75.0,640,29.7,13.1,heater_failure
EVA-0010,15,105,17,36.6,99,-75.7,657,29.6,13.9,heater_failure
EVA-0010,20,107,18,36.5,99,-75.3,712,29.6,16.0,heater_failure
EVA-0010,25,113,19,36.6,99,-74.2,655,29.6,17.0,heater_failure
EVA-0010,30,112,20,36.5,98,-72.7,768,29.6,18.4,heater_failure
EVA-0010,35,116,20,36.3,98,-73.9,764,29.6,21.7,heater_failure
EVA-0010,40,120,20,36.4,99,-72.4,705,29.6,21.2,heater_failure
EVA-0010,45,119,21,36.4,99,-70.7,840,29.6,22.3,heater_failure
EVA-0010,50,121,20,36.2,99,-73.4,907,29.6,24.3,heater_failure
EVA-0010,55,124,20,36.1,98,-72.0,873,29.6,25.6,heater_failure
EVA-0010,60,112,19,36.2,98,-70.4,913,29.6,21.3,heater_failure
EVA-0010,65,118,19,35.9,99,-72.2,873,29.6,26.0,heater_failure
EVA-0010,70,119,18,35.8,99,-72.4,816,29.6,27.5,heater_failure
EVA-0010,75,115,16,35.9,98,-70.5,828,29.6,23.6,heater_failure
EVA-0010,80,117,17,35.7,98,-72.4,944,29.6,27.7,heater_failure
EVA-0010,85,114,17,35.7,98,-70.9,927,29.6,27.5,heater_failure
EVA-0010,90,113,16,35.5,98,-72.0,933,29.5,27.9,heater_failure
EVA-0010,95,104,15,35.2,98,-73.3,993,29.6,29.0,heater_failure
EVA-0010,100,99,15,35.2,98,-72.7,1044,29.6,27.8,heater_failure
EVA-0011,0,95,17,37.0,97,-49.4,740,29.6,9.5,nominal
EVA-0011,5,97,17,37.1,97,-51.8,713,29.5,10.3,nominal
EVA-0011,10,103,16,37.1,98,-50.8,780,29.5,10.2,nominal
EVA-0011,15,106,18,37.1,97,-52.0,775,29.6,12.2,nominal
EVA-0011,20,112,20,37.1,97,-52.3,765,29.6,16.3,nominal
EVA-0011,25,117,19,37.1,97,-53.8,827,29.6,18.0,nominal
EVA-0011,30,120,20,37.2,97,-55.7,836,29.6,18.2,nominal
EVA-0011,35,120,21,37.3,98,-58.8,929,29.6,19.0,nominal
EVA-0011,40,120,20,37.4,97,-60.6,950,29.6,20.1,nominal
EVA-0011,45,122,21,37.3,98,-61.4,902,29.6,21.0,nominal
EVA-0011,50,121,20,37.2,97,-62.8,951,29.6,18.0,nominal
EVA-0011,55,118,20,37.3,97,-65.6,899,29.6,19.6,nominal
EVA-0011,60,119,21,37.3,97,-66.3,981,29.6,22.2,nominal
EVA-0011,65,119,21,37.2,98,-69.7,1041,29.6,17.8,nominal
EVA-0011,70,118,20,37.2,97,-72.7,1080,29.6,18.7,nominal
EVA-0011,75,117,19,37.3,98,-74.1,1031,29.7,17.4,nominal
EVA-0011,80,111,19,37.2,97,-75.7,1130,29.6,16.5,nominal
EVA-0011,85,114,19,37.1,97,-77.6,1035,29.6,15.4,nominal
EVA-0011,90,113,19,37.2,97,-77.7,1067,29.6,16.1,nominal
EVA-0011,95,109,18,37.1,97,-82.6,1175,29.7,12.8,nominal
EVA-0011,100,106,18,37.1,97,-83.6,1238,29.6,12.6,nominal
EVA-0011,105,105,18,37.2,97,-84.6,1205,29.5,13.7,nominal
EVA-0012,0,87,18,36.9,98,-32.4,837,29.6,7.5,nominal
EVA-0012,5,92,18,37.0,98,-32.1,768,29.6,8.2,nominal
EVA-0012,10,100,18,36.9,97,-37.9,874,29.5,11.0,nominal
EVA-0012,15,101,19,37.0,98,-37.4,954,29.7,10.2,nominal
EVA-0012,20,102,20,37.0,98,-41.5,882,29.6,12.7,nominal
EVA-0012,25,100,20,36.9,98,-44.2,893,29.6,11.4,nominal
EVA-0012,30,95,20,37.0,99,-46.0,926,29.6,9.8,nominal
EVA-0012,35,101,21,37.0,98,-48.4,1021,29.6,12.1,nominal
EVA-0012,40,109,21,37.0,97,-52.4,900,29.6,14.7,nominal
EVA-0012,45,104,21,37.1,98,-52.8,972,29.6,13.4,nominal
EVA-0012,50,105,22,37.1,98,-55.5,944,29.5,15.1,nominal
EVA-0012,55,104,21,37.1,98,-58.8,972,29.6,13.4,nominal
EVA-0012,60,104,21,37.1,98,-58.9,1011,29.6,13.8,nominal
EVA-0012,65,103,22,37.0,98,-58.2,1091,29.6,13.9,nominal
EVA-0012,70,108,21,37.0,98,-58.5,1128,29.6,13.6,nominal
EVA-0012,75,105,21,37.2,98,-60.1,1084,29.6,14.9,nominal
EVA-0012,80,106,21,37.0,98,-62.4,1063,29.6,13.6,nominal
EVA-0012,85,105,21,37.1,98,-60.1,1209,29.6,14.5,nominal
EVA-0012,90,108,20,37.0,98,-59.0,1095,29.6,13.2,nominal
EVA-0012,95,105,21,37.1,98,-58.1,1105,29.6,14.4,nominal
EVA-0012,100,104,22,37.0,98,-56.7,1068,29.6,13.8,nominal
EVA-0012,105,104,20,37.1,97,-55.5,1227,29.7,13.3,nominal
EVA-0012,110,99,20,37.0,98,-54.2,1225,29.6,10.7,nominal
EVA-0012,115,100,20,37.0,98,-52.6,1307,29.6,10.3,nominal
EVA-0012,120,97,19,36.9,98,-51.8,1152,29.6,9.6,nominal
EVA-0012,125,98,20,37.0,98,-46.7,1297,29.6,10.6,nominal
EVA-0013,0,85,15,36.9,98,-62.7,734,29.6,5.1,nominal
EVA-0013,5,90,16,37.1,98,-63.4,804,29.6,6.2,nominal
EVA-0013,10,91,16,36.9,98,-63.5,725,29.6,7.1,nominal
EVA-0013,15,99,17,37.0,98,-60.3,803,29.6,7.5,nominal
EVA-0013,20,102,19,37.1,98,-58.8,756,29.7,11.8,nominal
EVA-0013,25,100,20,37.2,98,-56.7,804,29.6,12.5,nominal
EVA-0013,30,100,18,37.1,98,-57.6,909,29.6,10.3,nominal
EVA-0013,35,106,19,37.2,98,-55.9,889,29.6,12.8,nominal
EVA-0013,40,106,19,37.2,98,-52.5,897,29.6,12.5,nominal
EVA-0013,45,109,20,37.1,98,-51.4,897,29.6,13.6,nominal
EVA-0013,50,114,20,37.2,98,-51.8,941,29.6,15.5,nominal
EVA-0013,55,107,20,37.1,98,-47.4,985,29.6,12.8,nominal
EVA-0013,60,105,20,37.1,98,-48.4,1035,29.6,12.2,nominal
EVA-0013,65,111,19,37.1,98,-45.8,893,29.6,14.3,nominal
EVA-0013,70,103,19,37.1,98,-41.7,994,29.6,11.8,nominal
EVA-0013,75,101,18,37.1,98,-40.0,1058,29.6,9.7,nominal
EVA-0013,80,97,17,37.0,98,-42.6,1067,29.6,7.2,nominal
EVA-0013,85,94,17,37.0,98,-40.8,1109,29.7,7.4,nominal
EVA-0013,90,85,16,36.9,98,-39.8,1123,29.6,4.7,nominal
EVA-0013,95,86,16,37.0,97,-37.4,1117,29.6,6.4,nominal
EVA-0013,100,77,15,36.9,98,-40.1,1127,29.7,3.0,nominal
EVA-0013,105,89,14,37.0,98,-40.3,1160,29.6,3.2,nominal
EVA-0014,0,72,19,37.2,98,-76.8,803,29.6,6.4,heater_failure
EVA-0014,5,75,20,37.1,98,-75.3,847,29.6,7.2,heater_failure
EVA-0014,10,76,18,37.2,98,-73.3,796,29.6,7.2,heater_failure
EVA-0014,15,77,20,37.1,98,-75.3,895,29.6,7.0,heater_failure
EVA-0014,20,77,19,37.1,98,-75.6,867,29.6,6.2,heater_failure
EVA-0014,25,81,19,37.1,98,-73.1,871,29.6,7.4,heater_failure
EVA-0014,30,84,19,37.1,98,-73.1,899,29.6,7.3,heater_failure
EVA-0014,35,85,21,37.0,98,-74.2,954,29.6,8.9,heater_failure
EVA-0014,40,88,21,37.0,98,-75.5,893,29.6,10.0,heater_failure
EVA-0014,45,83,20,37.0,99,-75.3,889,29.6,7.4,heater_failure
EVA-0014,50,88,19,37.0,98,-76.1,970,29.6,8.5,heater_failure
EVA-0014,55,87,20,36.9,98,-76.5,955,29.6,8.9,heater_failure
EVA-0014,60,93,21,36.8,98,-76.6,905,29.6,13.0,heater_failure
EVA-0014,65,84,22,36.8,98,-76.3,928,29.5,12.6,heater_failure
EVA-0014,70,87,22,36.7,98,-76.9,946,29.6,13.5,heater_failure
EVA-0014,75,90,21,36.7,98,-77.7,962,29.6,13.9,heater_failure
EVA-0014,80,93,22,36.8,98,-75.7,893,29.6,13.9,heater_failure
EVA-0014,85,97,22,36.7,98,-75.9,893,29.7,14.7,heater_failure
EVA-0014,90,91,22,36.6,98,-74.3,931,29.6,14.6,heater_failure
EVA-0014,95,93,21,36.5,98,-77.3,936,29.6,17.4,heater_failure
EVA-0014,100,96,23,36.6,98,-76.4,959,29.5,17.1,heater_failure
EVA-0014,105,94,20,36.5,98,-76.5,1025,29.6,16.0,heater_failure
EVA-0014,110,93,22,36.4,98,-77.4,998,29.6,19.4,heater_failure
EVA-0014,115,96,22,36.6,98,-76.4,1023,29.6,16.6,heater_failure
EVA-0014,120,97,21,36.4,98,-76.6,967,29.6,18.7,heater_failure
EVA-0014,125,96,23,36.3,98,-77.3,1010,29.6,21.2,heater_failure
EVA-0014,130,99,21,36.2,98,-78.2,1066,29.6,21.1,heater_failure
EVA-0014,135,101,21,36.1,98,-78.5,1075,29.6,23.3,heater_failure
EVA-0014,140,102,21,35.9,98,-79.9,1024,29.6,25.4,heater_failure
EVA-0014,145,101,22,36.1,98,-79.4,1073,29.6,24.1,heater_failure
EVA-0014,150,102,21,36.0,97,-79.4,1173,29.6,26.3,heater_failure
EVA-0014,155,106,21,35.9,98,-80.2,1082,29.5,26.7,heater_failure
EVA-0014,160,104,22,36.0,98,-78.5,1060,29.6,25.8,heater_failure
EVA-0014,165,105,23,35.9,98,-77.8,1092,29.6,28.3,heater_failure
EVA-0014,170,112,22,35.7,98,-80.5,1112,29.7,31.1,heater_failure
EVA-0014,175,108,22,35.6,98,-79.2,1110,29.6,30.6,heater_failure
EVA-0014,180,108,21,35.5,98,-81.0,1124,29.6,32.7,heater_failure
EVA-0014,185,111,21,35.4,97,-80.3,1069,29.6,35.1,heater_failure
EVA-0014,190,105,22,35.3,98,-80.9,1099,29.6,35.4,heater_failure
EVA-0014,195,108,21,35.4,98,-79.5,1144,29.5,32.0,heater_failure
EVA-0014,200,96,19,35.2,98,-81.2,1152,29.6,32.4,heater_failure
EVA-0014,205,100,21,35.2,98,-79.3,1143,29.6,34.2,heater_failure
EVA-0014,210,98,19,35.1,98,-80.9,1169,29.6,32.6,heater_failure
EVA-0014,215,88,19,35.1,98,-81.5,1188,29.6,31.7,heater_failure
EVA-0014,220,81,18,34.9,98,-82.3,1234,29.6,30.7,heater_failure
EVA-0014,225,84,17,34.9,98,-80.6,1198,29.6,30.7,heater_failure
EVA-0014,230,78,18,34.9,98,-79.9,1229,29.6,29.1,heater_failure
EVA-0014,235,83,19,34.9,98,-80.7,1195,29.7,31.5,heater_failure
EVA-0014,240,95,19,35.1,98,-78.5,1254,29.6,32.6,heater_failure
EVA-0014,245,82,16,34.9,98,-79.5,1254,29.6,28.5,heater_failure
EVA-0015,0,89,17,37.1,97,-73.8,562,29.6,8.4,nominal
EVA-0015,5,86,18,37.1,98,-75.1,634,29.6,7.6,nominal
EVA-0015,10,93,18,37.2,98,-76.3,564,29.6,9.4,nominal
EVA-0015,15,92,17,37.1,98,-76.7,611,29.6,7.7,nominal
EVA-0015,20,96,18,37.1,98,-75.8,609,29.6,9.3,nominal
EVA-0015,25,97,18,37.2,98,-78.6,546,29.6,10.5,nominal
EVA-0015,30,93,19,37.2,98,-77.4,698,29.7,9.9,nominal
EVA-0015,35,101,19,37.3,98,-77.8,639,29.6,13.0,nominal
EVA-0015,40,103,18,37.2,98,-73.9,690,29.6,12.3,nominal
EVA-0015,45,102,20,37.2,98,-74.4,634,29.6,13.5,nominal
EVA-0015,50,103,18,37.3,98,-77.4,672,29.5,13.2,nominal
EVA-0015,55,106,19,37.1,98,-75.7,652,29.6,12.0,nominal
EVA-0015,60,102,19,37.2,98,-73.1,758,29.6,12.5,nominal
EVA-0015,65,100,20,37.2,98,-72.5,727,29.7,12.9,nominal
EVA-0015,70,103,18,37.1,98,-72.4,741,29.6,11.7,nominal
EVA-0015,75,101,18,37.2,98,-67.2,797,29.6,11.4,nominal
EVA-0015,80,96,18,37.1,98,-67.9,799,29.6,9.1,nominal
EVA-0015,85,94,20,37.2,98,-66.4,793,29.6,11.8,nominal
EVA-0015,90,96,16,37.2,98,-66.5,706,29.6,9.0,nominal
EVA-0015,95,101,18,37.2,98,-63.4,750,29.6,10.8,nominal
EVA-0015,100,96,20,37.1,98,-63.4,748,29.6,11.0,nominal
EVA-0015,105,102,19,37.1,98,-62.0,837,29.6,11.5,nominal
EVA-0015,110,100,18,37.2,98,-59.7,823,29.6,11.3,nominal
EVA-0015,115,101,18,37.2,98,-61.3,764,29.6,11.3,nominal
EVA-0015,120,94,18,37.0,98,-56.3,830,29.6,8.3,nominal
EVA-0015,125,96,18,37.2,98,-57.0,782,29.6,10.8,nominal
EVA-0015,130,95,19,37.1,98,-54.9,858,29.7,10.1,nominal
EVA-0015,135,96,17,37.1,98,-56.9,798,29.6,8.6,nominal
EVA-0015,140,88,17,37.2,99,-56.2,907,29.6,7.5,nominal
EVA-0015,145,89,17,37.1,98,-56.0,912,29.6,6.7,nominal
EVA-0015,150,90,16,37.1,98,-54.0,992,29.7,5.6,nominal
EVA-0015,155,92,16,37.1,98,-54.1,956,29.6,6.3,nominal
EVA-0015,160,89,15,37.2,99,-54.7,910,29.6,6.0,nominal
EVA-0015,165,85,15,37.1,98,-55.6,977,29.6,4.9,nominal
EVA-0015,170,85,15,37.1,97,-56.2,889,29.6,5.2,nominal
EVA-0015,175,81,14,37.0,98,-55.2,920,29.6,1.7,nominal
EVA-0015,180,76,15,37.0,98,-56.3,989,29.6,1.2,nominal
EVA-0015,185,78,14,36.9,98,-57.4,889,29.6,1.4,nominal
EVA-0016,0,91,14,36.9,98,-47.8,660,29.6,4.7,nominal
EVA-0016,5,92,15,36.9,97,-49.4,657,29.6,6.5,nominal
EVA-0016,10,95,13,37.0,98,-50.1,672,29.6,4.8,nominal
EVA-0016,15,99,15,36.9,98,-49.9,679,29.6,6.9,nominal
EVA-0016,20,96,15,37.0,98,-49.9,688,29.6,5.6,nominal
EVA-0016,25,99,14,37.0,98,-49.8,690,29.6,4.8,nominal
EVA-0016,30,99,15,36.9,98,-50.5,718,29.6,6.2,nominal
EVA-0016,35,94,15,36.9,97,-50.7,748,29.6,7.5,nominal
EVA-0016,40,104,15,37.0,97,-49.1,666,29.5,8.5,nominal
EVA-0016,45,100,16,37.1,98,-49.7,681,29.7,9.4,nominal
EVA-0016,50,106,15,37.0,98,-47.7,657,29.6,7.5,nominal
EVA-0016,55,105,15,37.1,98,-48.8,782,29.6,7.7,nominal
EVA-0016,60,106,17,37.1,98,-49.0,762,29.6,11.0,nominal
EVA-0016,65,102,17,37.1,98,-50.3,781,29.6,9.3,nominal
EVA-0016,70,105,15,37.0,98,-49.8,701,29.6,8.6,nominal
EVA-0016,75,98,16,37.1,98,-49.5,853,29.6,7.4,nominal
EVA-0016,80,102,17,37.0,98,-49.3,753,29.6,8.9,nominal
EVA-0016,85,103,17,37.0,98,-50.6,795,29.6,8.6,nominal
EVA-0016,90,104,17,37.0,98,-49.5,833,29.5,9.0,nominal
EVA-0016,95,108,18,37.1,98,-51.2,758,29.7,11.3,nominal
EVA-0016,100,108,16,37.0,98,-50.6,785,29.6,9.8,nominal
EVA-0016,105,104,16,37.1,98,-52.6,825,29.6,9.6,nominal
EVA-0016,110,108,17,37.0,98,-54.6,953,29.5,9.4,nominal
EVA-0016,115,106,16,37.1,98,-52.6,845,29.6,8.8,nominal
EVA-0016,120,103,16,37.0,98,-52.5,911,29.6,8.0,nominal
EVA-0016,125,105,17,37.0,98,-53.2,901,29.7,8.9,nominal
EVA-0016,130,105,17,37.0,98,-53.9,870,29.6,9.2,nominal
EVA-0016,135,104,16,37.0,98,-55.4,816,29.6,9.0,nominal
EVA-0016,140,110,18,37.2,98,-56.5,916,29.6,12.5,nominal
EVA-0016,145,109,16,37.1,98,-55.4,808,29.6,11.0,nominal
EVA-0016,150,106,17,37.1,97,-56.2,955,29.6,11.8,nominal
EVA-0016,155,107,17,37.1,98,-57.9,899,29.7,11.0,nominal
EVA-0016,160,109,17,37.1,98,-56.6,779,29.5,12.1,nominal
EVA-0016,165,104,15,37.1,98,-59.6,890,29.5,9.1,nominal
EVA-0016,170,105,17,37.0,98,-59.8,942,29.5,8.9,nominal
EVA-0016,175,104,16,37.0,98,-57.8,909,29.6,7.7,nominal
EVA-0016,180,99,17,36.9,98,-59.3,960,29.6,8.2,nominal
EVA-0016,185,99,16,37.1,98,-61.4,896,29.5,7.7,nominal
EVA-0016,190,108,16,37.1,98,-61.3,883,29.6,10.5,nominal
EVA-0016,195,104,18,37.0,97,-62.1,946,29.5,10.9,nominal
EVA-0016,200,101,16,36.9,98,-66.2,958,29.6,8.6,nominal
EVA-0016,205,95,16,37.0,98,-64.6,948,29.6,6.4,nominal
EVA-0016,210,95,15,36.9,97,-64.2,1027,29.6,7.5,nominal
EVA-0016,215,93,15,36.9,98,-65.1,941,29.6,6.5,nominal
EVA-0016,220,97,15,37.0,98,-65.0,1000,29.6,6.4,nominal
EVA-0016,225,96,16,37.0,98,-64.5,997,29.5,6.6,nominal
EVA-0016,230,101,15,37.0,98,-66.8,931,29.6,7.0,nominal
EVA-0016,235,97,15,36.9,98,-68.2,949,29.6,6.7,nominal
EVA-0016,240,93,14,37.0,98,-67.1,1016,29.6,4.7,nominal
EVA-0016,245,93,15,36.9,98,-68.3,1112,29.6,5.8,nominal
EVA-0016,250,86,14,36.9,97,-68.6,1057,29.6,6.5,nominal
EVA-0016,255,90,14,36.9,98,-69.2,960,29.6,5.8,nominal
EVA-0016,260,89,15,36.9,98,-66.6,905,29.6,4.4,nominal
EVA-0016,265,91,13,36.9,97,-72.4,1086,29.6,6.4,nominal
EVA-0016,270,82,13,36.8,98,-70.5,1056,29.6,4.4,nominal
EVA-0016,275,91,12,36.9,98,-70.4,1119,29.7,3.8,nominal
EVA-0016,280,90,15,36.7,97,-71.7,1035,29.5,8.5,nominal
EVA-0016,285,88,13,36.8,98,-69.9,1098,29.6,5.3,nominal
EVA-0017,0,87,19,37.2,97,-71.7,814,29.6,11.8,heater_failure
EVA-0017,5,93,19,37.2,98,-73.6,765,29.6,12.0,heater_failure
EVA-0017,10,89,20,37.2,98,-73.3,770,29.5,11.7,heater_failure
EVA-0017,15,99,20,37.1,97,-71.8,866,29.6,13.2,heater_failure
EVA-0017,20,99,22,37.2,98,-73.1,859,29.6,15.6,heater_failure
EVA-0017,25,101,21,37.1,97,-74.8,854,29.6,15.1,heater_failure
EVA-0017,30,102,20,37.2,97,-72.3,875,29.7,15.2,heater_failure
EVA-0017,35,98,21,37.0,98,-73.9,752,29.5,12.3,heater_failure
EVA-0017,40,97,21,37.1,98,-70.1,909,29.6,13.4,heater_failure
EVA-0017,45,99,20,37.1,98,-71.7,873,29.6,12.6,heater_failure
EVA-0017,50,96,21,37.1,98,-72.8,908,29.6,11.9,heater_failure
EVA-0017,55,103,21,36.9,97,-72.4,887,29.6,15.1,heater_failure
EVA-0017,60,105,21,37.0,97,-73.7,879,29.6,14.3,heater_failure
EVA-0017,65,108,22,36.9,97,-72.6,872,29.6,16.5,heater_failure
EVA-0017,70,105,22,37.0,97,-69.9,908,29.6,15.7,heater_failure
EVA-0017,75,108,22,37.1,98,-68.2,885,29.6,15.7,heater_failure
EVA-0017,80,107,22,37.1,97,-69.8,945,29.7,16.4,heater_failure
EVA-0017,85,106,22,36.9,97,-70.6,842,29.6,16.1,heater_failure
EVA-0017,90,109,23,37.0,97,-70.8,896,29.6,16.6,heater_failure
EVA-0017,95,109,23,37.0,98,-71.2,1020,29.6,16.2,heater_failure
EVA-0017,100,108,22,36.9,98,-67.4,907,29.7,15.6,heater_failure
EVA-0017,105,105,22,36.9,98,-69.8,932,29.6,15.7,heater_failure
EVA-0017,110,105,21,37.1,98,-66.8,910,29.7,14.7,heater_failure
EVA-0017,115,109,22,37.0,98,-67.5,972,29.6,15.5,heater_failure
EVA-0017,120,109,21,36.7,97,-71.0,931,29.6,17.8,heater_failure
EVA-0017,125,105,23,36.9,97,-69.4,963,29.6,17.1,heater_failure
EVA-0017,130,112,22,36.8,98,-69.2,1017,29.6,18.3,heater_failure
EVA-0017,135,109,23,36.9,97,-68.2,954,29.6,18.0,heater_failure
EVA-0017,140,111,23,36.9,98,-68.0,1029,29.6,17.2,heater_failure
EVA-0017,145,117,24,37.2,98,-64.1,1037,29.6,20.1,heater_failure
EVA-0017,150,115,22,36.8,98,-68.7,1055,29.6,18.9,heater_failure
EVA-0017,155,117,24,36.9,98,-66.9,1021,29.7,19.4,heater_failure
EVA-0017,160,120,25,37.0,97,-66.2,1168,29.7,20.4,heater_failure
EVA-0017,165,116,25,37.0,97,-66.7,1077,29.6,21.1,heater_failure
EVA-0017,170,116,25,37.1,97,-66.3,1051,29.6,21.3,heater_failure
EVA-0017,175,117,24,36.8,97,-67.5,1004,29.7,21.9,heater_failure
EVA-0017,180,117,23,37.0,97,-65.9,1047,29.6,18.5,heater_failure
EVA-0017,185,111,24,37.0,97,-65.2,1122,29.6,18.6,heater_failure
EVA-0017,190,116,24,37.0,98,-65.2,1142,29.6,18.6,heater_failure
EVA-0017,195,115,24,37.0,97,-64.8,1139,29.6,19.7,heater_failure
EVA-0017,200,118,23,37.1,97,-63.6,1115,29.6,20.0,heater_failure
EVA-0017,205,115,23,37.0,98,-64.0,1031,29.6,17.5,heater_failure
EVA-0017,210,112,23,37.0,98,-64.8,1116,29.6,17.3,heater_failure
EVA-0017,215,115,24,36.9,97,-66.2,1046,29.6,20.4,heater_failure
EVA-0017,220,117,24,36.9,97,-65.4,1042,29.7,19.8,heater_failure
EVA-0017,225,112,23,36.9,97,-64.8,1127,29.5,18.0,heater_failure
EVA-0017,230,110,22,36.9,97,-64.1,1147,29.6,16.7,heater_failure
EVA-0017,235,105,24,36.9,98,-64.9,1171,29.6,17.2,heater_failure
EVA-0017,240,110,25,36.8,98,-65.3,1160,29.5,18.9,heater_failure
EVA-0017,245,111,23,36.9,97,-65.5,1169,29.6,18.9,heater_failure
EVA-0017,250,110,22,36.7,98,-66.0,1108,29.6,19.0,heater_failure
EVA-0017,255,106,22,36.8,97,-64.3,1155,29.6,18.2,heater_failure
EVA-0017,260,104,22,36.7,97,-65.7,1099,29.7,19.0,heater_failure
EVA-0017,265,101,22,36.8,98,-65.2,1084,29.7,16.1,heater_failure
EVA-0017,270,106,21,36.8,98,-64.4,1215,29.6,16.1,heater_failure
EVA-0017,275,103,21,36.6,96,-65.6,1155,29.6,21.0,heater_failure
EVA-0017,280,100,21,36.8,98,-63.5,1235,29.6,14.8,heater_failure
EVA-0017,285,98,21,37.0,98,-63.1,1253,29.6,11.8,heater_failure
EVA-0017,290,94,20,36.6,97,-64.7,1182,29.6,17.1,heater_failure
EVA-0018,0,83,15,37.0,98,-19.1,571,29.6,2.9,nominal
EVA-0018,5,89,14,37.1,98,-20.0,583,29.6,5.1,nominal
EVA-0018,10,94,17,37.1,97,-19.8,668,29.5,10.0,nominal
EVA-0018,15,96,16,37.1,98,-21.2,641,29.5,7.5,nominal
EVA-0018,20,92,18,37.2,97,-23.2,718,29.6,10.7,nominal
EVA-0018,25,93,17,37.2,98,-20.5,638,29.6,8.5,nominal
EVA-0018,30,92,16,37.2,98,-19.7,617,29.6,7.9,nominal
EVA-0018,35,94,16,37.2,98,-21.0,616,29.6,8.8,nominal
EVA-0018,40,93,16,37.1,97,-25.4,568,29.6,8.3,nominal
EVA-0018,45,97,18,37.2,98,-25.5,647,29.6,11.0,nominal
EVA-0018,50,99,18,37.1,98,-25.5,719,29.6,10.2,nominal
EVA-0018,55,101,18,37.1,97,-27.3,703,29.6,11.5,nominal
EVA-0018,60,102,18,37.2,98,-26.3,685,29.6,11.9,nominal
EVA-0018,65,104,18,37.3,98,-26.9,647,29.6,14.1,nominal
EVA-0018,70,109,19,37.3,98,-30.2,710,29.6,15.9,nominal
EVA-0018,75,114,19,37.3,98,-28.8,754,29.5,17.0,nominal
EVA-0018,80,104,18,37.3,97,-30.2,735,29.7,15.0,nominal
EVA-0018,85,105,19,37.4,98,-32.9,732,29.6,15.2,nominal
EVA-0018,90,107,19,37.3,98,-33.8,696,29.6,14.1,nominal
EVA-0018,95,109,18,37.3,98,-37.4,779,29.7,13.7,nominal
EVA-0018,100,110,18,37.2,98,-36.9,607,29.6,13.5,nominal
EVA-0018,105,109,20,37.3,98,-37.9,774,29.6,17.0,nominal
EVA-0018,110,108,19,37.2,98,-39.2,880,29.6,15.0,nominal
EVA-0018,115,106,19,37.2,98,-40.5,705,29.7,14.0,nominal
EVA-0018,120,104,17,37.3,98,-42.2,770,29.6,12.4,nominal
EVA-0018,125,107,19,37.3,98,-44.4,788,29.6,16.2,nominal
EVA-0018,130,111,19,37.3,98,-45.3,776,29.6,16.6,nominal
EVA-0018,135,107,19,37.3,98,-46.0,852,29.6,14.2,nominal
EVA-0018,140,107,19,37.3,98,-48.9,834,29.6,15.2,nominal
EVA-0018,145,105,19,37.3,97,-50.0,828,29.6,14.7,nominal
EVA-0018,150,109,17,37.3,97,-52.1,865,29.7,15.0,nominal
EVA-0018,155,108,19,37.3,98,-54.2,838,29.6,15.7,nominal
EVA-0018,160,107,19,37.3,98,-54.3,988,29.6,14.4,nominal
EVA-0018,165,100,18,37.3,98,-57.0,860,29.6,12.8,nominal
EVA-0018,170,97,17,37.2,98,-57.3,870,29.7,11.0,nominal
EVA-0018,175,103,17,37.2,98,-59.1,793,29.6,10.6,nominal
EVA-0018,180,92,18,37.2,98,-60.9,853,29.6,10.4,nominal
EVA-0018,185,102,18,37.3,97,-62.2,937,29.5,14.0,nominal
EVA-0018,190,91,17,37.2,98,-63.6,834,29.6,10.0,nominal
EVA-0018,195,95,15,37.2,97,-66.1,805,29.6,9.2,nominal
EVA-0018,200,89,16,37.1,98,-64.7,911,29.6,6.4,nominal
EVA-0018,205,93,16,37.1,98,-65.9,980,29.7,7.2,nominal
EVA-0018,210,98,16,37.1,98,-66.1,928,29.6,8.6,nominal
EVA-0018,215,86,17,37.2,98,-68.6,919,29.6,8.1,nominal
EVA-0018,220,93,14,37.1,97,-66.4,859,29.6,6.6,nominal
EVA-0018,225,87,16,37.1,98,-69.8,971,29.7,7.2,nominal
EVA-0018,230,94,16,37.1,98,-71.0,988,29.6,6.7,nominal
EVA-0018,235,92,15,37.1,98,-71.6,886,29.6,6.7,nominal
EVA-0018,240,91,16,37.1,98,-72.9,1026,29.6,7.5,nominal
EVA-0018,245,89,16,37.1,98,-69.3,1017,29.6,6.9,nominal
EVA-0018,250,94,15,37.2,98,-69.7,1042,29.6,7.9,nominal
EVA-0018,255,90,17,37.1,98,-70.7,1025,29.6,7.1,nominal
EVA-0018,260,94,17,37.1,98,-72.5,1036,29.7,7.9,nominal
EVA-0019,0,91,17,37.1,98,-46.1,620,29.6,8.0,scrubber_exhaustion
EVA-0019,5,95,17,37.0,98,-44.2,574,29.7,7.1,scrubber_exhaustion
EVA-0019,10,94,17,36.9,98,-45.5,582,29.6,7.9,scrubber_exhaustion
EVA-0019,15,98,17,37.0,98,-46.5,538,29.6,8.6,scrubber_exhaustion
EVA-0019,20,98,17,37.2,98,-50.4,647,29.6,9.4,scrubber_exhaustion
EVA-0019,25,99,18,37.1,98,-45.6,642,29.5,10.4,scrubber_exhaustion
EVA-0019,30,99,18,37.0,98,-49.8,687,29.6,8.5,scrubber_exhaustion
EVA-0019,35,100,19,37.1,98,-47.0,628,29.6,11.0,scrubber_exhaustion
EVA-0019,40,100,20,37.0,98,-51.9,640,29.6,11.3,scrubber_exhaustion
EVA-0019,45,107,20,37.2,98,-51.9,662,29.5,14.1,scrubber_exhaustion
EVA-0019,50,101,18,37.1,98,-54.3,703,29.6,9.4,scrubber_exhaustion
EVA-0019,55,107,18,37.1,98,-51.9,606,29.6,11.6,scrubber_exhaustion
EVA-0019,60,105,19,37.1,98,-54.4,713,29.5,11.2,scrubber_exhaustion
EVA-0019,65,106,19,37.1,98,-55.0,688,29.6,12.1,scrubber_exhaustion
EVA-0019,70,106,18,37.2,98,-56.0,655,29.6,12.6,scrubber_exhaustion
EVA-0019,75,109,20,37.1,98,-54.1,635,29.7,13.6,scrubber_exhaustion
EVA-0019,80,108,20,37.1,98,-54.8,761,29.6,13.7,scrubber_exhaustion
EVA-0019,85,111,22,37.1,98,-54.1,884,29.6,15.9,scrubber_exhaustion
EVA-0019,90,119,21,37.1,98,-57.7,960,29.6,16.1,scrubber_exhaustion
EVA-0019,95,116,22,37.1,98,-57.1,979,29.5,16.7,scrubber_exhaustion
EVA-0019,100,114,20,37.2,98,-59.4,1145,29.6,15.5,scrubber_exhaustion
EVA-0019,105,120,21,37.3,98,-58.8,1162,29.6,18.6,scrubber_exhaustion
EVA-0019,110,119,22,37.2,98,-59.4,1329,29.6,18.8,scrubber_exhaustion
EVA-0019,115,120,22,37.3,98,-58.7,1403,29.6,20.8,scrubber_exhaustion
EVA-0019,120,120,22,37.2,98,-58.4,1552,29.6,19.0,scrubber_exhaustion
EVA-0019,125,130,23,37.3,98,-58.7,1711,29.6,23.6,scrubber_exhaustion
EVA-0019,130,123,22,37.3,98,-61.2,1831,29.6,20.4,scrubber_exhaustion
EVA-0019,135,131,24,37.4,98,-59.3,2179,29.7,25.8,scrubber_exhaustion
EVA-0019,140,129,25,37.5,97,-60.7,2305,29.6,28.3,scrubber_exhaustion
EVA-0019,145,130,24,37.3,98,-61.2,2525,29.6,24.8,scrubber_exhaustion
EVA-0019,150,131,25,37.4,98,-61.8,2752,29.6,26.7,scrubber_exhaustion
EVA-0019,155,132,25,37.5,98,-61.7,3055,29.6,28.2,scrubber_exhaustion
EVA-0019,160,128,25,37.4,98,-58.9,3419,29.5,26.5,scrubber_exhaustion
EVA-0019,165,133,27,37.5,98,-60.7,3724,29.7,30.5,scrubber_exhaustion
EVA-0019,170,136,27,37.5,98,-60.8,3862,29.6,31.4,scrubber_exhaustion
EVA-0019,175,132,27,37.5,97,-61.2,4244,29.6,31.1,scrubber_exhaustion
EVA-0019,180,133,27,37.6,97,-57.8,4552,29.6,32.3,scrubber_exhaustion
EVA-0019,185,135,27,37.7,97,-59.0,4998,29.6,34.8,scrubber_exhaustion
EVA-0019,190,136,28,37.7,97,-61.2,5338,29.6,36.8,scrubber_exhaustion
EVA-0019,195,142,31,37.6,97,-60.3,5684,29.6,38.3,scrubber_exhaustion
EVA-0019,200,139,31,37.7,97,-60.0,6120,29.6,39.0,scrubber_exhaustion
EVA-0019,205,141,33,37.7,98,-59.2,6515,29.6,40.2,scrubber_exhaustion
EVA-0019,210,153,32,37.8,97,-59.8,7046,29.6,45.0,scrubber_exhaustion
EVA-0019,215,151,33,37.8,97,-58.0,7452,29.6,45.3,scrubber_exhaustion
EVA-0019,220,156,34,37.8,97,-56.3,7927,29.6,48.5,scrubber_exhaustion
EVA-0019,225,152,33,37.9,97,-59.1,8264,29.6,47.1,scrubber_exhaustion
EVA-0019,230,164,37,38.0,96,-58.4,8884,29.6,53.9,scrubber_exhaustion
EVA-0019,235,168,38,38.1,96,-57.0,9501,29.7,56.6,scrubber_exhaustion
EVA-0019,240,177,40,38.2,96,-56.4,10003,29.6,60.3,scrubber_exhaustion
EVA-0019,245,174,41,38.1,96,-52.8,10414,29.6,58.1,scrubber_exhaustion
EVA-0020,0,81,16,36.8,99,-42.8,922,29.6,5.5,nominal
EVA-0020,5,92,17,36.8,98,-46.6,854,29.6,9.0,nominal
EVA-0020,10,89,17,36.9,98,-51.6,852,29.6,6.7,nominal
EVA-0020,15,97,19,36.9,98,-55.3,914,29.6,10.4,nominal
EVA-0020,20,101,19,37.0,99,-60.2,869,29.6,10.3,nominal
EVA-0020,25,107,20,37.0,98,-66.4,924,29.6,11.7,nominal
EVA-0020,30,103,20,37.0,98,-71.9,915,29.6,11.2,nominal
EVA-0020,35,102,19,36.9,98,-75.2,987,29.6,11.4,nominal
EVA-0020,40,106,20,37.0,99,-82.0,964,29.7,12.0,nominal
EVA-0020,45,103,18,36.9,98,-87.3,987,29.5,10.6,nominal
EVA-0020,50,99,19,36.9,98,-89.9,1061,29.6,10.1,nominal
EVA-0020,55,98,18,37.0,98,-92.7,1061,29.6,8.7,nominal
EVA-0020,60,96,18,37.0,98,-95.0,1005,29.6,8.3,nominal
EVA-0020,65,96,17,36.8,98,-95.0,1051,29.7,9.0,nominal
EVA-0020,70,92,15,36.8,98,-94.2,1090,29.5,6.4,nominal
EVA-0020,75,88,15,36.8,98,-93.2,1127,29.7,6.2,nominal
EVA-0020,80,79,15,36.8,98,-88.6,1210,29.6,4.6,nominal
EVA-0020,85,78,15,36.7,98,-86.3,1226,29.6,6.0,nominal
EVA-0021,0,94,15,37.1,98,-65.3,720,29.6,7.1,seal_leak
EVA-0021,5,102,17,37.0,98,-62.2,911,29.5,9.3,seal_leak
EVA-0021,10,105,17,37.1,97,-59.6,953,29.5,11.6,seal_leak
EVA-0021,15,108,17,37.1,98,-56.9,743,29.6,12.1,seal_leak
EVA-0021,20,114,17,37.2,98,-54.8,881,29.6,12.3,seal_leak
EVA-0021,25,116,19,37.1,98,-52.3,874,29.5,15.4,seal_leak
EVA-0021,30,117,18,37.2,98,-50.0,916,29.6,15.2,seal_leak
EVA-0021,35,115,19,37.2,97,-46.9,929,29.6,16.8,seal_leak
EVA-0021,40,113,18,37.3,98,-43.9,970,29.4,14.6,seal_leak
EVA-0021,45,123,20,37.2,97,-43.0,916,29.1,20.6,seal_leak
EVA-0021,50,126,21,37.0,96,-40.6,869,28.5,21.5,seal_leak
EVA-0021,55,124,20,36.9,95,-41.1,882,27.9,24.0,seal_leak
EVA-0021,60,124,20,36.8,94,-41.6,890,27.2,28.0,seal_leak
EVA-0021,65,129,22,36.9,93,-38.9,809,26.5,33.6,seal_leak
EVA-0021,70,138,22,36.7,91,-41.3,773,25.6,42.1,seal_leak
EVA-0021,75,136,22,36.7,90,-43.1,872,24.7,44.6,seal_leak
EVA-0021,80,135,21,36.5,88,-45.3,763,23.8,51.9,seal_leak
EVA-0021,85,148,23,36.3,87,-45.8,753,22.8,60.8,seal_leak
EVA-0021,90,147,22,36.1,85,-47.2,719,21.8,67.3,seal_leak
EVA-0021,95,158,24,36.1,83,-52.2,716,20.8,71.7,seal_leak
EVA-0021,100,160,26,35.9,81,-54.9,716,19.6,76.4,seal_leak
EVA-0022,0,78,15,37.2,97,-65.3,538,29.6,6.0,seal_leak
EVA-0022,5,78,15,37.2,98,-65.6,513,29.6,4.8,seal_leak
EVA-0022,10,85,15,37.3,98,-64.4,423,29.6,7.8,seal_leak
EVA-0022,15,82,15,37.3,97,-64.8,422,29.6,8.3,seal_leak
EVA-0022,20,86,17,37.3,97,-60.2,634,29.6,10.0,seal_leak
EVA-0022,25,83,16,37.4,97,-61.3,649,29.6,9.8,seal_leak
EVA-0022,30,99,19,37.3,98,-61.7,695,29.6,14.5,seal_leak
EVA-0022,35,97,18,37.4,98,-60.2,626,29.6,13.2,seal_leak
EVA-0022,40,99,18,37.4,97,-63.6,586,29.6,14.1,seal_leak
EVA-0022,45,104,19,37.4,98,-64.0,642,29.5,15.2,seal_leak
EVA-0022,50,105,20,37.4,98,-61.2,678,29.6,17.8,seal_leak
EVA-0022,55,106,19,37.4,97,-62.1,643,29.6,17.2,seal_leak
EVA-0022,60,100,19,37.3,97,-60.6,754,29.3,15.7,seal_leak
EVA-0022,65,110,20,37.3,97,-60.0,769,28.9,20.4,seal_leak
EVA-0022,70,109,21,37.3,96,-59.2,687,28.5,21.7,seal_leak
EVA-0022,75,108,20,37.2,95,-61.7,658,27.9,23.6,seal_leak
EVA-0022,80,112,20,37.2,94,-59.9,600,27.3,25.3,seal_leak
EVA-0022,85,109,21,37.1,93,-60.6,694,26.7,29.4,seal_leak
EVA-0022,90,111,22,37.0,92,-60.4,628,26.0,30.7,seal_leak
EVA-0022,95,118,21,36.9,91,-61.8,603,25.1,36.3,seal_leak
EVA-0022,100,114,22,36.8,89,-59.8,614,24.3,42.5,seal_leak
EVA-0022,105,123,23,36.7,87,-62.0,565,23.4,50.1,seal_leak
EVA-0022,110,124,23,36.6,86,-60.2,571,22.6,55.4,seal_leak
EVA-0022,115,131,23,36.4,84,-63.8,509,21.6,62.3,seal_leak
EVA-0022,120,129,25,36.2,83,-62.5,559,20.5,65.4,seal_leak
EVA-0022,125,145,24,36.1,81,-64.0,509,19.5,69.5,seal_leak
EVA-0023,0,88,17,37.0,98,-67.3,512,29.6,5.2,seal_leak
EVA-0023,5,94,17,37.0,98,-69.7,567,29.6,8.1,seal_leak
EVA-0023,10,97,18,37.0,98,-67.6,577,29.6,7.9,seal_leak
EVA-0023,15,94,18,37.1,98,-65.9,544,29.6,9.2,seal_leak
EVA-0023,20,99,17,37.1,98,-69.3,527,29.6,8.6,seal_leak
EVA-0023,25,100,18,37.1,98,-63.7,539,29.6,11.2,seal_leak
EVA-0023,30,99,19,37.1,97,-66.0,616,29.6,12.4,seal_leak
EVA-0023,35,104,19,37.1,98,-64.7,586,29.6,11.7,seal_leak
EVA-0023,40,108,21,37.1,98,-63.5,551,29.6,14.8,seal_leak
EVA-0023,45,106,20,37.1,97,-62.6,532,29.6,13.8,seal_leak
EVA-0023,50,108,20,37.2,98,-62.4,655,29.7,14.9,seal_leak
EVA-0023,55,110,20,37.1,98,-60.7,603,29.6,15.0,seal_leak
EVA-0023,60,105,20,37.2,97,-60.5,646,29.5,16.3,seal_leak
EVA-0023,65,112,20,37.2,98,-58.1,686,29.6,14.9,seal_leak
EVA-0023,70,109,21,37.2,97,-58.8,575,29.4,17.6,seal_leak
EVA-0023,75,111,20,37.1,97,-56.2,630,29.1,16.9,seal_leak
EVA-0023,80,118,21,37.1,97,-56.5,624,29.0,19.4,seal_leak
EVA-0023,85,112,19,37.1,97,-58.9,646,28.8,17.0,seal_leak
EVA-0023,90,114,21,37.1,96,-52.6,680,28.6,20.8,seal_leak
EVA-0023,95,119,23,37.1,96,-55.5,575,28.3,24.5,seal_leak
EVA-0023,100,114,22,37.0,95,-52.1,649,28.1,23.4,seal_leak
EVA-0023,105,118,23,37.1,95,-52.9,664,27.9,26.3,seal_leak
EVA-0023,110,123,24,36.9,95,-50.6,615,27.5,28.1,seal_leak
EVA-0023,115,121,23,37.0,94,-51.8,614,27.3,28.8,seal_leak
EVA-0023,120,117,23,36.8,94,-49.2,632,26.9,30.6,seal_leak
EVA-0023,125,125,23,36.8,93,-49.3,626,26.6,33.5,seal_leak
EVA-0023,130,125,25,36.7,92,-46.1,631,26.3,40.1,seal_leak
EVA-0023,135,133,24,36.7,91,-46.5,626,25.9,41.9,seal_leak
EVA-0023,140,129,26,36.7,91,-44.9,569,25.5,44.3,seal_leak
EVA-0023,145,134,25,36.6,90,-47.7,631,25.2,46.8,seal_leak
EVA-0023,150,137,26,36.6,90,-44.3,632,24.8,50.7,seal_leak
EVA-0023,155,130,25,36.6,89,-42.7,595,24.4,51.0,seal_leak
EVA-0023,160,135,27,36.5,88,-42.1,537,24.0,56.3,seal_leak
EVA-0023,165,141,27,36.4,88,-40.3,575,23.6,59.9,seal_leak
EVA-0023,170,139,25,36.4,87,-41.0,578,23.1,60.5,seal_leak
EVA-0023,175,144,26,36.3,86,-39.7,533,22.7,65.2,seal_leak
EVA-0023,180,144,26,36.3,86,-37.5,550,22.3,66.5,seal_leak
EVA-0023,185,145,25,36.2,85,-40.8,514,21.8,69.3,seal_leak
EVA-0023,190,149,27,36.1,84,-36.6,563,21.4,72.5,seal_leak
EVA-0023,195,148,27,36.1,83,-37.0,544,20.9,71.7,seal_leak
EVA-0023,200,153,27,35.9,83,-37.0,489,20.5,75.0,seal_leak
EVA-0023,205,150,27,36.0,82,-34.8,533,20.0,74.7,seal_leak
EVA-0023,210,154,25,35.8,81,-33.1,514,19.5,76.1,seal_leak
EVA-0024,0,85,17,37.1,96,-41.9,631,29.6,9.9,nominal
EVA-0024,5,90,19,37.1,97,-40.8,693,29.6,11.8,nominal
EVA-0024,10,92,17,37.2,97,-40.0,731,29.6,11.2,nominal
EVA-0024,15,93,19,37.0,97,-41.6,789,29.6,12.1,nominal
EVA-0024,20,91,20,37.1,96,-40.2,705,29.6,14.4,nominal
EVA-0024,25,94,20,37.1,96,-39.6,709,29.6,15.2,nominal
EVA-0024,30,94,19,37.2,97,-37.6,743,29.6,13.5,nominal
EVA-0024,35,95,19,37.2,96,-40.9,769,29.6,15.6,nominal
EVA-0024,40,101,20,37.3,97,-39.8,753,29.6,17.3,nominal
EVA-0024,45,104,21,37.3,97,-35.0,815,29.5,19.1,nominal
EVA-0024,50,108,20,37.2,97,-38.3,739,29.5,18.3,nominal
EVA-0024,55,105,22,37.3,97,-39.9,788,29.6,19.6,nominal
EVA-0024,60,108,21,37.2,96,-38.0,810,29.6,20.3,nominal
EVA-0024,65,106,21,37.3,96,-40.3,780,29.6,21.2,nominal
EVA-0024,70,109,22,37.2,97,-36.4,843,29.6,19.9,nominal
EVA-0024,75,108,22,37.2,97,-35.4,820,29.7,21.2,nominal
EVA-0024,80,108,22,37.3,96,-37.2,856,29.6,22.8,nominal
EVA-0024,85,101,20,37.3,97,-36.4,837,29.6,18.3,nominal
EVA-0024,90,111,22,37.2,96,-34.5,852,29.6,21.4,nominal
EVA-0024,95,111,21,37.4,97,-37.5,814,29.7,21.7,nominal
EVA-0024,100,112,22,37.3,97,-36.8,822,29.6,21.3,nominal
EVA-0024,105,118,23,37.2,97,-35.3,913,29.6,23.3,nominal
EVA-0024,110,110,24,37.2,97,-35.8,894,29.5,21.2,nominal
EVA-0024,115,112,23,37.2,97,-35.1,827,29.7,21.7,nominal
EVA-0024,120,109,23,37.3,97,-36.1,889,29.6,21.0,nominal
EVA-0024,125,110,21,37.3,96,-34.3,781,29.6,21.7,nominal
EVA-0024,130,112,22,37.3,97,-34.6,870,29.7,22.5,nominal
EVA-0024,135,113,22,37.3,97,-33.7,946,29.6,21.0,nominal
EVA-0024,140,109,23,37.2,97,-34.1,905,29.5,22.1,nominal
EVA-0024,145,109,22,37.3,97,-34.1,923,29.6,20.3,nominal
EVA-0024,150,106,22,37.3,97,-36.1,790,29.6,20.6,nominal
EVA-0024,155,113,23,37.3,97,-33.8,915,29.6,21.5,nominal
EVA-0024,160,112,22,37.2,97,-34.8,956,29.6,19.8,nominal
EVA-0024,165,108,21,37.3,97,-34.7,969,29.6,20.3,nominal
EVA-0024,170,105,24,37.2,97,-33.4,999,29.5,21.5,nominal
EVA-0024,175,104,21,37.2,97,-35.6,953,29.7,17.8,nominal
EVA-0024,180,106,21,37.2,96,-33.2,963,29.6,19.8,nominal
EVA-0024,185,109,22,37.3,96,-33.3,918,29.6,22.5,nominal
EVA-0024,190,102,22,37.3,97,-34.3,976,29.6,18.3,nominal
EVA-0024,195,105,21,37.2,97,-36.6,936,29.6,18.7,nominal
EVA-0024,200,108,21,37.3,97,-38.2,917,29.6,20.3,nominal
EVA-0024,205,105,21,37.4,97,-34.6,959,29.6,20.5,nominal
EVA-0024,210,107,20,37.2,96,-36.0,1083,29.6,20.3,nominal
EVA-0024,215,102,22,37.3,97,-37.3,1011,29.6,19.6,nominal
EVA-0024,220,95,20,37.2,97,-35.2,1040,29.6,16.5,nominal
EVA-0024,225,98,21,37.2,97,-38.0,1015,29.6,15.7,nominal
EVA-0024,230,99,20,37.2,97,-37.8,965,29.6,15.7,nominal
EVA-0024,235,95,20,37.1,97,-37.0,1095,29.7,14.0,nominal
EVA-0024,240,97,20,37.2,97,-39.3,963,29.6,15.3,nominal
EVA-0024,245,103,19,37.2,96,-38.4,1043,29.6,16.7,nominal
EVA-0024,250,95,20,37.2,97,-37.3,1073,29.6,14.4,nominal
EVA-0024,255,99,19,37.1,97,-38.8,1093,29.6,14.5,nominal
EVA-0024,260,94,20,37.2,97,-37.9,1058,29.6,14.4,nominal
EVA-0024,265,93,18,37.2,97,-38.5,1015,29.6,11.6,nominal
EVA-0024,270,94,19,37.1,96,-40.2,1069,29.6,14.3,nominal
EVA-0024,275,92,19,37.1,97,-43.4,1079,29.5,12.1,nominal
EVA-0024,280,92,20,37.1,96,-42.4,1086,29.6,13.7,nominal
EVA-0025,0,86,13,36.9,98,-73.8,791,29.6,2.9,nominal
EVA-0025,5,83,12,37.0,98,-74.2,760,29.6,2.0,nominal
EVA-0025,10,85,13,36.8,98,-73.8,827,29.6,4.3,nominal
EVA-0025,15,90,14,36.9,98,-75.0,778,29.6,4.0,nominal
EVA-0025,20,91,14,37.0,98,-73.7,857,29.6,3.7,nominal
EVA-0025,25,93,14,37.0,99,-73.8,829,29.6,4.1,nominal
EVA-0025,30,96,15,37.0,98,-74.3,783,29.6,5.0,nominal
EVA-0025,35,98,15,37.0,98,-72.0,956,29.6,5.7,nominal
EVA-0025,40,100,15,37.1,98,-72.7,861,29.6,6.5,nominal
EVA-0025,45,97,15,37.0,98,-70.8,819,29.6,5.7,nominal
EVA-0025,50,99,15,37.1,98,-71.6,940,29.7,6.2,nominal
EVA-0025,55,103,16,37.0,98,-70.5,874,29.5,7.4,nominal
EVA-0025,60,106,17,37.0,98,-70.2,963,29.6,8.8,nominal
EVA-0025,65,115,17,37.2,98,-68.5,888,29.6,12.4,nominal
EVA-0025,70,111,16,37.1,98,-66.4,904,29.7,10.4,nominal
EVA-0025,75,106,16,37.2,98,-66.5,950,29.5,10.0,nominal
EVA-0025,80,113,18,37.1,98,-64.0,969,29.6,12.0,nominal
EVA-0025,85,115,19,37.1,98,-64.2,984,29.6,13.4,nominal
EVA-0025,90,115,18,37.2,98,-60.7,952,29.6,14.5,nominal
EVA-0025,95,111,17,37.1,98,-60.7,987,29.6,11.2,nominal
EVA-0025,100,120,18,37.2,98,-57.3,1004,29.6,15.8,nominal
EVA-0025,105,112,17,37.2,98,-56.5,987,29.6,12.6,nominal
EVA-0025,110,117,19,37.2,98,-53.0,978,29.6,15.4,nominal
EVA-0025,115,119,19,37.2,98,-54.4,927,29.5,14.8,nominal
EVA-0025,120,123,18,37.2,98,-52.9,1026,29.6,16.2,nominal
EVA-0025,125,127,19,37.2,98,-50.0,1008,29.6,17.5,nominal
EVA-0025,130,122,18,37.1,98,-49.1,995,29.6,15.0,nominal
EVA-0025,135,120,20,37.2,98,-47.2,1078,29.5,16.9,nominal
EVA-0025,140,127,19,37.3,98,-42.9,963,29.6,18.9,nominal
EVA-0025,145,122,19,37.3,98,-41.8,1109,29.5,17.4,nominal
EVA-0025,150,123,20,37.2,98,-40.6,1041,29.6,16.7,nominal
EVA-0025,155,122,19,37.3,97,-38.7,1063,29.6,19.3,nominal
EVA-0025,160,123,20,37.3,98,-37.2,1038,29.6,18.3,nominal
EVA-0025,165,130,21,37.4,98,-32.8,988,29.6,21.2,nominal
EVA-0025,170,129,19,37.3,98,-34.1,1064,29.6,18.8,nominal
EVA-0025,175,122,20,37.3,98,-33.2,1092,29.6,18.6,nominal
EVA-0025,180,129,20,37.3,97,-29.3,1115,29.7,21.0,nominal
EVA-0025,185,123,20,37.3,98,-29.1,1083,29.6,18.3,nominal
EVA-0025,190,127,19,37.2,98,-25.1,1000,29.7,17.7,nominal
EVA-0025,195,123,20,37.2,98,-27.0,1036,29.5,17.2,nominal
EVA-0025,200,122,20,37.2,98,-24.3,1205,29.6,18.2,nominal
EVA-0025,205,125,19,37.2,98,-23.1,1071,29.6,16.9,nominal
EVA-0025,210,123,19,37.3,98,-24.2,1191,29.6,18.1,nominal
EVA-0025,215,126,20,37.3,98,-23.7,1092,29.6,18.5,nominal
EVA-0025,220,124,20,37.3,98,-21.4,1133,29.6,18.9,nominal
EVA-0025,225,129,21,37.3,98,-21.1,1177,29.6,20.2,nominal
EVA-0025,230,131,22,37.3,98,-23.2,1119,29.6,21.8,nominal
EVA-0025,235,127,21,37.3,98,-22.7,1234,29.6,20.5,nominal
EVA-0025,240,123,20,37.3,98,-24.3,1173,29.6,18.7,nominal
EVA-0025,245,125,19,37.2,98,-20.7,1198,29.6,16.8,nominal
EVA-0025,250,120,18,37.2,98,-21.9,1172,29.6,15.4,nominal
EVA-0025,255,118,19,37.1,98,-22.1,1221,29.6,14.1,nominal
EVA-0025,260,122,19,37.2,98,-24.5,1269,29.6,17.3,nominal
EVA-0025,265,123,19,37.2,98,-24.4,1200,29.5,16.6,nominal
EVA-0025,270,120,20,37.2,98,-24.4,1290,29.6,16.2,nominal
EVA-0025,275,119,19,37.3,98,-25.5,1192,29.5,16.6,nominal
EVA-0025,280,116,18,37.1,98,-25.5,1261,29.6,13.7,nominal
EVA-0025,285,124,19,37.2,98,-26.0,1256,29.7,16.8,nominal
EVA-0025,290,122,19,37.3,98,-25.2,1193,29.6,18.6,nominal
EVA-0025,295,116,19,37.2,98,-29.3,1258,29.6,15.2,nominal
EVA-0026,0,86,17,37.2,98,-66.5,692,29.6,9.1,seal_leak
EVA-0026,5,84,17,37.2,98,-68.5,767,29.6,7.8,seal_leak
EVA-0026,10,86,17,37.2,98,-67.4,730,29.6,7.9,seal_leak
EVA-0026,15,95,18,37.1,98,-68.7,783,29.6,10.6,seal_leak
EVA-0026,20,88,18,37.1,98,-67.6,720,29.6,9.4,seal_leak
EVA-0026,25,91,18,37.2,98,-62.0,716,29.6,10.2,seal_leak
EVA-0026,30,95,19,37.3,98,-60.7,752,29.6,12.6,seal_leak
EVA-0026,35,97,18,37.3,98,-62.1,723,29.6,12.2,seal_leak
EVA-0026,40,97,18,37.3,98,-62.1,810,29.6,12.2,seal_leak
EVA-0026,45,96,19,37.2,98,-60.3,784,29.7,12.4,seal_leak
EVA-0026,50,97,19,37.2,98,-57.6,785,29.6,12.5,seal_leak
EVA-0026,55,97,19,37.2,98,-58.0,850,29.6,11.5,seal_leak
EVA-0026,60,101,19,37.2,97,-55.7,775,29.5,13.7,seal_leak
EVA-0026,65,106,19,37.2,97,-54.6,853,29.3,15.1,seal_leak
EVA-0026,70,107,21,37.2,97,-53.8,793,29.1,17.2,seal_leak
EVA-0026,75,108,20,37.2,96,-52.2,855,28.8,19.1,seal_leak
EVA-0026,80,112,21,37.1,96,-49.7,784,28.5,19.0,seal_leak
EVA-0026,85,107,20,37.1,95,-49.7,817,28.1,21.2,seal_leak
EVA-0026,90,111,22,37.0,94,-46.4,790,27.7,24.5,seal_leak
EVA-0026,95,118,21,37.0,94,-46.0,802,27.3,27.0,seal_leak
EVA-0026,100,120,23,36.9,94,-43.7,769,26.8,29.0,seal_leak
EVA-0026,105,116,24,36.9,92,-40.6,696,26.3,34.6,seal_leak
EVA-0026,110,117,24,36.8,92,-41.0,779,25.9,37.8,seal_leak
EVA-0026,115,126,22,36.8,91,-38.2,730,25.4,39.6,seal_leak
EVA-0026,120,123,24,36.6,90,-39.9,747,24.8,45.8,seal_leak
EVA-0026,125,130,24,36.5,89,-36.9,731,24.3,50.6,seal_leak
EVA-0026,130,128,24,36.5,88,-34.9,673,23.7,52.6,seal_leak
EVA-0026,135,132,26,36.5,86,-31.3,656,23.1,60.3,seal_leak
EVA-0026,140,134,27,36.4,86,-34.7,687,22.4,63.3,seal_leak
EVA-0026,145,142,27,36.3,85,-31.3,646,21.7,69.0,seal_leak
EVA-0026,150,145,26,36.2,84,-28.3,664,21.2,70.1,seal_leak
EVA-0026,155,141,27,36.1,83,-30.0,619,20.4,71.2,seal_leak
EVA-0026,160,150,26,36.0,81,-28.3,632,19.7,73.1,seal_leak
EVA-0027,0,92,17,37.1,98,-78.3,823,29.6,7.6,heater_failure
EVA-0027,5,92,18,37.1,98,-76.1,829,29.5,8.8,heater_failure
EVA-0027,10,100,17,37.0,98,-77.2,719,29.7,8.0,heater_failure
EVA-0027,15,100,18,37.0,98,-75.4,842,29.6,9.0,heater_failure
EVA-0027,20,99,16,36.9,98,-77.8,805,29.6,9.3,heater_failure
EVA-0027,25,96,17,36.9,98,-75.4,886,29.6,8.4,heater_failure
EVA-0027,30,103,16,36.7,98,-77.2,892,29.6,10.5,heater_failure
EVA-0027,35,96,18,36.8,98,-76.0,926,29.7,10.8,heater_failure
EVA-0027,40,102,17,36.8,98,-75.8,967,29.6,11.6,heater_failure
EVA-0027,45,100,17,36.7,98,-75.1,913,29.6,10.8,heater_failure
EVA-0027,50,99,18,36.7,98,-75.5,1026,29.6,12.5,heater_failure
EVA-0027,55,100,19,36.7,98,-76.6,944,29.6,14.1,heater_failure
EVA-0027,60,106,18,36.6,98,-74.6,884,29.6,14.7,heater_failure
EVA-0027,65,107,19,36.7,98,-73.6,927,29.6,14.8,heater_failure
EVA-0027,70,100,19,36.6,98,-76.3,945,29.6,15.0,heater_failure
EVA-0027,75,107,18,36.3,98,-77.9,998,29.6,19.5,heater_failure
EVA-0027,80,101,17,36.5,98,-75.1,938,29.6,14.4,heater_failure
EVA-0027,85,104,19,36.3,98,-76.2,977,29.6,18.9,heater_failure
EVA-0027,90,109,19,36.4,98,-76.1,993,29.7,19.6,heater_failure
EVA-0027,95,109,20,36.3,98,-75.4,989,29.6,20.8,heater_failure
EVA-0027,100,109,19,36.3,98,-76.8,1055,29.6,20.1,heater_failure
EVA-0027,105,112,18,36.1,98,-76.8,1057,29.6,22.4,heater_failure
EVA-0027,110,113,19,36.0,98,-76.9,1091,29.6,23.9,heater_failure
EVA-0027,115,112,19,36.2,98,-75.2,1033,29.5,22.7,heater_failure
EVA-0027,120,116,19,36.0,98,-77.2,1111,29.5,24.8,heater_failure
EVA-0027,125,127,19,35.8,98,-79.0,1005,29.6,30.7,heater_failure
EVA-0027,130,124,19,35.8,98,-79.3,1014,29.5,29.7,heater_failure
EVA-0027,135,130,20,35.7,98,-78.1,1031,29.7,32.0,heater_failure
EVA-0027,140,127,18,35.6,98,-79.9,1096,29.6,31.8,heater_failure
EVA-0027,145,127,19,35.5,98,-80.8,1159,29.6,33.5,heater_failure
EVA-0027,150,133,19,35.7,97,-78.6,1087,29.5,34.2,heater_failure
EVA-0027,155,126,21,35.6,98,-78.9,1103,29.5,33.7,heater_failure
EVA-0027,160,127,20,35.4,98,-80.5,1124,29.6,35.5,heater_failure
EVA-0027,165,129,18,35.3,98,-80.1,1169,29.7,35.2,heater_failure
EVA-0027,170,116,19,35.1,97,-80.7,1131,29.6,37.9,heater_failure
EVA-0027,175,121,19,35.2,98,-80.6,1138,29.6,36.5,heater_failure
EVA-0027,180,120,17,35.1,98,-81.0,1111,29.6,35.0,heater_failure
EVA-0027,185,106,14,34.6,98,-85.2,1156,29.6,31.3,heater_failure
EVA-0027,190,107,16,34.8,98,-82.8,1244,29.6,34.0,heater_failure
EVA-0027,195,102,16,34.7,97,-82.2,1204,29.6,34.5,heater_failure
EVA-0027,200,91,15,34.4,97,-83.7,1177,29.6,31.3,heater_failure
EVA-0027,205,91,14,34.5,97,-83.5,1275,29.7,29.8,heater_failure
EVA-0027,210,89,14,34.3,98,-83.0,1203,29.6,29.0,heater_failure
EVA-0027,215,78,12,34.2,97,-84.2,1302,29.6,29.3,heater_failure
EVA-0027,220,87,14,34.4,97,-82.8,1311,29.6,29.1,heater_failure
EVA-0028,0,94,16,37.1,97,-78.7,794,29.6,9.4,heater_failure
EVA-0028,5,95,16,37.2,97,-78.7,812,29.6,9.7,heater_failure
EVA-0028,10,96,17,37.0,97,-80.1,837,29.6,8.9,heater_failure
EVA-0028,15,100,17,37.1,97,-78.6,806,29.5,12.0,heater_failure
EVA-0028,20,98,19,37.0,97,-80.1,841,29.6,12.2,heater_failure
EVA-0028,25,99,17,37.0,97,-77.2,771,29.6,9.8,heater_failure
EVA-0028,30,101,16,37.0,97,-75.2,850,29.6,8.8,heater_failure
EVA-0028,35,101,16,37.0,97,-77.8,856,29.6,10.6,heater_failure
EVA-0028,40,103,18,37.0,98,-79.0,891,29.6,10.6,heater_failure
EVA-0028,45,103,19,37.0,97,-81.2,755,29.6,12.7,heater_failure
EVA-0028,50,98,17,36.9,97,-80.0,796,29.6,11.1,heater_failure
EVA-0028,55,101,18,36.8,97,-75.9,882,29.6,14.1,heater_failure
EVA-0028,60,100,18,36.8,97,-78.9,732,29.6,14.2,heater_failure
EVA-0028,65,97,17,36.8,97,-77.9,881,29.6,13.0,heater_failure
EVA-0028,70,99,17,36.7,97,-76.4,914,29.6,14.4,heater_failure
EVA-0028,75,100,17,36.7,97,-75.2,848,29.6,14.4,heater_failure
EVA-0028,80,102,18,36.7,97,-77.0,861,29.6,16.6,heater_failure
EVA-0028,85,105,18,36.7,97,-77.0,840,29.6,15.5,heater_failure
EVA-0028,90,104,18,36.6,97,-76.2,872,29.6,17.1,heater_failure
EVA-0028,95,108,18,36.6,97,-76.8,880,29.6,18.5,heater_failure
EVA-0028,100,99,19,36.6,97,-76.5,879,29.6,17.6,heater_failure
EVA-0028,105,107,18,36.6,97,-75.0,884,29.5,17.2,heater_failure
EVA-0028,110,103,19,36.7,97,-75.1,912,29.6,16.7,heater_failure
EVA-0028,115,104,19,36.6,97,-72.5,919,29.6,17.4,heater_failure
EVA-0028,120,107,19,36.7,97,-74.3,1023,29.5,18.1,heater_failure
EVA-0028,125,112,18,36.5,97,-73.1,928,29.6,20.4,heater_failure
EVA-0028,130,116,19,36.3,97,-75.6,969,29.6,24.3,heater_failure
EVA-0028,135,105,18,36.5,97,-73.4,934,29.6,17.7,heater_failure
EVA-0028,140,108,18,36.3,97,-74.7,941,29.6,20.4,heater_failure
EVA-0028,145,99,17,36.4,97,-73.1,898,29.6,17.7,heater_failure
EVA-0028,150,103,18,36.4,97,-72.5,911,29.6,18.6,heater_failure
EVA-0028,155,104,17,36.4,97,-73.1,935,29.6,19.6,heater_failure
EVA-0028,160,102,18,36.5,97,-70.1,1005,29.6,17.3,heater_failure
EVA-0028,165,102,19,36.5,97,-71.1,1052,29.6,18.7,heater_failure
EVA-0028,170,105,17,36.4,97,-71.2,931,29.6,18.2,heater_failure
EVA-0028,175,105,18,36.4,98,-71.6,994,29.6,17.7,heater_failure
EVA-0028,180,99,17,36.5,97,-70.2,964,29.6,15.8,heater_failure
EVA-0028,185,112,18,36.1,97,-73.9,1021,29.6,23.2,heater_failure
EVA-0028,190,104,19,36.3,97,-70.5,1088,29.6,20.9,heater_failure
EVA-0028,195,108,16,36.1,97,-73.2,1027,29.7,22.2,heater_failure
EVA-0028,200,110,16,36.1,97,-72.6,1052,29.6,22.6,heater_failure
EVA-0028,205,104,17,36.2,97,-71.2,1127,29.7,21.2,heater_failure
EVA-0028,210,102,16,36.3,98,-70.4,1090,29.6,17.2,heater_failure
EVA-0028,215,109,17,35.9,97,-73.2,1042,29.6,25.2,heater_failure
EVA-0028,220,101,16,36.1,97,-72.5,1091,29.6,20.3,heater_failure
EVA-0028,225,100,16,36.0,97,-71.8,1054,29.6,21.1,heater_failure
EVA-0028,230,100,14,35.9,98,-72.2,1117,29.7,19.5,heater_failure
EVA-0028,235,96,13,35.9,97,-71.0,1128,29.6,20.4,heater_failure
EVA-0028,240,88,14,36.3,98,-68.0,1051,29.6,12.5,heater_failure
EVA-0028,245,97,13,35.8,97,-71.7,1128,29.6,21.0,heater_failure
EVA-0028,250,98,15,35.6,97,-73.2,1122,29.6,25.8,heater_failure
EVA-0028,255,106,13,35.6,97,-74.0,1159,29.6,26.5,heater_failure
EVA-0028,260,101,13,35.5,97,-73.0,1179,29.6,26.7,heater_failure
EVA-0028,265,99,14,35.4,97,-73.9,1170,29.6,26.4,heater_failure
EVA-0028,270,100,13,35.6,97,-72.3,1142,29.6,25.4,heater_failure
EVA-0028,275,97,13,35.6,97,-72.6,1205,29.6,23.9,heater_failure
EVA-0028,280,98,15,35.4,97,-73.9,1131,29.7,27.2,heater_failure
EVA-0028,285,97,13,35.8,97,-71.1,1118,29.6,22.5,heater_failure
EVA-0028,290,93,13,35.2,97,-74.6,1041,29.6,28.3,heater_failure
EVA-0029,0,92,19,37.1,98,-70.2,790,29.6,8.5,nominal
EVA-0029,5,93,20,37.1,98,-68.9,780,29.5,10.6,nominal
EVA-0029,10,92,20,37.1,98,-68.1,822,29.6,9.8,nominal
EVA-0029,15,95,20,37.1,98,-68.1,761,29.6,11.4,nominal
EVA-0029,20,93,19,37.1,98,-66.4,843,29.6,9.5,nominal
EVA-0029,25,102,21,37.2,98,-67.5,773,29.6,15.3,nominal
EVA-0029,30,98,20,37.2,98,-66.9,806,29.6,12.6,nominal
EVA-0029,35,103,22,37.3,98,-64.7,771,29.7,17.0,nominal
EVA-0029,40,103,22,37.1,98,-66.0,864,29.6,14.2,nominal
EVA-0029,45,105,21,37.1,98,-63.1,954,29.7,14.6,nominal
EVA-0029,50,101,22,37.2,98,-63.5,886,29.6,15.3,nominal
EVA-0029,55,110,20,37.4,98,-65.1,930,29.6,18.0,nominal
EVA-0029,60,113,22,37.3,98,-62.2,1016,29.6,19.2,nominal
EVA-0029,65,116,24,37.3,98,-63.9,938,29.5,20.5,nominal
EVA-0029,70,120,24,37.3,98,-60.6,896,29.6,22.0,nominal
EVA-0029,75,115,22,37.4,98,-61.2,912,29.6,20.9,nominal
EVA-0029,80,114,23,37.3,98,-58.3,950,29.6,19.6,nominal
EVA-0029,85,121,22,37.4,98,-58.8,931,29.6,22.0,nominal
EVA-0029,90,117,24,37.3,98,-61.0,944,29.6,22.0,nominal
EVA-0029,95,113,22,37.3,98,-61.8,1023,29.6,18.9,nominal
EVA-0029,100,116,24,37.3,98,-59.9,1035,29.6,21.0,nominal
EVA-0029,105,120,24,37.4,98,-60.2,924,29.6,22.8,nominal
EVA-0029,110,114,23,37.3,98,-56.3,971,29.6,19.2,nominal
EVA-0029,115,122,23,37.2,98,-58.3,997,29.6,20.6,nominal
EVA-0029,120,113,23,37.3,98,-57.0,1055,29.6,19.3,nominal
EVA-0029,125,115,23,37.2,98,-58.3,1089,29.6,19.1,nominal
EVA-0029,130,113,22,37.3,98,-58.1,1169,29.7,18.5,nominal
EVA-0029,135,113,23,37.3,98,-57.8,1036,29.6,20.8,nominal
EVA-0029,140,110,21,37.3,98,-56.4,1048,29.6,17.1,nominal
EVA-0029,145,108,21,37.3,98,-57.4,1103,29.5,16.7,nominal
EVA-0029,150,115,22,37.3,98,-59.1,1056,29.6,18.0,nominal
EVA-0029,155,106,21,37.3,99,-55.9,1090,29.6,17.4,nominal
EVA-0029,160,108,22,37.2,98,-58.3,1087,29.6,17.1,nominal
EVA-0029,165,113,22,37.3,98,-58.7,998,29.6,17.8,nominal
EVA-0029,170,115,23,37.2,98,-61.7,1131,29.6,19.9,nominal
EVA-0029,175,113,22,37.3,98,-57.8,1127,29.6,18.6,nominal
EVA-0029,180,109,23,37.3,98,-58.7,1202,29.6,17.9,nominal
EVA-0029,185,107,22,37.3,98,-59.0,1155,29.6,17.2,nominal
EVA-0029,190,100,22,37.2,98,-59.9,1108,29.7,14.3,nominal
EVA-0029,195,107,21,37.3,98,-60.5,1163,29.6,16.5,nominal
EVA-0029,200,98,21,37.2,98,-60.6,1090,29.5,14.0,nominal
EVA-0029,205,101,21,37.2,98,-60.0,1139,29.6,14.7,nominal
EVA-0029,210,103,20,37.2,98,-60.2,1232,29.6,13.3,nominal
EVA-0029,215,104,19,37.2,98,-61.8,1202,29.7,13.3,nominal
EVA-0030,0,97,14,37.3,98,-73.0,812,29.6,8.4,heater_failure
EVA-0030,5,98,13,37.2,98,-71.3,785,29.6,7.2,heater_failure
EVA-0030,10,97,12,37.3,98,-70.6,815,29.7,8.3,heater_failure
EVA-0030,15,99,14,37.2,98,-72.3,859,29.7,6.8,heater_failure
EVA-0030,20,104,15,37.1,98,-73.3,779,29.7,9.1,heater_failure
EVA-0030,25,100,15,37.2,98,-71.9,835,29.6,8.0,heater_failure
EVA-0030,30,101,15,37.1,98,-71.4,938,29.6,7.5,heater_failure
EVA-0030,35,104,15,37.1,98,-72.0,838,29.6,8.1,heater_failure
EVA-0030,40,106,14,37.1,98,-72.1,864,29.6,7.2,heater_failure
EVA-0030,45,108,15,37.0,99,-70.6,910,29.6,7.2,heater_failure
EVA-0030,50,111,14,37.0,98,-70.4,934,29.7,7.4,heater_failure
EVA-0030,55,114,17,37.0,98,-71.2,905,29.6,10.9,heater_failure
EVA-0030,60,118,17,36.9,98,-72.6,949,29.6,12.3,heater_failure
EVA-0030,65,118,17,37.1,98,-69.8,985,29.5,12.5,heater_failure
EVA-0030,70,124,17,36.9,98,-71.0,1057,29.6,14.1,heater_failure
EVA-0030,75,118,16,36.9,98,-69.5,976,29.6,11.4,heater_failure
EVA-0030,80,112,17,37.0,98,-69.3,991,29.6,9.6,heater_failure
EVA-0030,85,118,18,36.8,99,-71.5,1074,29.6,14.2,heater_failure
EVA-0030,90,110,17,36.9,98,-68.8,993,29.6,10.4,heater_failure
EVA-0030,95,112,16,36.9,98,-68.0,970,29.6,9.7,heater_failure
EVA-0030,100,113,15,36.9,98,-67.6,1052,29.6,8.9,heater_failure
EVA-0030,105,111,17,36.8,98,-68.0,1102,29.6,12.2,heater_failure
EVA-0030,110,109,15,36.6,98,-70.2,1081,29.5,13.1,heater_failure
EVA-0030,115,103,14,36.9,98,-66.1,1073,29.6,6.8,heater_failure
EVA-0030,120,107,14,36.9,98,-66.9,1024,29.6,8.5,heater_failure
EVA-0030,125,107,14,36.5,98,-68.6,1099,29.5,11.7,heater_failure
EVA-0030,130,103,14,36.6,98,-67.9,1169,29.6,10.3,heater_failure
EVA-0030,135,100,14,36.7,99,-66.5,1070,29.6,8.8,heater_failure
EVA-0030,140,99,14,36.8,99,-65.8,1126,29.6,7.1,heater_failure
EVA-0030,145,100,15,36.6,98,-67.1,1132,29.5,10.3,heater_failure
EVA-0030,150,101,14,36.7,98,-65.4,1130,29.6,8.4,heater_failure
EVA-0030,155,101,15,36.5,99,-68.4,1184,29.6,12.2,heater_failure
EVA-0030,160,99,14,36.5,98,-67.5,1205,29.6,11.3,heater_failure
EVA-0030,165,98,16,36.3,98,-68.7,1217,29.6,15.4,heater_failure
EVA-0030,170,100,13,36.3,98,-67.3,1165,29.6,13.0,heater_failure
EVA-0030,175,92,12,36.7,98,-64.4,1147,29.6,6.9,heater_failure
EVA-0031,0,83,19,37.1,98,-61.7,887,29.6,6.7,nominal
EVA-0031,5,87,18,37.1,99,-62.8,757,29.6,7.4,nominal
EVA-0031,10,89,18,37.2,98,-62.4,857,29.7,9.0,nominal
EVA-0031,15,94,19,37.1,98,-63.3,859,29.6,9.6,nominal
EVA-0031,20,95,20,37.2,99,-62.9,913,29.6,12.6,nominal
EVA-0031,25,94,19,37.2,98,-59.4,843,29.6,11.8,nominal
EVA-0031,30,93,19,37.1,98,-62.2,899,29.5,9.9,nominal
EVA-0031,35,99,21,37.0,98,-61.5,931,29.6,11.5,nominal
EVA-0031,40,97,20,37.2,98,-62.5,998,29.6,12.5,nominal
EVA-0031,45,98,21,37.2,98,-60.0,979,29.6,13.9,nominal
EVA-0031,50,99,19,37.2,99,-59.7,925,29.6,11.8,nominal
EVA-0031,55,103,20,37.2,99,-59.0,970,29.6,13.5,nominal
EVA-0031,60,102,21,37.2,98,-59.0,1046,29.5,14.1,nominal
EVA-0031,65,104,21,37.3,98,-57.2,966,29.6,15.9,nominal
EVA-0031,70,110,21,37.3,99,-56.0,1030,29.6,17.0,nominal
EVA-0031,75,108,23,37.3,98,-56.3,1048,29.7,18.9,nominal
EVA-0031,80,109,22,37.3,98,-55.9,1045,29.6,17.4,nominal
EVA-0031,85,111,22,37.3,98,-53.7,1197,29.6,17.5,nominal
EVA-0031,90,110,21,37.3,99,-55.0,1071,29.6,16.7,nominal
EVA-0031,95,107,21,37.3,99,-53.8,1124,29.6,16.2,nominal
EVA-0031,100,107,21,37.3,98,-52.1,1084,29.6,16.0,nominal
EVA-0031,105,107,21,37.3,98,-53.2,1156,29.6,16.0,nominal
EVA-0031,110,105,21,37.2,98,-49.3,1185,29.5,15.1,nominal
EVA-0031,115,96,19,37.2,98,-50.6,1134,29.5,10.7,nominal
EVA-0031,120,100,20,37.2,98,-49.3,1172,29.6,12.9,nominal
EVA-0031,125,94,20,37.1,99,-48.3,1148,29.7,11.1,nominal
EVA-0031,130,91,20,37.1,99,-47.4,1150,29.6,10.2,nominal
EVA-0031,135,92,18,37.1,98,-47.4,1263,29.6,7.9,nominal
EVA-0031,140,90,18,37.1,99,-46.7,1205,29.6,7.7,nominal
EVA-0031,145,89,18,37.1,98,-46.4,1135,29.6,8.0,nominal
EVA-0031,150,88,19,37.2,98,-46.7,1337,29.6,8.8,nominal
EVA-0032,0,100,15,37.2,98,-62.4,575,29.6,7.3,heater_failure
EVA-0032,5,96,14,37.1,98,-61.6,618,29.6,5.2,heater_failure
EVA-0032,10,99,14,37.0,98,-63.2,639,29.5,5.3,heater_failure
EVA-0032,15,95,14,37.2,99,-62.1,607,29.5,5.7,heater_failure
EVA-0032,20,98,15,37.1,98,-62.3,572,29.6,6.6,heater_failure
EVA-0032,25,96,15,37.1,98,-60.5,649,29.6,6.1,heater_failure
EVA-0032,30,101,16,37.1,98,-62.1,631,29.6,8.4,heater_failure
EVA-0032,35,100,16,37.3,98,-61.3,735,29.6,10.8,heater_failure
EVA-0032,40,103,16,37.1,99,-62.4,640,29.6,8.8,heater_failure
EVA-0032,45,109,17,37.1,99,-63.7,665,29.7,10.0,heater_failure
EVA-0032,50,107,16,37.1,98,-63.2,654,29.6,9.3,heater_failure
EVA-0032,55,111,16,37.2,98,-62.8,645,29.6,11.7,heater_failure
EVA-0032,60,116,16,37.2,98,-62.5,645,29.6,12.9,heater_failure
EVA-0032,65,115,18,37.2,98,-64.4,678,29.6,14.6,heater_failure
EVA-0032,70,120,18,37.1,98,-66.6,696,29.6,13.7,heater_failure
EVA-0032,75,118,17,37.1,98,-67.0,732,29.5,12.5,heater_failure
EVA-0032,80,116,18,37.0,98,-65.6,702,29.6,12.1,heater_failure
EVA-0032,85,118,17,37.0,98,-68.4,675,29.6,11.8,heater_failure
EVA-0032,90,121,19,37.1,99,-63.8,689,29.6,15.8,heater_failure
EVA-0032,95,113,17,37.1,99,-65.5,652,29.6,11.7,heater_failure
EVA-0032,100,113,19,37.0,98,-67.4,794,29.7,12.1,heater_failure
EVA-0032,105,116,19,36.9,98,-68.3,702,29.5,14.5,heater_failure
EVA-0032,110,122,18,37.0,99,-66.0,778,29.6,12.9,heater_failure
EVA-0032,115,121,19,36.7,99,-68.9,755,29.7,16.3,heater_failure
EVA-0032,120,116,19,36.7,98,-69.1,764,29.6,16.5,heater_failure
EVA-0032,125,112,19,36.8,98,-69.2,753,29.6,13.8,heater_failure
EVA-0032,130,116,19,36.8,98,-68.4,730,29.6,15.1,heater_failure
EVA-0032,135,120,18,36.8,99,-68.1,730,29.6,14.7,heater_failure
EVA-0032,140,119,19,36.9,98,-67.7,859,29.6,15.0,heater_failure
EVA-0032,145,121,19,36.8,99,-68.2,794,29.5,15.2,heater_failure
EVA-0032,150,117,19,36.7,99,-69.7,847,29.6,16.9,heater_failure
EVA-0032,155,121,19,36.8,99,-68.8,867,29.6,16.5,heater_failure
EVA-0032,160,118,19,36.5,99,-71.1,794,29.6,19.1,heater_failure
EVA-0032,165,122,19,36.3,99,-72.7,839,29.6,21.5,heater_failure
EVA-0032,170,120,19,36.4,98,-71.6,830,29.6,20.6,heater_failure
EVA-0032,175,125,19,36.3,99,-71.9,784,29.6,23.3,heater_failure
EVA-0032,180,124,20,36.4,98,-71.9,835,29.6,22.7,heater_failure
EVA-0032,185,126,19,36.1,99,-72.5,878,29.5,25.2,heater_failure
EVA-0032,190,126,19,36.2,98,-72.1,837,29.6,24.0,heater_failure
EVA-0032,195,124,19,36.3,98,-70.9,852,29.6,22.6,heater_failure
EVA-0032,200,120,17,36.3,98,-69.7,867,29.6,20.3,heater_failure
EVA-0032,205,129,17,35.9,98,-74.0,977,29.6,26.4,heater_failure
EVA-0032,210,121,18,36.0,98,-73.5,808,29.6,24.6,heater_failure
EVA-0032,215,122,18,36.0,98,-73.0,920,29.6,24.9,heater_failure
EVA-0032,220,121,17,36.1,98,-71.2,894,29.6,22.9,heater_failure
EVA-0032,225,123,18,35.9,98,-72.4,885,29.6,26.0,heater_failure
EVA-0032,230,124,18,35.8,99,-73.1,909,29.6,28.2,heater_failure
EVA-0032,235,117,16,36.0,99,-71.3,959,29.5,21.8,heater_failure
EVA-0032,240,117,18,36.0,98,-71.0,969,29.6,23.9,heater_failure
EVA-0032,245,118,15,35.7,98,-72.1,953,29.6,24.6,heater_failure
EVA-0032,250,115,16,35.7,98,-73.0,1002,29.6,25.7,heater_failure
EVA-0032,255,119,18,35.8,99,-71.7,1017,29.6,26.2,heater_failure
EVA-0032,260,128,16,35.8,98,-72.2,1005,29.5,27.4,heater_failure
EVA-0032,265,126,16,35.7,98,-72.1,951,29.6,27.8,heater_failure
EVA-0032,270,122,17,35.7,98,-72.2,1006,29.6,28.4,heater_failure
EVA-0033,0,81,15,36.9,97,-74.3,752,29.6,4.9,heater_failure
EVA-0033,5,81,17,36.9,97,-77.6,792,29.7,6.7,heater_failure
EVA-0033,10,84,16,37.1,97,-78.2,732,29.6,6.2,heater_failure
EVA-0033,15,84,17,36.9,98,-79.9,826,29.6,5.8,heater_failure
EVA-0033,20,87,16,36.8,98,-77.9,789,29.6,6.7,heater_failure
EVA-0033,25,91,18,36.8,97,-79.0,786,29.6,10.5,heater_failure
EVA-0033,30,88,18,36.7,97,-78.7,712,29.5,11.4,heater_failure
EVA-0033,35,91,18,36.6,97,-81.3,794,29.6,12.4,heater_failure
EVA-0033,40,94,19,36.8,98,-79.9,836,29.5,11.6,heater_failure
EVA-0033,45,94,18,36.7,97,-80.5,906,29.7,13.4,heater_failure
EVA-0033,50,100,19,36.6,97,-80.9,861,29.7,17.1,heater_failure
EVA-0033,55,101,20,36.5,98,-82.3,895,29.6,16.9,heater_failure
EVA-0033,60,101,19,36.5,98,-80.4,798,29.6,16.3,heater_failure
EVA-0033,65,103,19,36.6,98,-79.8,855,29.6,16.4,heater_failure
EVA-0033,70,111,20,36.4,97,-83.9,924,29.6,22.2,heater_failure
EVA-0033,75,113,21,36.2,98,-82.1,838,29.7,24.7,heater_failure
EVA-0033,80,112,22,36.3,97,-86.7,930,29.6,25.2,heater_failure
EVA-0033,85,119,21,36.3,97,-82.8,928,29.5,26.6,heater_failure
EVA-0033,90,118,21,36.1,97,-86.1,915,29.6,27.1,heater_failure
EVA-0033,95,118,21,36.1,97,-84.8,897,29.7,28.9,heater_failure
EVA-0033,100,123,22,36.1,97,-86.0,875,29.7,30.9,heater_failure
EVA-0033,105,126,22,36.0,97,-84.9,1008,29.6,31.5,heater_failure
EVA-0033,110,126,22,35.9,97,-83.9,965,29.6,32.4,heater_failure
EVA-0033,115,133,22,35.8,97,-87.4,960,29.6,36.2,heater_failure
EVA-0033,120,142,24,35.8,97,-85.8,935,29.5,39.4,heater_failure
EVA-0033,125,133,22,35.8,97,-86.1,964,29.6,36.9,heater_failure
EVA-0033,130,139,23,35.8,97,-83.7,978,29.6,38.0,heater_failure
EVA-0033,135,147,23,35.6,97,-85.2,997,29.6,42.3,heater_failure
EVA-0033,140,140,21,35.6,97,-87.3,1020,29.6,38.8,heater_failure
EVA-0033,145,138,22,35.5,97,-86.5,960,29.6,40.9,heater_failure
EVA-0033,150,138,22,35.5,97,-84.1,938,29.6,40.7,heater_failure
EVA-0033,155,137,23,35.3,97,-85.2,1016,29.7,43.2,heater_failure
EVA-0033,160,139,22,35.3,97,-87.1,942,29.7,44.3,heater_failure
EVA-0033,165,130,21,35.2,97,-86.3,1014,29.6,41.8,heater_failure
EVA-0033,170,129,21,35.1,97,-86.3,1015,29.6,43.2,heater_failure
EVA-0033,175,124,21,35.1,97,-86.6,1068,29.6,41.2,heater_failure
EVA-0033,180,124,20,35.0,97,-87.9,1143,29.6,42.0,heater_failure
EVA-0033,185,118,20,35.0,97,-86.5,975,29.7,41.0,heater_failure
EVA-0033,190,123,20,35.1,98,-83.9,1173,29.5,40.0,heater_failure
EVA-0033,195,116,19,34.9,97,-85.9,1069,29.6,39.4,heater_failure
EVA-0033,200,117,18,34.8,98,-85.4,1103,29.6,38.5,heater_failure
EVA-0033,205,105,17,34.7,97,-84.9,1033,29.6,35.6,heater_failure
EVA-0033,210,111,18,34.8,98,-82.2,1149,29.7,37.4,heater_failure
EVA-0033,215,95,17,34.6,97,-84.6,1115,29.7,35.2,heater_failure
EVA-0033,220,105,17,34.7,97,-83.0,1119,29.6,35.4,heater_failure
EVA-0033,225,94,17,34.5,97,-84.8,1043,29.6,34.4,heater_failure
EVA-0033,230,98,18,34.5,97,-84.1,1142,29.6,34.6,heater_failure
EVA-0033,235,103,17,34.5,97,-83.4,1185,29.6,36.6,heater_failure
EVA-0033,240,97,17,34.4,97,-84.1,1144,29.6,34.3,heater_failure
EVA-0033,245,94,17,34.4,97,-83.0,1216,29.6,33.7,heater_failure
EVA-0033,250,108,19,34.6,97,-81.4,1223,29.6,37.2,heater_failure
EVA-0034,0,88,17,37.0,98,-53.4,483,29.6,5.9,scrubber_exhaustion
EVA-0034,5,88,16,37.0,98,-52.7,558,29.6,5.1,scrubber_exhaustion
EVA-0034,10,91,18,36.8,98,-51.6,636,29.5,9.3,scrubber_exhaustion
EVA-0034,15,91,18,36.9,99,-52.7,574,29.6,7.7,scrubber_exhaustion
EVA-0034,20,88,18,36.9,98,-51.8,605,29.6,7.7,scrubber_exhaustion
EVA-0034,25,98,17,37.0,98,-50.5,566,29.6,8.0,scrubber_exhaustion
EVA-0034,30,95,18,36.9,99,-48.0,567,29.7,8.7,scrubber_exhaustion
EVA-0034,35,95,20,36.9,98,-47.1,602,29.6,10.3,scrubber_exhaustion
EVA-0034,40,98,22,37.0,98,-47.6,577,29.6,12.3,scrubber_exhaustion
EVA-0034,45,104,20,37.1,99,-47.6,648,29.6,12.3,scrubber_exhaustion
EVA-0034,50,108,21,37.1,98,-45.9,551,29.6,13.1,scrubber_exhaustion
EVA-0034,55,108,21,37.1,98,-47.4,672,29.5,15.0,scrubber_exhaustion
EVA-0034,60,111,20,37.1,98,-47.2,642,29.6,13.5,scrubber_exhaustion
EVA-0034,65,107,21,37.1,98,-46.6,639,29.6,13.2,scrubber_exhaustion
EVA-0034,70,105,19,37.0,98,-47.3,583,29.6,10.8,scrubber_exhaustion
EVA-0034,75,107,20,37.1,98,-46.2,621,29.6,12.8,scrubber_exhaustion
EVA-0034,80,107,19,37.1,98,-47.1,728,29.6,12.5,scrubber_exhaustion
EVA-0034,85,109,21,37.1,98,-44.5,673,29.6,14.2,scrubber_exhaustion
EVA-0034,90,107,21,37.1,98,-45.0,703,29.5,13.8,scrubber_exhaustion
EVA-0034,95,110,21,37.2,98,-44.0,659,29.6,15.2,scrubber_exhaustion
EVA-0034,100,109,20,37.1,98,-47.7,706,29.6,13.2,scrubber_exhaustion
EVA-0034,105,104,19,37.1,98,-43.6,654,29.6,11.3,scrubber_exhaustion
EVA-0034,110,108,20,37.1,98,-48.0,729,29.6,13.5,scrubber_exhaustion
EVA-0034,115,108,20,37.1,98,-47.7,750,29.6,12.9,scrubber_exhaustion
EVA-0034,120,104,19,37.0,98,-47.3,770,29.6,10.9,scrubber_exhaustion
EVA-0034,125,101,20,37.1,98,-45.4,760,29.6,11.2,scrubber_exhaustion
EVA-0034,130,109,20,37.1,98,-47.1,852,29.6,12.5,scrubber_exhaustion
EVA-0034,135,104,21,37.1,98,-48.1,983,29.6,13.8,scrubber_exhaustion
EVA-0034,140,104,20,37.1,98,-49.3,1065,29.6,12.7,scrubber_exhaustion
EVA-0034,145,104,19,37.0,98,-50.5,1203,29.6,11.1,scrubber_exhaustion
EVA-0034,150,112,21,37.1,98,-48.1,1468,29.6,15.1,scrubber_exhaustion
EVA-0034,155,109,22,37.1,99,-49.1,1531,29.6,15.4,scrubber_exhaustion
EVA-0034,160,106,20,37.2,98,-49.2,1841,29.6,14.4,scrubber_exhaustion
EVA-0034,165,106,22,37.1,98,-51.1,1986,29.5,14.9,scrubber_exhaustion
EVA-0034,170,110,23,37.2,98,-55.5,2339,29.6,16.9,scrubber_exhaustion
EVA-0034,175,111,23,37.2,98,-54.6,2640,29.6,17.7,scrubber_exhaustion
EVA-0034,180,108,23,37.2,98,-53.4,2911,29.6,16.7,scrubber_exhaustion
EVA-0034,185,108,23,37.1,98,-55.3,3232,29.5,16.8,scrubber_exhaustion
EVA-0034,190,107,23,37.2,98,-56.5,3580,29.6,18.2,scrubber_exhaustion
EVA-0034,195,108,24,37.2,98,-58.1,4050,29.6,18.5,scrubber_exhaustion
EVA-0034,200,106,24,37.3,98,-56.6,4538,29.6,19.6,scrubber_exhaustion
EVA-0034,205,108,24,37.3,98,-58.2,4931,29.6,19.4,scrubber_exhaustion
EVA-0034,210,106,27,37.3,97,-59.2,5477,29.6,23.1,scrubber_exhaustion
EVA-0034,215,120,28,37.4,97,-61.6,5929,29.5,29.1,scrubber_exhaustion
EVA-0034,220,116,27,37.4,97,-61.7,6535,29.6,27.7,scrubber_exhaustion
EVA-0034,225,120,29,37.6,97,-64.6,7074,29.6,32.2,scrubber_exhaustion
EVA-0034,230,127,31,37.6,97,-64.2,7730,29.7,37.0,scrubber_exhaustion
EVA-0034,235,131,32,37.7,97,-68.2,8349,29.6,38.8,scrubber_exhaustion
EVA-0034,240,137,33,37.8,97,-68.2,8984,29.6,42.5,scrubber_exhaustion
EVA-0034,245,144,35,37.8,97,-67.8,9704,29.7,46.8,scrubber_exhaustion
EVA-0034,250,148,37,37.9,96,-65.7,10417,29.5,50.4,scrubber_exhaustion
EVA-0035,0,76,18,37.0,98,-43.0,717,29.7,4.2,nominal
EVA-0035,5,80,17,37.0,98,-45.9,752,29.6,4.3,nominal
EVA-0035,10,88,18,37.0,98,-46.8,712,29.6,6.4,nominal
EVA-0035,15,93,18,37.2,98,-50.2,904,29.6,9.9,nominal
EVA-0035,20,91,20,37.1,98,-52.5,825,29.6,10.0,nominal
EVA-0035,25,92,18,37.2,98,-54.9,866,29.7,9.9,nominal
EVA-0035,30,98,20,37.3,98,-61.5,842,29.7,13.2,nominal
EVA-0035,35,100,20,37.3,98,-65.3,859,29.6,13.9,nominal
EVA-0035,40,97,20,37.1,98,-67.3,996,29.6,11.5,nominal
EVA-0035,45,98,19,37.2,98,-71.8,846,29.7,12.4,nominal
EVA-0035,50,97,21,37.2,98,-75.1,967,29.6,13.0,nominal
EVA-0035,55,96,19,37.2,98,-79.0,922,29.7,10.8,nominal
EVA-0035,60,92,18,37.2,98,-82.4,980,29.6,8.9,nominal
EVA-0035,65,90,19,37.0,98,-82.3,992,29.6,8.7,nominal
EVA-0035,70,84,18,37.2,98,-87.7,998,29.6,8.3,nominal
EVA-0035,75,86,18,37.1,98,-87.1,1067,29.5,6.8,nominal
EVA-0035,80,80,17,37.0,98,-88.2,972,29.6,4.5,nominal
EVA-0035,85,83,16,37.0,98,-91.0,1095,29.5,4.0,nominal
EVA-0035,90,74,14,36.9,98,-89.8,1127,29.5,1.7,nominal
EVA-0035,95,74,16,37.0,98,-88.7,1092,29.6,2.5,nominal
EVA-0036,0,85,18,37.0,98,-71.6,717,29.6,6.8,scrubber_exhaustion
EVA-0036,5,76,17,37.1,98,-73.7,666,29.6,3.7,scrubber_exhaustion
EVA-0036,10,80,18,37.0,98,-71.0,743,29.5,5.5,scrubber_exhaustion
EVA-0036,15,78,17,37.0,98,-70.9,662,29.7,4.2,scrubber_exhaustion
EVA-0036,20,82,18,37.1,98,-69.6,748,29.6,6.1,scrubber_exhaustion
EVA-0036,25,78,17,36.9,98,-69.4,784,29.6,4.3,scrubber_exhaustion
EVA-0036,30,77,17,37.0,98,-69.8,786,29.6,3.9,scrubber_exhaustion
EVA-0036,35,80,18,37.0,98,-67.7,772,29.6,4.7,scrubber_exhaustion
EVA-0036,40,84,18,37.1,98,-68.5,795,29.6,7.5,scrubber_exhaustion
EVA-0036,45,84,18,37.0,98,-67.0,772,29.6,5.3,scrubber_exhaustion
EVA-0036,50,87,19,36.9,98,-66.8,817,29.6,7.3,scrubber_exhaustion
EVA-0036,55,89,20,37.1,98,-64.9,828,29.6,9.2,scrubber_exhaustion
EVA-0036,60,91,18,37.1,98,-64.9,793,29.6,8.7,scrubber_exhaustion
EVA-0036,65,94,20,37.2,98,-61.4,855,29.6,11.2,scrubber_exhaustion
EVA-0036,70,92,19,37.2,98,-59.8,865,29.6,11.2,scrubber_exhaustion
EVA-0036,75,99,20,37.2,98,-60.0,869,29.6,13.3,scrubber_exhaustion
EVA-0036,80,102,21,37.2,98,-58.0,1021,29.6,13.6,scrubber_exhaustion
EVA-0036,85,97,20,37.1,98,-60.4,956,29.6,12.5,scrubber_exhaustion
EVA-0036,90,99,20,37.3,98,-58.9,1014,29.6,13.5,scrubber_exhaustion
EVA-0036,95,101,22,37.2,98,-56.2,1087,29.5,15.0,scrubber_exhaustion
EVA-0036,100,101,22,37.2,98,-54.4,1157,29.5,15.3,scrubber_exhaustion
EVA-0036,105,103,21,37.2,98,-53.3,1342,29.6,14.3,scrubber_exhaustion
EVA-0036,110,102,21,37.1,98,-53.6,1406,29.7,13.0,scrubber_exhaustion
EVA-0036,115,104,23,37.2,98,-48.8,1554,29.5,16.7,scrubber_exhaustion
EVA-0036,120,105,22,37.2,98,-46.2,1713,29.6,16.9,scrubber_exhaustion
EVA-0036,125,107,24,37.3,98,-45.8,1867,29.6,20.8,scrubber_exhaustion
EVA-0036,130,107,24,37.3,98,-44.5,2023,29.6,18.9,scrubber_exhaustion
EVA-0036,135,110,24,37.3,98,-44.1,2288,29.6,19.8,scrubber_exhaustion
EVA-0036,140,109,24,37.3,98,-44.0,2572,29.5,18.8,scrubber_exhaustion
EVA-0036,145,106,25,37.4,98,-41.4,2782,29.6,21.9,scrubber_exhaustion
EVA-0036,150,115,25,37.4,98,-37.6,3101,29.6,23.5,scrubber_exhaustion
EVA-0036,155,115,27,37.4,98,-39.2,3339,29.6,25.6,scrubber_exhaustion
EVA-0036,160,112,27,37.4,97,-38.0,3620,29.6,26.0,scrubber_exhaustion
EVA-0036,165,118,27,37.5,98,-34.8,3990,29.6,26.6,scrubber_exhaustion
EVA-0036,170,113,28,37.6,98,-33.4,4227,29.6,29.1,scrubber_exhaustion
EVA-0036,175,122,30,37.5,97,-34.6,4577,29.6,32.4,scrubber_exhaustion
EVA-0036,180,122,29,37.6,97,-32.7,4934,29.6,32.5,scrubber_exhaustion
EVA-0036,185,121,31,37.7,98,-31.9,5383,29.6,34.1,scrubber_exhaustion
EVA-0036,190,124,30,37.6,97,-30.2,5709,29.6,34.6,scrubber_exhaustion
EVA-0036,195,127,31,37.7,97,-27.9,6093,29.6,36.5,scrubber_exhaustion
EVA-0036,200,135,32,37.8,97,-29.3,6580,29.5,41.1,scrubber_exhaustion
EVA-0036,205,138,34,37.8,97,-26.1,6966,29.6,43.8,scrubber_exhaustion
EVA-0036,210,139,34,37.8,97,-26.5,7493,29.6,44.6,scrubber_exhaustion
EVA-0036,215,142,36,37.9,96,-23.1,7973,29.6,47.8,scrubber_exhaustion
EVA-0036,220,144,35,38.0,97,-24.9,8448,29.5,48.4,scrubber_exhaustion
EVA-0036,225,153,37,37.9,97,-24.8,9003,29.6,50.1,scrubber_exhaustion
EVA-0036,230,153,39,38.0,96,-23.5,9450,29.6,52.5,scrubber_exhaustion
EVA-0036,235,159,40,38.2,96,-24.2,10081,29.5,55.4,scrubber_exhaustion
EVA-0036,240,162,40,38.2,96,-25.6,10628,29.6,57.0,scrubber_exhaustion
EVA-0037,0,91,18,37.0,98,-70.9,823,29.7,6.7,nominal
EVA-0037,5,91,17,36.9,98,-72.3,716,29.6,7.8,nominal
EVA-0037,10,90,18,37.0,98,-74.3,819,29.5,7.1,nominal
EVA-0037,15,92,17,37.0,98,-73.9,764,29.6,7.0,nominal
EVA-0037,20,94,19,37.0,98,-75.8,846,29.5,8.6,nominal
EVA-0037,25,101,20,37.1,98,-77.5,726,29.5,11.8,nominal
EVA-0037,30,109,20,37.1,98,-76.2,801,29.6,13.3,nominal
EVA-0037,35,108,21,37.1,98,-78.2,786,29.6,14.0,nominal
EVA-0037,40,106,21,37.1,98,-79.5,821,29.6,14.4,nominal
EVA-0037,45,103,20,37.2,98,-78.4,881,29.6,13.9,nominal
EVA-0037,50,104,20,37.1,97,-82.9,855,29.5,15.6,nominal
EVA-0037,55,109,20,37.1,98,-79.8,904,29.6,13.7,nominal
EVA-0037,60,110,20,37.1,98,-82.9,830,29.6,14.1,nominal
EVA-0037,65,105,20,37.2,98,-82.1,835,29.5,14.7,nominal
EVA-0037,70,108,20,37.1,98,-83.4,884,29.6,14.0,nominal
EVA-0037,75,103,21,37.1,98,-84.1,893,29.6,14.3,nominal
EVA-0037,80,105,20,37.1,98,-81.7,897,29.6,12.9,nominal
EVA-0037,85,103,19,37.1,98,-81.1,874,29.6,12.2,nominal
EVA-0037,90,102,19,37.1,98,-83.6,982,29.6,11.2,nominal
EVA-0037,95,102,20,37.1,98,-82.9,923,29.6,11.7,nominal
EVA-0037,100,105,21,37.2,98,-83.1,1015,29.6,14.5,nominal
EVA-0037,105,104,19,37.0,98,-80.8,963,29.6,11.0,nominal
EVA-0037,110,101,20,37.1,98,-85.1,1003,29.6,12.2,nominal
EVA-0037,115,103,20,37.2,98,-81.6,1010,29.5,13.9,nominal
EVA-0037,120,98,20,37.1,98,-82.4,959,29.6,11.6,nominal
EVA-0037,125,101,18,37.0,98,-83.8,1024,29.6,9.0,nominal
EVA-0037,130,99,20,37.0,98,-80.7,1106,29.6,11.3,nominal
EVA-0037,135,94,18,37.0,98,-77.3,1042,29.5,8.1,nominal
EVA-0037,140,94,19,37.0,98,-79.5,1082,29.6,8.7,nominal
EVA-0037,145,97,18,37.0,98,-76.9,1084,29.6,8.8,nominal
EVA-0037,150,89,18,36.9,98,-75.4,1078,29.6,7.3,nominal
EVA-0037,155,86,17,36.9,98,-75.9,1084,29.5,7.4,nominal
EVA-0037,160,87,17,36.9,98,-74.7,1112,29.6,7.0,nominal
EVA-0037,165,89,17,36.9,98,-75.8,1133,29.6,7.5,nominal
EVA-0037,170,77,16,37.0,98,-73.5,1049,29.6,3.2,nominal
EVA-0037,175,80,17,36.8,98,-70.3,1133,29.6,5.7,nominal
EVA-0037,180,79,16,36.8,98,-70.2,1124,29.6,5.0,nominal
EVA-0037,185,77,17,36.8,98,-68.6,1126,29.6,5.3,nominal
EVA-0038,0,92,18,37.1,97,-75.2,706,29.7,10.0,nominal
EVA-0038,5,98,18,37.1,98,-74.1,759,29.6,10.9,nominal
EVA-0038,10,98,17,37.1,98,-73.5,708,29.6,8.5,nominal
EVA-0038,15,104,19,37.1,98,-74.6,840,29.7,12.0,nominal
EVA-0038,20,104,19,37.2,98,-72.8,688,29.6,12.9,nominal
EVA-0038,25,107,19,37.2,97,-72.4,852,29.7,16.0,nominal
EVA-0038,30,106,19,37.2,97,-71.9,789,29.6,14.4,nominal
EVA-0038,35,108,19,37.2,97,-72.7,820,29.6,15.6,nominal
EVA-0038,40,113,20,37.2,98,-70.0,866,29.6,15.5,nominal
EVA-0038,45,112,20,37.2,98,-73.2,855,29.6,15.9,nominal
EVA-0038,50,109,20,37.3,98,-69.5,794,29.6,17.3,nominal
EVA-0038,55,109,20,37.2,98,-70.6,864,29.7,15.9,nominal
EVA-0038,60,123,20,37.3,98,-69.5,932,29.6,18.7,nominal
EVA-0038,65,122,21,37.3,97,-71.0,818,29.6,21.6,nominal
EVA-0038,70,121,21,37.3,98,-69.0,964,29.6,20.9,nominal
EVA-0038,75,114,20,37.2,98,-67.8,897,29.6,16.6,nominal
EVA-0038,80,114,21,37.2,97,-70.2,870,29.6,19.0,nominal
EVA-0038,85,116,21,37.3,97,-68.6,860,29.5,19.9,nominal
EVA-0038,90,116,21,37.3,97,-70.3,901,29.6,20.2,nominal
EVA-0038,95,117,22,37.3,98,-67.4,833,29.6,19.9,nominal
EVA-0038,100,125,22,37.4,98,-67.6,913,29.7,21.8,nominal
EVA-0038,105,127,23,37.5,97,-66.3,931,29.6,26.0,nominal
EVA-0038,110,122,22,37.4,97,-61.9,905,29.6,22.9,nominal
EVA-0038,115,123,23,37.3,97,-62.8,997,29.6,22.7,nominal
EVA-0038,120,124,22,37.4,97,-66.0,964,29.7,23.3,nominal
EVA-0038,125,120,22,37.3,97,-63.0,956,29.5,22.3,nominal
EVA-0038,130,118,21,37.4,98,-62.2,980,29.6,21.5,nominal
EVA-0038,135,115,21,37.3,98,-63.0,1021,29.6,19.8,nominal
EVA-0038,140,111,20,37.2,97,-61.9,1019,29.6,17.0,nominal
EVA-0038,145,112,20,37.3,97,-61.2,995,29.6,17.2,nominal
EVA-0038,150,106,19,37.2,98,-62.7,1043,29.6,13.8,nominal
EVA-0038,155,108,20,37.2,97,-61.9,1045,29.6,15.6,nominal
EVA-0038,160,104,19,37.2,97,-60.0,1007,29.6,14.3,nominal
EVA-0038,165,104,19,37.3,98,-59.7,1055,29.5,14.1,nominal
EVA-0038,170,105,17,37.2,97,-60.3,1105,29.6,14.4,nominal
EVA-0038,175,103,17,37.2,98,-60.1,1115,29.6,10.4,nominal
EVA-0038,180,98,20,37.3,98,-59.0,1090,29.6,14.6,nominal
EVA-0038,185,103,18,37.1,98,-57.6,1141,29.6,11.6,nominal
EVA-0038,190,101,19,37.1,98,-58.5,1077,29.5,11.7,nominal
EVA-0038,195,94,18,37.1,97,-56.3,1089,29.6,9.8,nominal
EVA-0038,200,96,17,37.2,97,-59.0,1131,29.6,11.4,nominal
EVA-0039,0,88,14,36.8,98,-73.9,607,29.6,4.6,seal_leak
EVA-0039,5,92,13,37.0,98,-72.1,512,29.5,3.8,seal_leak
EVA-0039,10,95,15,36.9,98,-70.8,555,29.6,6.7,seal_leak
EVA-0039,15,99,16,37.1,98,-72.8,685,29.6,7.3,seal_leak
EVA-0039,20,103,15,37.0,98,-73.9,656,29.6,6.7,seal_leak
EVA-0039,25,107,16,37.1,98,-74.0,631,29.6,8.8,seal_leak
EVA-0039,30,111,16,37.0,98,-77.1,614,29.6,9.3,seal_leak
EVA-0039,35,115,17,37.1,98,-74.8,614,29.7,12.2,seal_leak
EVA-0039,40,107,17,37.0,98,-72.3,679,29.5,9.0,seal_leak
EVA-0039,45,108,16,37.0,99,-74.2,662,29.6,8.8,seal_leak
EVA-0039,50,112,16,37.1,98,-74.0,755,29.6,9.9,seal_leak
EVA-0039,55,110,17,37.1,99,-76.0,685,29.7,11.0,seal_leak
EVA-0039,60,114,17,37.1,98,-74.9,703,29.7,12.3,seal_leak
EVA-0039,65,110,17,37.0,98,-71.2,641,29.6,9.9,seal_leak
EVA-0039,70,115,17,37.0,98,-71.5,687,29.5,11.1,seal_leak
EVA-0039,75,115,17,37.1,98,-73.3,711,29.4,11.6,seal_leak
EVA-0039,80,117,18,37.0,98,-71.9,687,29.3,11.9,seal_leak
EVA-0039,85,117,20,37.1,98,-70.6,682,29.2,16.1,seal_leak
EVA-0039,90,119,19,37.1,98,-71.3,716,29.2,14.6,seal_leak
EVA-0039,95,118,18,37.0,98,-71.5,764,29.0,13.7,seal_leak
EVA-0039,100,114,18,37.0,97,-68.4,706,28.9,12.5,seal_leak
EVA-0039,105,123,17,37.0,97,-66.7,746,28.8,13.5,seal_leak
EVA-0039,110,122,19,37.0,97,-65.7,723,28.6,17.1,seal_leak
EVA-0039,115,121,20,37.0,96,-64.4,740,28.5,19.7,seal_leak
EVA-0039,120,129,19,37.0,96,-66.3,671,28.3,21.5,seal_leak
EVA-0039,125,123,18,37.0,96,-63.3,685,28.1,20.2,seal_leak
EVA-0039,130,122,19,37.0,96,-62.6,683,27.9,19.9,seal_leak
EVA-0039,135,132,21,36.9,95,-61.2,710,27.8,25.6,seal_leak
EVA-0039,140,129,21,36.9,95,-60.2,716,27.6,26.4,seal_leak
EVA-0039,145,129,21,36.8,95,-59.6,689,27.4,27.9,seal_leak
EVA-0039,150,130,20,36.9,95,-61.2,714,27.2,26.9,seal_leak
EVA-0039,155,129,21,36.7,94,-55.0,659,27.0,31.5,seal_leak
EVA-0039,160,132,21,36.8,93,-54.7,708,26.7,32.7,seal_leak
EVA-0039,165,132,21,36.8,93,-55.7,709,26.6,33.2,seal_leak
EVA-0039,170,129,19,36.7,93,-52.1,694,26.3,31.7,seal_leak
EVA-0039,175,126,19,36.6,93,-52.0,671,26.1,34.5,seal_leak
EVA-0039,180,131,20,36.6,92,-50.8,687,25.8,38.1,seal_leak
EVA-0039,185,127,22,36.6,91,-50.0,630,25.6,40.6,seal_leak
EVA-0039,190,135,22,36.5,92,-47.3,662,25.5,41.7,seal_leak
EVA-0039,195,128,21,36.6,91,-47.7,661,25.1,41.0,seal_leak
EVA-0039,200,131,20,36.5,90,-47.0,605,24.8,44.2,seal_leak
EVA-0039,205,129,20,36.4,90,-43.3,658,24.7,45.0,seal_leak
EVA-0039,210,132,22,36.4,89,-43.8,600,24.4,48.9,seal_leak
EVA-0039,215,135,21,36.4,89,-42.8,621,24.1,49.5,seal_leak
EVA-0039,220,138,24,36.3,89,-40.8,630,23.8,54.5,seal_leak
EVA-0039,225,141,21,36.3,88,-41.6,603,23.6,54.0,seal_leak
EVA-0039,230,145,24,36.2,88,-40.5,622,23.3,59.4,seal_leak
EVA-0039,235,141,23,36.3,88,-38.8,616,23.1,57.8,seal_leak
EVA-0039,240,143,21,36.2,88,-40.3,585,22.7,58.6,seal_leak
EVA-0039,245,148,22,36.1,86,-37.6,619,22.4,64.9,seal_leak
EVA-0039,250,149,23,36.1,86,-38.2,576,22.2,66.1,seal_leak
EVA-0039,255,147,22,36.0,86,-35.8,652,21.8,67.7,seal_leak
EVA-0039,260,148,23,35.9,85,-35.7,582,21.6,70.9,seal_leak
EVA-0039,265,155,24,35.9,85,-35.5,549,21.2,72.8,seal_leak
EVA-0039,270,157,24,36.0,84,-37.7,548,20.9,72.9,seal_leak
EVA-0039,275,157,24,35.9,84,-35.7,594,20.7,74.0,seal_leak
EVA-0040,0,88,18,36.9,99,-51.6,538,29.6,7.7,seal_leak
EVA-0040,5,87,19,36.9,98,-56.1,522,29.6,9.0,seal_leak
EVA-0040,10,89,21,36.9,99,-53.5,545,29.7,10.6,seal_leak
EVA-0040,15,91,21,36.9,99,-54.0,657,29.6,10.0,seal_leak
EVA-0040,20,99,21,37.0,98,-57.0,646,29.6,10.9,seal_leak
EVA-0040,25,95,22,37.0,99,-54.0,663,29.7,11.3,seal_leak
EVA-0040,30,96,22,37.0,98,-57.9,633,29.6,12.3,seal_leak
EVA-0040,35,99,22,37.1,98,-61.9,681,29.5,13.6,seal_leak
EVA-0040,40,106,25,37.1,99,-59.9,746,29.6,17.5,seal_leak
EVA-0040,45,107,23,37.0,98,-62.4,730,29.5,15.8,seal_leak
EVA-0040,50,110,25,37.1,98,-61.3,762,29.2,18.7,seal_leak
EVA-0040,55,113,25,37.0,97,-63.2,760,28.8,20.5,seal_leak
EVA-0040,60,118,25,37.0,96,-65.7,702,28.2,23.2,seal_leak
EVA-0040,65,116,25,36.9,96,-64.4,632,27.8,25.8,seal_leak
EVA-0040,70,117,27,36.8,94,-66.2,665,27.1,31.6,seal_leak
EVA-0040,75,125,27,36.8,93,-69.4,678,26.4,37.0,seal_leak
EVA-0040,80,119,27,36.6,92,-69.6,643,25.7,40.1,seal_leak
EVA-0040,85,129,26,36.5,91,-69.8,621,25.0,46.6,seal_leak
EVA-0040,90,137,28,36.3,89,-71.7,644,24.1,56.8,seal_leak
EVA-0040,95,135,28,36.3,88,-72.5,699,23.2,60.4,seal_leak
EVA-0040,100,145,28,36.1,87,-72.8,595,22.3,67.5,seal_leak
EVA-0040,105,148,30,36.1,85,-74.8,591,21.4,74.8,seal_leak
EVA-0040,110,157,29,35.9,83,-76.8,538,20.3,78.9,seal_leak
EVA-0040,115,159,30,35.8,82,-74.3,582,19.3,81.3,seal_leak
EVA-0041,0,88,15,37.1,99,-45.2,846,29.6,4.1,seal_leak
EVA-0041,5,95,15,37.2,99,-42.3,842,29.6,7.2,seal_leak
EVA-0041,10,99,15,37.2,99,-37.5,881,29.6,8.0,seal_leak
EVA-0041,15,102,15,37.1,99,-34.2,853,29.5,7.8,seal_leak
EVA-0041,20,101,16,37.1,99,-35.3,868,29.6,8.8,seal_leak
EVA-0041,25,101,17,37.2,99,-32.5,939,29.6,10.1,seal_leak
EVA-0041,30,100,16,37.2,99,-34.7,960,29.6,8.5,seal_leak
EVA-0041,35,108,16,37.2,99,-34.5,1007,29.6,11.5,seal_leak
EVA-0041,40,101,16,37.2,99,-34.4,966,29.6,9.1,seal_leak
EVA-0041,45,103,18,37.1,99,-34.1,972,29.6,10.1,seal_leak
EVA-0041,50,113,17,37.2,99,-38.7,858,29.4,12.6,seal_leak
EVA-0041,55,111,19,37.1,98,-41.6,879,29.0,13.6,seal_leak
EVA-0041,60,115,18,37.1,97,-43.8,909,28.6,15.7,seal_leak
EVA-0041,65,122,19,37.0,96,-47.3,860,27.9,18.9,seal_leak
EVA-0041,70,124,19,37.0,95,-51.9,909,27.2,21.6,seal_leak
EVA-0041,75,121,19,36.9,94,-52.2,808,26.4,26.2,seal_leak
EVA-0041,80,122,21,36.6,91,-58.4,810,25.5,38.6,seal_leak
EVA-0041,85,129,21,36.6,91,-61.1,784,24.6,42.2,seal_leak
EVA-0041,90,136,21,36.4,89,-64.5,804,23.7,50.2,seal_leak
EVA-0041,95,139,21,36.2,87,-65.6,720,22.6,57.8,seal_leak
EVA-0041,100,145,22,36.2,86,-66.2,716,21.5,65.1,seal_leak
EVA-0041,105,153,25,36.1,84,-66.6,674,20.4,70.9,seal_leak
EVA-0042,0,93,17,37.0,98,-81.0,690,29.6,7.0,heater_failure
EVA-0042,5,92,18,37.0,98,-80.9,748,29.6,7.7,heater_failure
EVA-0042,10,98,19,36.9,99,-81.9,699,29.6,10.5,heater_failure
EVA-0042,15,91,19,36.9,99,-80.2,718,29.6,9.3,heater_failure
EVA-0042,20,98,19,36.8,99,-80.8,768,29.6,11.9,heater_failure
EVA-0042,25,102,19,36.8,99,-78.3,744,29.6,12.2,heater_failure
EVA-0042,30,99,19,36.8,98,-78.9,814,29.6,12.1,heater_failure
EVA-0042,35,97,19,36.6,99,-80.6,733,29.6,14.4,heater_failure
EVA-0042,40,104,20,36.7,99,-76.7,734,29.6,15.4,heater_failure
EVA-0042,45,112,21,36.5,98,-81.6,810,29.5,19.4,heater_failure
EVA-0042,50,111,21,36.5,99,-78.0,825,29.6,19.9,heater_failure
EVA-0042,55,108,21,36.4,98,-79.3,779,29.6,20.1,heater_failure
EVA-0042,60,115,21,36.5,99,-75.9,889,29.6,21.4,heater_failure
EVA-0042,65,108,20,36.4,99,-77.6,926,29.6,19.8,heater_failure
EVA-0042,70,114,23,36.3,99,-78.6,822,29.6,24.4,heater_failure
EVA-0042,75,113,21,36.2,98,-77.8,928,29.6,24.1,heater_failure
EVA-0042,80,116,21,36.3,98,-78.2,764,29.6,23.5,heater_failure
EVA-0042,85,119,22,36.2,98,-77.5,931,29.6,25.9,heater_failure
EVA-0042,90,122,22,36.2,99,-77.5,854,29.6,26.3,heater_failure
EVA-0042,95,126,22,36.2,98,-78.0,948,29.5,27.1,heater_failure
EVA-0042,100,123,21,36.2,98,-76.8,871,29.6,26.4,heater_failure
EVA-0042,105,127,22,36.1,98,-76.7,922,29.6,29.0,heater_failure
EVA-0042,110,131,23,36.0,98,-78.4,900,29.6,32.2,heater_failure
EVA-0042,115,134,21,35.8,98,-79.4,937,29.6,33.0,heater_failure
EVA-0042,120,129,21,35.9,98,-77.2,1040,29.6,31.1,heater_failure
EVA-0042,125,132,22,35.8,98,-77.1,963,29.6,34.1,heater_failure
EVA-0042,130,133,22,35.8,98,-77.1,1074,29.6,34.1,heater_failure
EVA-0042,135,132,21,35.7,98,-77.6,972,29.6,34.7,heater_failure
EVA-0042,140,129,21,35.7,99,-76.7,1068,29.7,33.0,heater_failure
EVA-0042,145,133,20,35.6,98,-77.7,938,29.6,35.2,heater_failure
EVA-0042,150,135,22,35.7,99,-76.1,1009,29.6,34.7,heater_failure
EVA-0042,155,131,21,35.6,99,-75.9,1009,29.7,34.3,heater_failure
EVA-0042,160,116,19,34.9,98,-82.2,1113,29.7,37.6,heater_failure
EVA-0042,165,108,19,34.7,98,-83.1,1063,29.6,35.7,heater_failure
EVA-0042,170,109,19,34.8,98,-80.8,971,29.6,35.8,heater_failure
EVA-0042,175,109,18,34.8,98,-80.6,1017,29.5,34.9,heater_failure
EVA-0042,180,99,15,34.6,98,-81.7,1041,29.6,30.8,heater_failure
EVA-0042,185,89,16,34.5,98,-81.1,1140,29.6,29.3,heater_failure
EVA-0042,190,87,15,34.3,98,-82.6,1145,29.6,28.1,heater_failure
EVA-0042,195,85,15,34.2,97,-83.4,1106,29.5,30.2,heater_failure
EVA-0043,0,68,17,36.7,98,-72.2,531,29.6,6.4,seal_leak
EVA-0043,5,76,19,36.7,99,-75.0,540,29.6,9.3,seal_leak
EVA-0043,10,84,18,36.6,99,-76.6,615,29.6,9.7,seal_leak
EVA-0043,15,86,19,36.7,98,-76.7,609,29.6,11.3,seal_leak
EVA-0043,20,91,20,36.8,98,-75.4,489,29.6,11.4,seal_leak
EVA-0043,25,88,19,36.8,99,-77.2,606,29.6,10.3,seal_leak
EVA-0043,30,88,19,36.8,99,-76.3,629,29.6,9.9,seal_leak
EVA-0043,35,86,20,36.8,99,-78.1,619,29.7,10.5,seal_leak
EVA-0043,40,93,21,36.7,98,-79.2,652,29.6,13.2,seal_leak
EVA-0043,45,92,20,36.7,99,-75.6,574,29.6,12.9,seal_leak
EVA-0043,50,92,20,36.9,99,-77.0,535,29.5,9.4,seal_leak
EVA-0043,55,99,22,36.8,98,-78.0,619,29.5,14.0,seal_leak
EVA-0043,60,95,21,36.8,98,-78.3,674,29.3,13.5,seal_leak
EVA-0043,65,100,22,36.8,98,-75.9,524,29.1,15.0,seal_leak
EVA-0043,70,95,22,36.7,97,-76.8,626,28.9,17.4,seal_leak
EVA-0043,75,107,23,36.7,97,-76.0,581,28.6,21.5,seal_leak
EVA-0043,80,100,23,36.8,97,-77.9,649,28.3,18.9,seal_leak
EVA-0043,85,108,22,36.7,96,-76.9,735,28.0,22.9,seal_leak
EVA-0043,90,110,24,36.6,95,-76.2,647,27.7,28.3,seal_leak
EVA-0043,95,108,23,36.5,95,-77.0,649,27.4,28.7,seal_leak
EVA-0043,100,113,24,36.5,94,-76.1,682,27.0,32.1,seal_leak
EVA-0043,105,116,23,36.5,94,-76.2,648,26.6,34.6,seal_leak
EVA-0043,110,112,24,36.5,93,-74.6,636,26.1,35.8,seal_leak
EVA-0043,115,117,25,36.4,92,-76.1,674,25.7,41.4,seal_leak
EVA-0043,120,124,25,36.3,92,-73.2,653,25.3,46.1,seal_leak
EVA-0043,125,123,25,36.3,91,-73.0,642,24.8,47.6,seal_leak
EVA-0043,130,132,25,36.2,91,-72.9,623,24.3,51.0,seal_leak
EVA-0043,135,136,28,36.1,90,-71.5,612,24.0,58.5,seal_leak
EVA-0043,140,135,27,36.1,89,-71.7,647,23.4,59.6,seal_leak
EVA-0043,145,138,26,36.1,88,-71.4,602,22.9,63.1,seal_leak
EVA-0043,150,135,28,36.0,87,-69.2,644,22.4,68.2,seal_leak
EVA-0043,155,141,29,35.8,86,-68.4,568,21.9,73.1,seal_leak
EVA-0043,160,148,28,35.8,85,-68.9,636,21.3,77.5,seal_leak
EVA-0043,165,154,26,35.7,84,-68.2,600,20.7,78.5,seal_leak
EVA-0043,170,156,31,35.7,83,-66.9,552,20.1,83.1,seal_leak
EVA-0043,175,159,28,35.6,82,-66.6,586,19.6,81.4,seal_leak
EVA-0043,180,155,29,35.5,82,-63.3,547,19.0,82.6,seal_leak
EVA-0043,185,152,28,35.7,82,-63.9,557,18.4,79.7,seal_leak
EVA-0043,190,152,28,35.6,82,-63.5,535,17.8,80.6,seal_leak
EVA-0043,195,154,29,35.5,82,-63.9,535,17.2,83.3,seal_leak
EVA-0044,0,89,16,37.2,97,-36.0,603,29.6,9.6,scrubber_exhaustion
EVA-0044,5,88,14,37.2,97,-36.1,690,29.6,8.2,scrubber_exhaustion
EVA-0044,10,87,15,37.3,97,-33.3,686,29.6,8.5,scrubber_exhaustion
EVA-0044,15,90,17,37.3,97,-35.0,644,29.6,10.2,scrubber_exhaustion
EVA-0044,20,95,17,37.4,97,-33.4,747,29.6,12.8,scrubber_exhaustion
EVA-0044,25,94,16,37.3,97,-32.5,619,29.5,12.3,scrubber_exhaustion
EVA-0044,30,98,18,37.2,97,-30.5,767,29.6,14.0,scrubber_exhaustion
EVA-0044,35,93,17,37.4,97,-31.0,715,29.6,14.4,scrubber_exhaustion
EVA-0044,40,103,17,37.4,97,-30.4,615,29.6,15.1,scrubber_exhaustion
EVA-0044,45,102,18,37.4,98,-32.0,788,29.7,15.0,scrubber_exhaustion
EVA-0044,50,101,18,37.4,97,-30.6,768,29.6,16.3,scrubber_exhaustion
EVA-0044,55,98,18,37.3,97,-27.9,713,29.6,14.9,scrubber_exhaustion
EVA-0044,60,107,18,37.5,97,-31.4,697,29.6,18.6,scrubber_exhaustion
EVA-0044,65,108,18,37.4,97,-27.0,678,29.6,18.0,scrubber_exhaustion
EVA-0044,70,107,18,37.3,97,-27.9,872,29.7,16.4,scrubber_exhaustion
EVA-0044,75,107,19,37.4,97,-29.3,747,29.6,19.5,scrubber_exhaustion
EVA-0044,80,109,19,37.5,97,-29.4,766,29.6,18.8,scrubber_exhaustion
EVA-0044,85,107,19,37.4,97,-26.2,880,29.7,19.0,scrubber_exhaustion
EVA-0044,90,105,19,37.4,98,-26.9,850,29.6,15.3,scrubber_exhaustion
EVA-0044,95,107,19,37.4,97,-28.9,947,29.5,18.5,scrubber_exhaustion
EVA-0044,100,108,18,37.4,98,-28.9,1114,29.6,15.5,scrubber_exhaustion
EVA-0044,105,110,18,37.5,97,-30.2,1179,29.6,18.3,scrubber_exhaustion
EVA-0044,110,106,18,37.4,97,-29.7,1242,29.5,18.0,scrubber_exhaustion
EVA-0044,115,111,18,37.3,97,-31.2,1373,29.6,18.0,scrubber_exhaustion
EVA-0044,120,107,20,37.5,97,-31.0,1477,29.6,20.2,scrubber_exhaustion
EVA-0044,125,110,20,37.5,97,-29.4,1630,29.6,21.4,scrubber_exhaustion
EVA-0044,130,116,21,37.5,97,-32.4,1747,29.6,23.0,scrubber_exhaustion
EVA-0044,135,117,20,37.5,97,-34.2,1916,29.6,21.9,scrubber_exhaustion
EVA-0044,140,117,22,37.5,97,-35.4,2087,29.6,25.3,scrubber_exhaustion
EVA-0044,145,116,23,37.6,98,-34.5,2266,29.6,25.2,scrubber_exhaustion
EVA-0044,150,121,22,37.6,97,-36.5,2543,29.7,26.5,scrubber_exhaustion
EVA-0044,155,114,22,37.6,97,-36.3,2740,29.6,25.6,scrubber_exhaustion
EVA-0044,160,118,23,37.6,97,-39.6,2886,29.6,28.4,scrubber_exhaustion
EVA-0044,165,116,23,37.7,97,-37.9,3108,29.5,28.3,scrubber_exhaustion
EVA-0044,170,124,24,37.7,97,-41.1,3402,29.6,30.3,scrubber_exhaustion
EVA-0044,175,124,24,37.7,97,-40.9,3766,29.7,31.5,scrubber_exhaustion
EVA-0044,180,131,23,37.8,97,-42.6,3895,29.6,33.1,scrubber_exhaustion
EVA-0044,185,130,26,37.8,97,-41.3,4219,29.6,35.7,scrubber_exhaustion
EVA-0044,190,135,26,37.7,97,-44.5,4529,29.6,35.4,scrubber_exhaustion
EVA-0044,195,136,26,37.8,97,-43.6,4831,29.6,37.2,scrubber_exhaustion
EVA-0044,200,145,28,37.9,96,-46.6,5139,29.6,42.3,scrubber_exhaustion
EVA-0044,205,143,28,38.0,96,-46.8,5548,29.6,43.3,scrubber_exhaustion
EVA-0044,210,155,31,38.1,96,-50.1,5866,29.6,49.2,scrubber_exhaustion
EVA-0044,215,147,31,38.0,96,-50.8,6247,29.6,46.5,scrubber_exhaustion
EVA-0044,220,154,31,38.1,96,-51.1,6611,29.6,49.7,scrubber_exhaustion
EVA-0044,225,157,32,38.1,96,-52.8,7014,29.6,52.5,scrubber_exhaustion
EVA-0044,230,159,32,38.2,96,-54.6,7448,29.6,53.8,scrubber_exhaustion
EVA-0044,235,162,34,38.2,96,-57.0,7852,29.6,57.0,scrubber_exhaustion
EVA-0044,240,162,35,38.2,96,-58.1,8325,29.6,56.7,scrubber_exhaustion
EVA-0044,245,164,35,38.3,96,-57.8,8718,29.7,59.2,scrubber_exhaustion
EVA-0044,250,171,36,38.3,95,-58.9,9088,29.7,61.7,scrubber_exhaustion
EVA-0044,255,176,37,38.4,96,-62.5,9625,29.6,62.3,scrubber_exhaustion
EVA-0044,260,184,38,38.4,96,-63.9,10101,29.6,64.0,scrubber_exhaustion
EVA-0044,265,181,40,38.4,96,-65.3,10652,29.5,63.0,scrubber_exhaustion
EVA-0045,0,81,15,37.0,99,-81.7,583,29.7,3.2,seal_leak
EVA-0045,5,83,15,36.9,98,-79.8,711,29.6,4.0,seal_leak
EVA-0045,10,84,16,36.9,98,-80.6,738,29.6,5.4,seal_leak
EVA-0045,15,88,16,36.9,98,-80.3,661,29.5,5.3,seal_leak
EVA-0045,20,85,18,36.9,98,-79.5,697,29.5,6.5,seal_leak
EVA-0045,25,86,18,37.0,99,-77.5,744,29.6,5.7,seal_leak
EVA-0045,30,93,18,37.0,99,-79.0,788,29.6,7.9,seal_leak
EVA-0045,35,97,19,37.1,99,-77.3,780,29.6,9.7,seal_leak
EVA-0045,40,96,19,37.1,99,-77.1,642,29.6,9.1,seal_leak
EVA-0045,45,99,19,37.1,99,-75.0,716,29.5,10.1,seal_leak
EVA-0045,50,91,18,37.1,99,-74.3,762,29.6,8.2,seal_leak
EVA-0045,55,101,19,37.0,98,-76.8,727,29.6,10.7,seal_leak
EVA-0045,60,101,19,37.0,98,-72.5,839,29.5,10.7,seal_leak
EVA-0045,65,97,19,37.2,99,-73.7,842,29.6,11.1,seal_leak
EVA-0045,70,102,19,37.1,98,-71.9,742,29.6,11.3,seal_leak
EVA-0045,75,100,19,37.0,99,-72.5,781,29.6,10.0,seal_leak
EVA-0045,80,100,20,37.1,98,-70.0,764,29.6,12.0,seal_leak
EVA-0045,85,103,19,37.1,98,-66.5,799,29.5,10.7,seal_leak
EVA-0045,90,99,20,37.1,99,-68.5,808,29.6,11.5,seal_leak
EVA-0045,95,93,19,37.1,99,-68.3,870,29.6,8.5,seal_leak
EVA-0045,100,93,18,37.0,98,-67.1,797,29.6,7.2,seal_leak
EVA-0045,105,89,18,37.1,99,-67.6,715,29.5,7.0,seal_leak
EVA-0045,110,98,18,36.9,98,-63.1,753,29.3,9.1,seal_leak
EVA-0045,115,99,17,36.9,98,-63.5,772,29.0,10.0,seal_leak
EVA-0045,120,94,19,36.9,97,-64.2,780,28.8,12.8,seal_leak
EVA-0045,125,102,21,36.8,97,-63.2,807,28.5,17.9,seal_leak
EVA-0045,130,106,20,36.9,96,-60.9,747,28.0,18.1,seal_leak
EVA-0045,135,109,20,36.8,96,-58.8,734,27.6,20.6,seal_leak
EVA-0045,140,114,22,36.8,95,-60.4,737,27.2,26.2,seal_leak
EVA-0045,145,111,22,36.7,94,-56.7,721,26.7,29.0,seal_leak
EVA-0045,150,113,22,36.7,93,-57.1,732,26.3,32.9,seal_leak
EVA-0045,155,116,22,36.5,93,-57.2,720,25.7,35.4,seal_leak
EVA-0045,160,120,22,36.5,91,-55.7,754,25.1,42.4,seal_leak
EVA-0045,165,118,23,36.5,90,-52.1,686,24.6,44.0,seal_leak
EVA-0045,170,127,22,36.4,89,-55.0,695,24.0,48.1,seal_leak
EVA-0045,175,133,23,36.3,88,-53.3,678,23.4,55.9,seal_leak
EVA-0045,180,138,25,36.2,87,-50.4,707,22.7,62.4,seal_leak
EVA-0045,185,138,26,36.1,86,-50.4,665,22.1,66.4,seal_leak
EVA-0045,190,138,26,36.0,85,-50.8,687,21.5,70.6,seal_leak
EVA-0045,195,142,26,35.9,84,-47.9,610,20.8,72.6,seal_leak
EVA-0045,200,146,24,35.8,83,-47.1,627,20.1,73.0,seal_leak
EVA-0045,205,152,26,35.8,82,-47.2,599,19.4,76.5,seal_leak
EVA-0045,210,154,27,35.8,82,-47.6,568,18.6,78.2,seal_leak
EVA-0045,215,155,28,35.8,82,-46.8,582,17.9,78.2,seal_leak
EVA-0046,0,80,17,37.1,98,-61.6,548,29.6,5.7,nominal
EVA-0046,5,80,18,37.0,98,-59.4,627,29.6,5.4,nominal
EVA-0046,10,83,19,37.1,98,-59.7,528,29.5,8.8,nominal
EVA-0046,15,85,19,37.1,98,-61.4,513,29.7,7.8,nominal
EVA-0046,20,93,19,37.1,98,-62.4,655,29.6,11.4,nominal
EVA-0046,25,96,20,37.2,98,-61.7,602,29.5,12.9,nominal
EVA-0046,30,96,21,37.2,98,-63.0,602,29.6,13.9,nominal
EVA-0046,35,101,22,37.2,98,-65.4,624,29.5,14.9,nominal
EVA-0046,40,106,22,37.2,98,-62.5,648,29.6,16.9,nominal
EVA-0046,45,110,22,37.2,98,-62.2,624,29.7,17.6,nominal
EVA-0046,50,110,22,37.3,98,-61.6,680,29.6,18.1,nominal
EVA-0046,55,110,23,37.3,97,-64.2,623,29.5,20.6,nominal
EVA-0046,60,114,23,37.3,98,-63.0,662,29.6,20.7,nominal
EVA-0046,65,120,25,37.3,98,-62.8,585,29.6,22.2,nominal
EVA-0046,70,111,23,37.3,98,-62.8,747,29.6,18.9,nominal
EVA-0046,75,121,24,37.3,98,-62.6,696,29.6,22.6,nominal
EVA-0046,80,116,24,37.3,98,-62.4,743,29.6,21.8,nominal
EVA-0046,85,116,24,37.3,98,-61.8,744,29.6,21.9,nominal
EVA-0046,90,113,23,37.3,98,-60.8,756,29.7,20.4,nominal
EVA-0046,95,118,23,37.3,98,-59.7,741,29.6,21.3,nominal
EVA-0046,100,113,24,37.4,98,-61.6,768,29.6,23.1,nominal
EVA-0046,105,115,23,37.3,97,-60.4,716,29.6,21.4,nominal
EVA-0046,110,115,22,37.2,98,-60.1,716,29.6,18.5,nominal
EVA-0046,115,115,24,37.3,98,-59.6,774,29.6,22.7,nominal
EVA-0046,120,114,24,37.4,98,-60.3,757,29.6,22.2,nominal
EVA-0046,125,110,23,37.3,97,-57.6,861,29.7,19.9,nominal
EVA-0046,130,112,22,37.3,98,-56.4,823,29.6,19.0,nominal
EVA-0046,135,112,23,37.3,97,-56.4,783,29.5,20.9,nominal
EVA-0046,140,110,23,37.3,98,-55.6,813,29.6,20.4,nominal
EVA-0046,145,108,21,37.3,98,-54.3,840,29.6,16.7,nominal
EVA-0046,150,110,21,37.2,98,-52.4,841,29.6,16.3,nominal
EVA-0046,155,107,21,37.3,98,-53.9,865,29.6,16.5,nominal
EVA-0046,160,109,21,37.1,98,-54.1,865,29.6,15.4,nominal
EVA-0046,165,105,21,37.2,98,-52.1,809,29.6,14.9,nominal
EVA-0046,170,101,22,37.3,98,-49.0,784,29.6,16.1,nominal
EVA-0046,175,100,22,37.3,98,-52.0,873,29.6,16.0,nominal
EVA-0046,180,99,21,37.2,98,-49.2,925,29.6,14.4,nominal
EVA-0046,185,97,21,37.1,98,-48.0,893,29.6,11.6,nominal
EVA-0046,190,99,21,37.1,98,-51.7,974,29.6,12.5,nominal
EVA-0046,195,98,21,37.2,98,-47.9,926,29.6,13.7,nominal
EVA-0046,200,99,19,37.2,98,-47.2,998,29.6,12.5,nominal
EVA-0046,205,90,19,37.1,98,-47.8,998,29.6,9.5,nominal
EVA-0046,210,89,19,37.1,98,-47.9,1003,29.6,10.0,nominal
EVA-0046,215,90,19,37.2,98,-47.5,911,29.7,11.0,nominal
EVA-0046,220,87,19,37.1,98,-46.9,975,29.6,8.9,nominal
EVA-0046,225,87,18,37.1,98,-46.7,1039,29.6,8.7,nominal
EVA-0047,0,88,17,36.9,98,-62.7,487,29.6,7.3,nominal
EVA-0047,5,90,17,36.9,98,-62.8,477,29.6,6.4,nominal
EVA-0047,10,85,17,36.9,97,-64.3,592,29.7,7.8,nominal
EVA-0047,15,86,16,37.0,98,-64.5,546,29.5,4.4,nominal
EVA-0047,20,91,17,36.9,98,-62.4,619,29.6,7.3,nominal
EVA-0047,25,90,18,36.9,98,-63.7,595,29.6,8.5,nominal
EVA-0047,30,93,19,36.9,98,-63.2,588,29.6,9.0,nominal
EVA-0047,35,92,19,37.0,97,-66.1,560,29.6,9.6,nominal
EVA-0047,40,98,20,37.0,98,-63.6,639,29.7,11.2,nominal
EVA-0047,45,101,19,36.9,98,-65.4,628,29.6,11.2,nominal
EVA-0047,50,98,19,37.0,98,-65.5,691,29.6,9.9,nominal
EVA-0047,55,104,18,36.9,98,-63.2,630,29.6,11.5,nominal
EVA-0047,60,101,20,36.9,98,-62.7,703,29.6,13.4,nominal
EVA-0047,65,97,20,37.0,98,-62.3,761,29.6,10.0,nominal
EVA-0047,70,99,21,37.0,98,-60.7,712,29.6,11.2,nominal
EVA-0047,75,98,21,37.0,97,-59.7,747,29.6,13.2,nominal
EVA-0047,80,99,18,36.8,98,-58.1,750,29.5,10.7,nominal
EVA-0047,85,100,18,36.9,98,-60.3,822,29.6,9.8,nominal
EVA-0047,90,104,17,37.0,98,-56.0,766,29.6,8.8,nominal
EVA-0047,95,97,20,37.0,98,-54.3,793,29.6,11.0,nominal
EVA-0047,100,101,20,37.0,98,-55.8,772,29.6,11.3,nominal
EVA-0047,105,101,20,37.1,98,-56.1,751,29.6,11.7,nominal
EVA-0047,110,102,19,37.1,98,-54.5,744,29.6,12.0,nominal
EVA-0047,115,105,20,37.1,98,-52.0,868,29.6,13.4,nominal
EVA-0047,120,105,20,37.1,98,-47.7,778,29.5,12.6,nominal
EVA-0047,125,98,20,37.0,97,-48.7,869,29.6,12.3,nominal
EVA-0047,130,102,20,37.0,98,-48.1,867,29.6,11.1,nominal
EVA-0047,135,96,19,37.0,98,-46.7,901,29.7,10.4,nominal
EVA-0047,140,95,18,36.9,98,-46.1,849,29.7,9.8,nominal
EVA-0047,145,99,19,36.9,98,-42.1,849,29.6,10.6,nominal
EVA-0047,150,93,18,36.9,98,-42.0,914,29.6,9.1,nominal
EVA-0047,155,91,17,36.8,98,-38.0,896,29.6,8.8,nominal
EVA-0047,160,86,18,36.8,98,-38.5,867,29.7,8.5,nominal
EVA-0047,165,88,18,36.9,98,-37.1,1022,29.6,9.0,nominal
EVA-0047,170,92,18,36.9,98,-37.3,911,29.6,8.1,nominal
EVA-0048,0,96,17,37.0,98,-53.0,630,29.6,7.1,nominal
EVA-0048,5,88,16,37.0,98,-54.7,610,29.6,4.3,nominal
EVA-0048,10,89,17,37.0,98,-53.5,697,29.5,6.2,nominal
EVA-0048,15,89,16,37.1,99,-56.7,691,29.6,5.4,nominal
EVA-0048,20,95,14,37.0,98,-56.5,714,29.6,4.2,nominal
EVA-0048,25,95,17,37.0,98,-57.6,677,29.6,6.7,nominal
EVA-0048,30,96,16,37.0,98,-58.8,701,29.6,6.2,nominal
EVA-0048,35,98,17,37.0,98,-60.8,615,29.5,7.4,nominal
EVA-0048,40,98,16,37.0,98,-62.9,738,29.6,6.5,nominal
EVA-0048,45,96,18,36.9,98,-64.3,735,29.6,9.5,nominal
EVA-0048,50,102,17,37.1,98,-65.8,689,29.6,8.8,nominal
EVA-0048,55,101,19,37.0,98,-69.3,743,29.6,9.7,nominal
EVA-0048,60,100,17,37.0,98,-67.1,745,29.6,8.4,nominal
EVA-0048,65,104,17,37.0,98,-68.9,845,29.6,9.0,nominal
EVA-0048,70,103,19,37.0,98,-69.4,726,29.6,10.1,nominal
EVA-0048,75,107,18,37.0,98,-71.7,798,29.6,10.3,nominal
EVA-0048,80,109,19,37.2,98,-71.9,742,29.6,13.8,nominal
EVA-0048,85,114,18,37.2,98,-75.4,775,29.6,13.5,nominal
EVA-0048,90,114,19,37.0,99,-76.2,821,29.6,12.4,nominal
EVA-0048,95,111,20,37.1,98,-78.8,808,29.5,13.9,nominal
EVA-0048,100,114,19,37.2,98,-76.9,826,29.6,14.4,nominal
EVA-0048,105,111,19,37.1,98,-78.6,850,29.6,12.6,nominal
EVA-0048,110,110,18,37.2,98,-79.6,822,29.6,12.7,nominal
EVA-0048,115,111,19,37.1,98,-78.8,893,29.7,14.4,nominal
EVA-0048,120,106,20,37.0,98,-80.4,848,29.6,11.6,nominal
EVA-0048,125,112,19,37.1,98,-82.3,866,29.7,12.7,nominal
EVA-0048,130,108,19,37.1,98,-78.1,895,29.6,12.9,nominal
EVA-0048,135,110,21,37.0,98,-81.6,898,29.6,13.8,nominal
EVA-0048,140,110,19,37.0,98,-83.3,925,29.6,12.0,nominal
EVA-0048,145,113,19,37.1,98,-83.1,919,29.6,12.7,nominal
EVA-0048,150,110,19,37.1,98,-82.8,935,29.7,12.2,nominal
EVA-0048,155,112,19,37.1,98,-83.0,908,29.6,13.8,nominal
EVA-0048,160,108,19,37.2,98,-81.3,883,29.6,14.2,nominal
EVA-0048,165,110,20,37.1,98,-83.0,876,29.6,14.1,nominal
EVA-0048,170,109,19,37.2,98,-80.6,874,29.6,13.6,nominal
EVA-0048,175,113,19,37.1,98,-83.2,1037,29.6,13.2,nominal
EVA-0048,180,106,19,37.1,98,-82.0,867,29.6,12.6,nominal
EVA-0048,185,107,19,37.1,98,-80.9,1029,29.5,12.2,nominal
EVA-0048,190,106,18,37.1,98,-80.4,947,29.6,10.8,nominal
EVA-0048,195,97,18,37.1,98,-79.8,1046,29.6,9.9,nominal
EVA-0048,200,98,16,36.9,98,-81.2,902,29.6,7.7,nominal
EVA-0048,205,101,19,36.9,98,-80.2,1000,29.6,10.5,nominal
EVA-0048,210,98,16,37.0,97,-82.5,1084,29.6,8.7,nominal
EVA-0048,215,92,17,37.0,98,-79.1,1060,29.6,5.9,nominal
EVA-0048,220,95,16,36.9,98,-76.7,1021,29.6,6.6,nominal
EVA-0048,225,99,16,36.9,98,-76.1,958,29.6,7.3,nominal
EVA-0048,230,98,17,36.9,98,-76.4,994,29.6,8.2,nominal
EVA-0048,235,98,18,37.0,98,-73.3,1125,29.6,8.2,nominal
EVA-0048,240,92,16,37.0,98,-74.7,1056,29.6,5.5,nominal
EVA-0049,0,84,18,37.0,99,-52.9,815,29.6,5.3,nominal
EVA-0049,5,88,18,36.9,99,-51.7,702,29.6,7.5,nominal
EVA-0049,10,88,17,36.9,98,-54.4,740,29.7,6.1,nominal
EVA-0049,15,93,18,36.9,98,-55.5,839,29.6,8.6,nominal
EVA-0049,20,99,20,37.1,99,-59.2,791,29.6,11.3,nominal
EVA-0049,25,98,20,37.0,98,-61.9,813,29.6,10.3,nominal
EVA-0049,30,103,20,37.0,99,-64.0,880,29.6,11.1,nominal
EVA-0049,35,105,20,37.0,98,-64.6,814,29.6,12.1,nominal
EVA-0049,40,104,19,37.0,98,-64.9,795,29.6,10.6,nominal
EVA-0049,45,110,21,37.1,99,-68.7,813,29.6,14.3,nominal
EVA-0049,50,106,22,37.1,98,-71.8,916,29.6,15.1,nominal
EVA-0049,55,112,23,37.1,98,-73.6,916,29.6,16.6,nominal
EVA-0049,60,113,22,37.1,99,-75.4,888,29.7,15.7,nominal
EVA-0049,65,115,23,37.1,99,-74.9,881,29.6,17.2,nominal
EVA-0049,70,118,21,37.1,98,-77.7,936,29.6,16.5,nominal
EVA-0049,75,116,21,37.1,98,-80.5,1013,29.6,16.5,nominal
EVA-0049,80,114,23,37.1,98,-82.2,939,29.6,17.9,nominal
EVA-0049,85,117,22,37.1,98,-83.4,962,29.6,17.2,nominal
EVA-0049,90,109,21,37.1,98,-84.4,952,29.5,14.4,nominal
EVA-0049,95,107,21,37.1,98,-86.5,1004,29.6,13.8,nominal
EVA-0049,100,105,20,37.0,99,-87.8,1050,29.6,11.9,nominal
EVA-0049,105,102,21,36.9,98,-86.2,1145,29.5,12.1,nominal
EVA-0049,110,102,20,37.0,98,-87.8,1074,29.6,11.3,nominal
EVA-0049,115,95,20,37.0,98,-86.9,1076,29.6,9.6,nominal
EVA-0049,120,95,18,36.9,99,-86.0,1132,29.6,8.9,nominal
EVA-0049,125,94,19,36.9,99,-87.2,1139,29.6,9.3,nominal
EVA-0049,130,94,18,36.9,98,-86.9,1096,29.6,8.1,nominal
EVA-0049,135,92,17,36.9,99,-82.8,1240,29.6,8.3,nominal
EVA-0049,140,87,19,36.9,98,-85.5,1150,29.5,8.5,nominal
EVA-0049,145,92,19,37.0,98,-86.0,1176,29.6,8.5,nominal
EVA-0050,0,94,18,37.0,99,-34.1,487,29.6,7.8,nominal
EVA-0050,5,106,19,37.1,99,-34.4,619,29.6,11.2,nominal
EVA-0050,10,105,19,37.1,98,-32.3,530,29.6,11.6,nominal
EVA-0050,15,108,20,37.1,99,-29.3,616,29.6,12.3,nominal
EVA-0050,20,106,17,37.0,99,-37.3,567,29.6,9.4,nominal
EVA-0050,25,110,21,37.2,99,-36.5,677,29.6,15.7,nominal
EVA-0050,30,108,21,37.1,99,-39.9,622,29.6,14.4,nominal
EVA-0050,35,112,20,37.1,99,-44.6,632,29.6,13.7,nominal
EVA-0050,40,109,19,37.2,99,-49.3,665,29.6,13.3,nominal
EVA-0050,45,109,20,37.2,99,-54.0,695,29.6,14.6,nominal
EVA-0050,50,106,19,37.2,98,-59.6,760,29.6,12.5,nominal
EVA-0050,55,97,19,37.1,99,-64.0,767,29.6,10.4,nominal
EVA-0050,60,103,18,37.1,99,-69.4,737,29.6,10.3,nominal
EVA-0050,65,99,20,37.0,98,-70.3,807,29.5,10.4,nominal
EVA-0050,70,98,17,37.0,99,-76.1,779,29.6,6.9,nominal
EVA-0050,75,95,17,37.0,99,-77.3,881,29.5,7.1,nominal
EVA-0050,80,93,15,36.9,99,-79.8,912,29.5,4.7,nominal
EVA-0050,85,85,15,37.0,99,-77.9,895,29.6,3.4,nominal
EVA-0050,90,84,15,36.9,99,-76.9,931,29.6,3.8,nominal
EVA-0050,95,85,16,36.8,99,-75.0,1019,29.6,5.7,nominal
EVA-0051,0,97,14,37.2,99,-75.8,743,29.6,7.2,heater_failure
EVA-0051,5,99,15,37.2,99,-73.8,788,29.6,7.3,heater_failure
EVA-0051,10,101,16,37.1,99,-72.2,708,29.6,7.9,heater_failure
EVA-0051,15,101,16,37.1,99,-71.9,804,29.6,8.1,heater_failure
EVA-0051,20,105,17,37.0,99,-73.7,847,29.7,8.6,heater_failure
EVA-0051,25,99,16,36.9,99,-76.0,915,29.6,8.6,heater_failure
EVA-0051,30,107,17,37.0,99,-71.5,859,29.6,9.4,heater_failure
EVA-0051,35,111,16,36.8,99,-72.9,824,29.6,12.0,heater_failure
EVA-0051,40,108,18,36.8,99,-71.0,805,29.5,12.8,heater_failure
EVA-0051,45,112,17,36.9,98,-70.6,962,29.6,11.5,heater_failure
EVA-0051,50,112,17,36.8,99,-70.5,930,29.6,13.0,heater_failure
EVA-0051,55,111,19,36.9,99,-69.9,914,29.6,13.1,heater_failure
EVA-0051,60,113,18,36.7,99,-70.7,859,29.5,14.4,heater_failure
EVA-0051,65,109,18,36.7,99,-70.4,908,29.6,14.2,heater_failure
EVA-0051,70,113,18,36.6,99,-71.3,996,29.6,16.4,heater_failure
EVA-0051,75,109,18,36.4,99,-71.6,1001,29.6,17.6,heater_failure
EVA-0051,80,118,17,36.1,99,-74.0,915,29.5,22.7,heater_failure
EVA-0051,85,118,17,35.9,99,-76.1,1048,29.6,24.4,heater_failure
EVA-0051,90,113,17,36.1,99,-72.2,967,29.6,22.0,heater_failure
EVA-0051,95,119,16,35.8,99,-75.8,1116,29.6,25.5,heater_failure
EVA-0051,100,115,17,35.7,99,-75.2,1082,29.6,26.8,heater_failure
EVA-0051,105,107,13,35.2,99,-78.1,1069,29.6,28.8,heater_failure
EVA-0051,110,107,13,35.2,99,-77.1,1152,29.6,28.3,heater_failure
EVA-0051,115,82,9,34.5,98,-82.0,1141,29.6,26.3,heater_failure
EVA-0051,120,86,10,34.6,98,-80.4,1202,29.6,27.0,heater_failure
EVA-0052,0,82,16,37.4,98,-37.2,474,29.6,8.7,nominal
EVA-0052,5,83,16,37.4,98,-36.8,532,29.6,7.8,nominal
EVA-0052,10,78,16,37.4,98,-37.2,531,29.5,7.4,nominal
EVA-0052,15,79,15,37.3,98,-33.7,597,29.5,7.0,nominal
EVA-0052,20,86,17,37.5,98,-36.1,514,29.7,11.0,nominal
EVA-0052,25,83,17,37.5,98,-34.4,658,29.6,10.6,nominal
EVA-0052,30,96,17,37.5,98,-36.1,635,29.6,13.8,nominal
EVA-0052,35,99,19,37.5,98,-33.2,580,29.6,15.4,nominal
EVA-0052,40,92,19,37.4,98,-35.7,682,29.7,13.8,nominal
EVA-0052,45,92,18,37.5,98,-34.4,577,29.7,13.8,nominal
EVA-0052,50,95,18,37.4,98,-35.5,633,29.6,13.5,nominal
EVA-0052,55,91,18,37.6,98,-35.0,577,29.6,14.1,nominal
EVA-0052,60,98,19,37.5,98,-36.3,729,29.6,16.2,nominal
EVA-0052,65,95,18,37.5,97,-37.7,583,29.5,15.5,nominal
EVA-0052,70,103,19,37.5,98,-37.9,604,29.6,16.0,nominal
EVA-0052,75,96,18,37.6,98,-36.7,652,29.6,15.3,nominal
EVA-0052,80,100,20,37.5,97,-39.1,751,29.6,18.5,nominal
EVA-0052,85,98,19,37.5,98,-42.4,746,29.6,15.5,nominal
EVA-0052,90,103,20,37.6,98,-40.9,720,29.6,18.6,nominal
EVA-0052,95,95,20,37.5,98,-44.7,771,29.6,15.5,nominal
EVA-0052,100,98,19,37.5,98,-44.2,732,29.6,15.2,nominal
EVA-0052,105,99,20,37.5,98,-46.1,767,29.6,16.5,nominal
EVA-0052,110,100,18,37.5,98,-47.6,834,29.6,14.4,nominal
EVA-0052,115,100,19,37.5,98,-47.8,760,29.7,16.9,nominal
EVA-0052,120,96,20,37.5,97,-52.8,748,29.5,17.3,nominal
EVA-0052,125,88,19,37.5,97,-52.8,815,29.6,14.7,nominal
EVA-0052,130,98,20,37.5,98,-53.7,838,29.5,16.0,nominal
EVA-0052,135,94,20,37.5,98,-57.7,821,29.6,15.0,nominal
EVA-0052,140,97,19,37.4,98,-59.5,873,29.6,15.1,nominal
EVA-0052,145,93,18,37.5,98,-60.6,830,29.6,13.7,nominal
EVA-0052,150,91,17,37.4,98,-61.5,856,29.6,11.9,nominal
EVA-0052,155,89,17,37.4,98,-65.0,879,29.6,11.8,nominal
EVA-0052,160,81,17,37.5,98,-64.1,886,29.6,11.1,nominal
EVA-0052,165,86,17,37.4,98,-67.8,957,29.6,9.7,nominal
EVA-0052,170,81,16,37.4,98,-65.8,913,29.7,8.4,nominal
EVA-0052,175,85,17,37.4,99,-67.8,894,29.6,9.6,nominal
EVA-0052,180,82,17,37.4,97,-67.1,942,29.6,10.4,nominal
EVA-0052,185,85,17,37.4,98,-69.5,975,29.6,10.2,nominal
EVA-0053,0,93,15,36.7,98,-59.3,839,29.6,8.2,scrubber_exhaustion
EVA-0053,5,92,17,36.8,97,-57.4,708,29.6,9.2,scrubber_exhaustion
EVA-0053,10,95,16,36.8,98,-56.6,703,29.6,8.6,scrubber_exhaustion
EVA-0053,15,97,18,36.7,98,-52.6,857,29.7,12.5,scrubber_exhaustion
EVA-0053,20,97,16,36.8,98,-51.2,855,29.5,9.5,scrubber_exhaustion
EVA-0053,25,103,17,36.9,98,-49.1,803,29.6,10.5,scrubber_exhaustion
EVA-0053,30,98,17,37.0,98,-47.8,843,29.6,8.8,scrubber_exhaustion
EVA-0053,35,104,17,36.9,98,-46.1,859,29.6,10.9,scrubber_exhaustion
EVA-0053,40,98,19,36.8,98,-42.6,862,29.6,13.2,scrubber_exhaustion
EVA-0053,45,106,18,36.9,98,-41.1,813,29.7,11.1,scrubber_exhaustion
EVA-0053,50,112,19,37.0,98,-39.0,774,29.6,12.7,scrubber_exhaustion
EVA-0053,55,105,18,36.9,97,-38.7,863,29.5,13.6,scrubber_exhaustion
EVA-0053,60,107,19,37.0,98,-36.2,998,29.6,11.9,scrubber_exhaustion
EVA-0053,65,111,19,36.9,98,-37.0,1014,29.6,13.9,scrubber_exhaustion
EVA-0053,70,113,18,36.9,98,-35.7,934,29.6,13.0,scrubber_exhaustion
EVA-0053,75,109,18,36.8,98,-33.1,923,29.6,14.7,scrubber_exhaustion
EVA-0053,80,102,19,36.8,97,-32.8,1067,29.6,14.2,scrubber_exhaustion
EVA-0053,85,100,19,36.9,97,-33.6,1261,29.6,13.3,scrubber_exhaustion
EVA-0053,90,107,19,36.9,98,-34.2,1558,29.6,12.4,scrubber_exhaustion
EVA-0053,95,104,19,36.8,97,-33.1,1814,29.6,14.0,scrubber_exhaustion
EVA-0053,100,112,21,37.0,98,-33.7,2576,29.6,14.8,scrubber_exhaustion
EVA-0053,105,115,22,37.1,97,-31.1,3103,29.6,18.6,scrubber_exhaustion
EVA-0053,110,117,23,37.1,97,-32.7,3776,29.6,20.6,scrubber_exhaustion
EVA-0053,115,123,23,37.2,97,-35.2,4600,29.6,22.5,scrubber_exhaustion
EVA-0053,120,124,26,37.3,97,-36.3,5642,29.6,27.7,scrubber_exhaustion
EVA-0053,125,132,29,37.4,97,-37.0,6704,29.6,33.6,scrubber_exhaustion
EVA-0053,130,136,30,37.6,96,-37.9,7889,29.7,38.7,scrubber_exhaustion
EVA-0053,135,142,34,37.6,96,-38.8,9230,29.6,44.1,scrubber_exhaustion
EVA-0053,140,153,36,37.8,96,-38.7,10651,29.6,51.7,scrubber_exhaustion
EVA-0054,0,93,13,37.1,98,-51.0,844,29.6,5.0,nominal
EVA-0054,5,103,15,37.1,98,-49.2,931,29.7,8.1,nominal
EVA-0054,10,105,15,37.3,99,-46.5,878,29.5,11.1,nominal
EVA-0054,15,110,16,37.2,98,-46.0,919,29.6,11.6,nominal
EVA-0054,20,111,18,37.4,98,-45.5,911,29.6,15.9,nominal
EVA-0054,25,114,18,37.3,98,-42.5,923,29.6,15.7,nominal
EVA-0054,30,119,19,37.4,98,-46.8,998,29.6,17.9,nominal
EVA-0054,35,123,19,37.4,98,-45.6,987,29.6,18.6,nominal
EVA-0054,40,125,19,37.5,98,-47.9,1033,29.6,19.6,nominal
EVA-0054,45,127,19,37.4,98,-51.5,1061,29.6,20.4,nominal
EVA-0054,50,128,21,37.4,97,-57.4,1077,29.5,23.4,nominal
EVA-0054,55,123,20,37.5,98,-58.3,1110,29.7,21.3,nominal
EVA-0054,60,124,18,37.5,98,-62.3,1070,29.6,20.2,nominal
EVA-0054,65,117,19,37.4,98,-65.2,1091,29.6,17.8,nominal
EVA-0054,70,122,17,37.4,98,-69.9,1153,29.6,17.4,nominal
EVA-0054,75,118,18,37.3,98,-70.9,1178,29.6,16.6,nominal
EVA-0054,80,114,17,37.3,98,-73.5,1178,29.6,13.9,nominal
EVA-0054,85,109,16,37.3,98,-75.7,1236,29.6,12.1,nominal
EVA-0054,90,110,17,37.2,98,-79.5,1289,29.6,11.8,nominal
EVA-0055,0,97,15,36.9,98,-70.1,855,29.5,6.9,seal_leak
EVA-0055,5,94,14,36.8,98,-69.3,827,29.6,6.0,seal_leak
EVA-0055,10,92,13,36.9,99,-70.5,865,29.6,4.9,seal_leak
EVA-0055,15,93,15,36.8,98,-69.4,942,29.5,6.9,seal_leak
EVA-0055,20,98,14,36.9,98,-70.1,826,29.6,6.0,seal_leak
EVA-0055,25,99,16,36.9,98,-69.9,846,29.6,7.4,seal_leak
EVA-0055,30,97,16,36.9,98,-70.3,861,29.6,6.7,seal_leak
EVA-0055,35,102,13,36.8,98,-70.3,878,29.5,7.6,seal_leak
EVA-0055,40,99,15,36.8,98,-73.7,903,29.6,8.2,seal_leak
EVA-0055,45,101,15,36.8,98,-71.7,954,29.7,8.5,seal_leak
EVA-0055,50,106,16,37.0,99,-71.2,939,29.6,7.9,seal_leak
EVA-0055,55,109,18,36.9,98,-71.1,928,29.5,11.2,seal_leak
EVA-0055,60,113,17,37.0,98,-73.8,945,29.6,10.0,seal_leak
EVA-0055,65,109,18,37.0,98,-72.2,968,29.6,11.0,seal_leak
EVA-0055,70,114,16,37.0,98,-73.0,872,29.6,9.6,seal_leak
EVA-0055,75,114,17,37.0,98,-70.9,1003,29.6,10.2,seal_leak
EVA-0055,80,114,18,37.1,98,-74.8,925,29.6,12.4,seal_leak
EVA-0055,85,112,17,37.0,98,-74.0,943,29.6,10.1,seal_leak
EVA-0055,90,109,17,37.0,98,-75.2,975,29.4,9.8,seal_leak
EVA-0055,95,114,17,37.0,98,-72.8,953,29.3,11.4,seal_leak
EVA-0055,100,113,17,36.9,98,-70.2,974,29.3,11.6,seal_leak
EVA-0055,105,115,17,37.0,98,-72.8,955,29.2,11.7,seal_leak
EVA-0055,110,111,18,37.0,97,-72.5,932,29.0,13.8,seal_leak
EVA-0055,115,115,19,37.0,97,-71.8,1004,28.8,14.9,seal_leak
EVA-0055,120,117,19,36.9,97,-72.4,965,28.7,16.5,seal_leak
EVA-0055,125,124,19,36.9,96,-71.7,944,28.5,19.5,seal_leak
EVA-0055,130,124,19,36.9,96,-71.4,955,28.3,20.1,seal_leak
EVA-0055,135,123,19,36.8,96,-72.6,894,28.2,22.8,seal_leak
EVA-0055,140,122,21,36.8,95,-71.5,1003,27.9,25.0,seal_leak
EVA-0055,145,123,20,36.8,95,-70.2,870,27.6,26.0,seal_leak
EVA-0055,150,124,18,36.8,95,-69.6,911,27.4,24.9,seal_leak
EVA-0055,155,130,19,36.8,95,-68.9,891,27.2,27.0,seal_leak
EVA-0055,160,131,20,36.7,94,-69.7,884,26.9,31.1,seal_leak
EVA-0055,165,128,21,36.6,94,-69.3,874,26.7,32.9,seal_leak
EVA-0055,170,133,21,36.6,93,-68.4,856,26.5,34.7,seal_leak
EVA-0055,175,131,21,36.6,92,-69.6,921,26.2,37.0,seal_leak
EVA-0055,180,127,20,36.5,92,-69.2,829,25.9,38.0,seal_leak
EVA-0055,185,132,22,36.5,92,-68.2,900,25.6,41.7,seal_leak
EVA-0055,190,134,22,36.6,91,-69.1,882,25.4,42.8,seal_leak
EVA-0055,195,139,22,36.4,90,-66.6,840,25.0,47.3,seal_leak
EVA-0055,200,135,23,36.5,90,-65.3,864,24.7,45.9,seal_leak
EVA-0055,205,140,21,36.4,89,-66.9,834,24.4,49.4,seal_leak
EVA-0055,210,142,22,36.4,89,-65.0,796,24.1,52.0,seal_leak
EVA-0055,215,149,23,36.4,89,-65.8,790,23.7,56.2,seal_leak
EVA-0055,220,143,23,36.3,88,-65.7,838,23.4,57.7,seal_leak
EVA-0055,225,144,21,36.3,87,-61.4,828,23.0,58.0,seal_leak
EVA-0055,230,152,23,36.1,87,-64.6,809,22.7,63.7,seal_leak
EVA-0055,235,156,24,36.1,86,-64.3,782,22.3,67.6,seal_leak
EVA-0055,240,159,24,36.1,86,-61.9,780,22.0,70.7,seal_leak
EVA-0055,245,164,25,36.0,85,-61.3,768,21.6,74.6,seal_leak
EVA-0055,250,159,25,36.0,84,-60.2,719,21.3,74.3,seal_leak
EVA-0055,255,165,25,36.1,83,-58.0,762,20.9,74.4,seal_leak
EVA-0055,260,165,25,35.9,84,-60.7,766,20.5,76.9,seal_leak
EVA-0055,265,164,25,35.9,83,-59.9,745,20.2,75.5,seal_leak
EVA-0055,270,171,25,35.9,82,-56.6,781,19.8,78.0,seal_leak
EVA-0055,275,162,26,35.9,81,-56.8,698,19.3,76.4,seal_leak
EVA-0055,280,166,25,35.8,82,-56.4,698,18.9,77.3,seal_leak
EVA-0055,285,164,25,35.9,81,-57.4,709,18.5,76.9,seal_leak
EVA-0055,290,172,26,35.8,82,-54.8,702,18.1,80.3,seal_leak
EVA-0056,0,80,16,37.1,98,-51.8,492,29.7,3.8,nominal
EVA-0056,5,80,18,37.1,98,-52.8,519,29.6,5.9,nominal
EVA-0056,10,78,17,37.1,98,-50.1,621,29.6,4.6,nominal
EVA-0056,15,82,17,37.0,98,-51.1,540,29.6,4.5,nominal
EVA-0056,20,82,17,37.1,98,-48.5,632,29.6,5.6,nominal
EVA-0056,25,88,19,37.2,98,-48.8,633,29.6,10.7,nominal
EVA-0056,30,93,18,37.1,98,-48.5,622,29.6,8.8,nominal
EVA-0056,35,89,20,37.2,98,-47.6,669,29.6,10.5,nominal
EVA-0056,40,94,20,37.2,98,-43.9,630,29.6,13.3,nominal
EVA-0056,45,96,20,37.2,98,-47.4,724,29.6,12.6,nominal
EVA-0056,50,93,20,37.2,98,-45.8,668,29.6,12.5,nominal
EVA-0056,55,95,21,37.3,98,-44.7,696,29.6,14.3,nominal
EVA-0056,60,95,21,37.2,98,-46.5,704,29.6,12.7,nominal
EVA-0056,65,100,21,37.2,98,-47.0,771,29.7,14.1,nominal
EVA-0056,70,101,21,37.2,98,-45.5,778,29.6,14.4,nominal
EVA-0056,75,101,21,37.3,98,-43.7,649,29.6,15.3,nominal
EVA-0056,80,102,21,37.3,98,-44.9,792,29.6,16.8,nominal
EVA-0056,85,97,22,37.2,98,-44.7,716,29.6,14.3,nominal
EVA-0056,90,99,22,37.2,98,-43.3,793,29.6,15.1,nominal
EVA-0056,95,102,21,37.2,98,-45.5,817,29.6,14.8,nominal
EVA-0056,100,102,21,37.3,98,-44.7,819,29.6,15.8,nominal
EVA-0056,105,98,20,37.2,98,-46.6,871,29.6,12.9,nominal
EVA-0056,110,102,21,37.3,99,-44.6,895,29.6,14.5,nominal
EVA-0056,115,103,20,37.2,98,-45.0,841,29.6,13.7,nominal
EVA-0056,120,99,20,37.2,98,-44.6,853,29.5,13.9,nominal
EVA-0056,125,96,21,37.3,98,-47.3,901,29.6,14.4,nominal
EVA-0056,130,97,20,37.2,98,-46.6,847,29.5,13.2,nominal
EVA-0056,135,100,22,37.2,98,-48.3,909,29.6,14.8,nominal
EVA-0056,140,89,20,37.1,98,-47.6,1004,29.6,11.2,nominal
EVA-0056,145,90,21,37.2,98,-46.1,889,29.6,11.8,nominal
EVA-0056,150,89,19,37.2,98,-48.9,955,29.6,10.6,nominal
EVA-0056,155,87,19,37.1,98,-50.7,958,29.6,9.8,nominal
EVA-0057,0,84,14,37.1,98,-71.6,849,29.6,3.7,heater_failure
EVA-0057,5,89,16,36.9,97,-71.6,797,29.7,6.5,heater_failure
EVA-0057,10,93,16,37.0,97,-71.5,807,29.6,7.8,heater_failure
EVA-0057,15,94,17,37.0,98,-70.1,856,29.6,7.3,heater_failure
EVA-0057,20,95,16,37.0,97,-69.3,854,29.6,8.3,heater_failure
EVA-0057,25,97,18,36.9,98,-69.5,945,29.6,9.4,heater_failure
EVA-0057,30,101,18,37.0,97,-69.1,892,29.6,10.9,heater_failure
EVA-0057,35,98,17,36.9,98,-69.4,858,29.5,10.3,heater_failure
EVA-0057,40,106,18,36.8,98,-70.9,889,29.5,13.6,heater_failure
EVA-0057,45,103,18,36.9,98,-67.6,984,29.6,11.7,heater_failure
EVA-0057,50,107,17,36.7,97,-70.0,947,29.5,14.6,heater_failure
EVA-0057,55,101,17,36.8,97,-67.5,959,29.6,13.3,heater_failure
EVA-0057,60,102,17,36.8,97,-67.1,1030,29.6,11.7,heater_failure
EVA-0057,65,100,17,36.6,97,-69.3,956,29.6,13.0,heater_failure
EVA-0057,70,105,18,36.7,98,-68.5,910,29.6,13.5,heater_failure
EVA-0057,75,103,18,36.9,97,-65.2,986,29.6,12.1,heater_failure
EVA-0057,80,100,18,36.7,98,-67.9,1050,29.6,12.8,heater_failure
EVA-0057,85,99,18,36.5,97,-69.3,1041,29.6,17.2,heater_failure
EVA-0057,90,101,18,36.6,98,-67.0,996,29.6,14.8,heater_failure
EVA-0057,95,100,18,36.4,97,-69.1,1126,29.6,19.3,heater_failure
EVA-0057,100,102,17,36.4,98,-70.7,1102,29.6,15.8,heater_failure
EVA-0057,105,104,17,36.5,98,-68.0,1126,29.6,15.4,heater_failure
EVA-0057,110,105,18,36.2,97,-70.0,1142,29.6,22.3,heater_failure
EVA-0057,115,102,18,36.4,97,-68.8,1078,29.6,18.2,heater_failure
EVA-0057,120,103,17,36.1,97,-70.5,1164,29.6,21.3,heater_failure
EVA-0057,125,102,16,36.1,97,-69.1,1206,29.6,20.4,heater_failure
EVA-0057,130,104,14,35.9,97,-70.1,1230,29.6,20.5,heater_failure
EVA-0057,135,107,15,35.5,97,-73.8,1225,29.6,27.8,heater_failure
EVA-0057,140,105,15,35.7,97,-70.6,1230,29.6,24.0,heater_failure
EVA-0057,145,103,15,35.6,97,-71.8,1142,29.6,26.1,heater_failure
EVA-0057,150,97,15,35.8,98,-70.1,1234,29.6,21.1,heater_failure
EVA-0058,0,81,17,37.0,97,-74.9,650,29.7,5.9,heater_failure
EVA-0058,5,86,18,36.8,98,-73.8,629,29.7,8.1,heater_failure
EVA-0058,10,89,19,36.9,98,-73.6,589,29.6,9.5,heater_failure
EVA-0058,15,92,18,36.8,98,-75.0,664,29.6,10.4,heater_failure
EVA-0058,20,94,19,36.8,98,-72.0,657,29.6,11.8,heater_failure
EVA-0058,25,95,20,36.7,98,-73.5,637,29.6,13.0,heater_failure
EVA-0058,30,95,21,36.8,97,-71.1,697,29.6,14.0,heater_failure
EVA-0058,35,95,21,36.7,98,-72.5,692,29.6,14.4,heater_failure
EVA-0058,40,98,21,36.7,98,-70.6,674,29.6,15.5,heater_failure
EVA-0058,45,99,21,36.7,97,-71.5,705,29.6,16.5,heater_failure
EVA-0058,50,95,21,36.6,98,-72.7,790,29.7,17.6,heater_failure
EVA-0058,55,95,20,36.4,98,-73.9,801,29.6,18.2,heater_failure
EVA-0058,60,102,21,36.3,97,-74.0,760,29.5,21.7,heater_failure
EVA-0058,65,92,20,36.5,98,-72.7,767,29.7,16.3,heater_failure
EVA-0058,70,99,19,36.3,98,-73.3,713,29.6,18.9,heater_failure
EVA-0058,75,98,20,36.3,98,-74.4,867,29.6,19.6,heater_failure
EVA-0058,80,101,20,36.3,98,-73.0,849,29.6,20.5,heater_failure
EVA-0058,85,110,21,36.2,98,-74.3,849,29.6,24.8,heater_failure
EVA-0058,90,109,20,36.1,97,-73.6,726,29.5,25.9,heater_failure
EVA-0058,95,108,21,36.0,98,-76.2,843,29.6,26.0,heater_failure
EVA-0058,100,113,21,35.9,98,-74.2,848,29.5,29.2,heater_failure
EVA-0058,105,112,21,35.9,97,-75.3,897,29.6,30.1,heater_failure
EVA-0058,110,109,21,35.8,98,-74.9,859,29.6,29.6,heater_failure
EVA-0058,115,118,19,35.7,98,-75.6,881,29.6,30.3,heater_failure
EVA-0058,120,114,19,35.4,98,-77.4,932,29.6,31.8,heater_failure
EVA-0058,125,111,22,35.3,98,-78.0,882,29.6,36.1,heater_failure
EVA-0058,130,108,20,35.4,98,-76.2,904,29.6,33.0,heater_failure
EVA-0058,135,98,18,35.0,98,-79.2,951,29.5,33.8,heater_failure
EVA-0058,140,91,17,34.9,97,-78.5,1016,29.6,32.5,heater_failure
EVA-0058,145,85,16,34.7,97,-80.4,1004,29.6,30.3,heater_failure
EVA-0058,150,71,13,34.4,97,-82.8,1029,29.7,28.0,heater_failure
EVA-0058,155,61,12,34.2,97,-82.6,996,29.6,27.2,heater_failure
EVA-0058,160,67,14,34.5,97,-81.1,1073,29.6,28.7,heater_failure
EVA-0058,165,69,12,34.3,97,-81.3,941,29.6,27.2,heater_failure
EVA-0059,0,83,16,36.9,98,-26.9,855,29.6,3.9,seal_leak
EVA-0059,5,90,18,37.0,98,-24.3,857,29.6,6.9,seal_leak
EVA-0059,10,101,19,37.0,98,-21.7,882,29.6,10.0,seal_leak
EVA-0059,15,99,19,37.1,99,-22.0,903,29.6,11.5,seal_leak
EVA-0059,20,107,21,37.1,99,-19.3,902,29.6,14.2,seal_leak
EVA-0059,25,115,23,37.1,98,-22.3,780,29.6,18.2,seal_leak
EVA-0059,30,119,23,37.3,98,-21.6,1035,29.6,20.3,seal_leak
EVA-0059,35,119,22,37.2,98,-24.1,943,29.5,18.4,seal_leak
EVA-0059,40,118,22,37.2,98,-23.4,944,29.1,18.6,seal_leak
EVA-0059,45,121,23,37.0,96,-26.6,923,28.6,21.7,seal_leak
EVA-0059,50,118,23,37.0,96,-29.8,878,27.9,22.9,seal_leak
EVA-0059,55,128,24,37.0,94,-32.2,891,27.0,30.3,seal_leak
EVA-0059,60,131,25,36.7,92,-38.3,852,26.0,39.9,seal_leak
EVA-0059,65,133,26,36.6,91,-41.4,800,25.1,45.5,seal_leak
EVA-0059,70,139,27,36.4,89,-46.3,796,24.1,55.3,seal_leak
EVA-0059,75,138,26,36.4,87,-50.6,755,22.7,60.5,seal_leak
EVA-0059,80,147,28,36.2,85,-52.9,744,21.6,71.1,seal_leak
EVA-0059,85,154,28,36.0,83,-55.6,648,20.3,76.5,seal_leak
EVA-0060,0,79,13,37.1,98,-40.8,895,29.6,1.8,nominal
EVA-0060,5,83,15,37.2,98,-42.2,906,29.6,5.5,nominal
EVA-0060,10,83,15,37.1,98,-37.3,890,29.6,4.3,nominal
EVA-0060,15,87,15,37.1,98,-37.4,832,29.7,5.1,nominal
EVA-0060,20,88,15,37.1,98,-37.8,968,29.6,5.1,nominal
EVA-0060,25,91,17,37.1,98,-38.6,903,29.5,7.2,nominal
EVA-0060,30,93,16,37.1,98,-33.3,1010,29.6,7.4,nominal
EVA-0060,35,103,17,37.2,98,-32.9,954,29.6,10.9,nominal
EVA-0060,40,96,18,37.1,98,-31.2,979,29.6,9.0,nominal
EVA-0060,45,99,18,37.3,98,-31.0,950,29.5,13.4,nominal
EVA-0060,50,103,17,37.3,98,-31.3,1048,29.6,12.8,nominal
EVA-0060,55,101,18,37.3,99,-29.8,1026,29.6,12.5,nominal
EVA-0060,60,104,17,37.2,98,-28.0,1077,29.6,11.0,nominal
EVA-0060,65,103,17,37.3,98,-29.1,1034,29.6,11.7,nominal
EVA-0060,70,103,19,37.4,99,-29.1,1038,29.6,14.5,nominal
EVA-0060,75,106,18,37.3,98,-30.6,1081,29.6,13.4,nominal
EVA-0060,80,104,19,37.3,98,-29.1,1133,29.6,14.1,nominal
EVA-0060,85,108,18,37.2,98,-31.1,1128,29.7,13.6,nominal
EVA-0060,90,102,17,37.2,98,-29.5,1103,29.6,11.2,nominal
EVA-0060,95,98,19,37.2,98,-32.4,1027,29.6,11.9,nominal
EVA-0060,100,98,17,37.1,98,-33.0,1161,29.6,9.4,nominal
EVA-0060,105,92,18,37.3,98,-31.3,1074,29.6,10.9,nominal
EVA-0060,110,97,18,37.2,98,-35.6,1154,29.6,11.3,nominal
EVA-0060,115,98,18,37.2,98,-37.2,1161,29.6,11.2,nominal
EVA-0060,120,95,17,37.2,98,-37.5,1117,29.6,8.9,nominal
EVA-0060,125,91,16,37.1,98,-41.8,1211,29.6,6.2,nominal
EVA-0060,130,90,16,37.2,98,-39.7,1305,29.7,7.5,nominal
EVA-0060,135,90,15,37.1,98,-41.6,1208,29.6,5.2,nominal
EVA-0060,140,92,15,37.1,98,-43.6,1271,29.6,6.4,nominal
EVA-0060,145,87,15,37.1,98,-49.7,1356,29.6,5.2,nominal
EVA-0060,150,82,16,37.1,98,-47.3,1303,29.6,4.1,nominal
EVA-0061,0,98,19,37.1,98,-52.7,841,29.5,12.0,nominal
EVA-0061,5,99,19,37.1,98,-51.6,839,29.5,11.2,nominal
EVA-0061,10,95,19,37.1,98,-48.8,842,29.7,10.2,nominal
EVA-0061,15,97,19,37.1,98,-46.1,826,29.6,11.1,nominal
EVA-0061,20,96,19,36.9,98,-43.6,859,29.6,10.6,nominal
EVA-0061,25,103,19,37.0,98,-43.5,899,29.7,10.6,nominal
EVA-0061,30,101,19,37.1,97,-40.3,957,29.5,14.1,nominal
EVA-0061,35,101,19,37.2,98,-40.3,946,29.6,11.9,nominal
EVA-0061,40,102,19,37.2,98,-39.3,859,29.6,12.3,nominal
EVA-0061,45,100,19,37.1,98,-38.3,968,29.6,11.6,nominal
EVA-0061,50,106,19,37.2,98,-35.7,955,29.5,14.3,nominal
EVA-0061,55,106,19,37.2,98,-35.1,915,29.6,12.9,nominal
EVA-0061,60,104,19,37.2,98,-29.7,962,29.6,12.6,nominal
EVA-0061,65,107,20,37.3,98,-30.2,989,29.6,16.4,nominal
EVA-0061,70,109,21,37.1,98,-29.5,975,29.7,14.8,nominal
EVA-0061,75,101,20,37.1,98,-26.2,1005,29.6,12.3,nominal
EVA-0061,80,105,22,37.2,97,-28.7,955,29.6,17.2,nominal
EVA-0061,85,108,20,37.1,98,-26.3,1093,29.6,13.9,nominal
EVA-0061,90,104,21,37.2,98,-22.9,927,29.6,15.0,nominal
EVA-0061,95,105,22,37.2,98,-24.7,1049,29.6,16.6,nominal
EVA-0061,100,109,22,37.2,98,-21.0,1050,29.6,16.9,nominal
EVA-0061,105,110,21,37.2,98,-22.6,1072,29.6,16.2,nominal
EVA-0061,110,110,21,37.2,98,-21.6,1021,29.6,16.5,nominal
EVA-0061,115,113,21,37.1,98,-21.4,1116,29.6,14.8,nominal
EVA-0061,120,110,22,37.1,98,-23.0,1069,29.6,16.3,nominal
EVA-0061,125,107,21,37.2,98,-23.7,1030,29.6,16.1,nominal
EVA-0061,130,106,20,37.2,98,-23.5,1044,29.6,14.9,nominal
EVA-0061,135,105,20,37.2,98,-24.9,1109,29.6,14.9,nominal
EVA-0061,140,106,19,37.2,98,-24.3,1042,29.6,13.8,nominal
EVA-0061,145,105,21,37.1,98,-24.9,1204,29.6,14.9,nominal
EVA-0061,150,101,19,37.0,98,-23.7,1181,29.5,10.8,nominal
EVA-0061,155,100,20,37.1,98,-25.9,1226,29.6,11.3,nominal
EVA-0061,160,101,19,37.2,98,-24.8,1231,29.6,11.6,nominal
EVA-0061,165,93,17,37.1,98,-31.4,1148,29.5,9.0,nominal
EVA-0061,170,95,20,37.1,97,-31.5,1134,29.5,11.5,nominal
EVA-0061,175,85,17,36.9,98,-31.9,1063,29.6,5.6,nominal
EVA-0061,180,88,16,37.0,98,-31.1,1175,29.6,5.9,nominal
EVA-0061,185,87,18,37.0,98,-34.5,1283,29.6,7.3,nominal
EVA-0061,190,88,18,37.0,98,-37.7,1176,29.6,6.5,nominal
EVA-0061,195,82,16,37.0,98,-37.9,1214,29.6,4.3,nominal
EVA-0061,200,83,16,37.0,97,-40.7,1208,29.6,5.9,nominal
EVA-0061,205,81,17,37.0,98,-42.6,1260,29.6,4.5,nominal
EVA-0061,210,85,16,36.9,98,-40.3,1311,29.7,5.6,nominal
EVA-0062,0,80,15,37.0,99,-62.4,791,29.6,2.8,scrubber_exhaustion
EVA-0062,5,82,16,37.1,99,-63.2,933,29.7,4.8,scrubber_exhaustion
EVA-0062,10,91,16,37.1,98,-64.0,855,29.6,6.2,scrubber_exhaustion
EVA-0062,15,94,18,37.1,99,-68.0,925,29.6,8.5,scrubber_exhaustion
EVA-0062,20,90,17,37.1,98,-70.1,921,29.6,7.9,scrubber_exhaustion
EVA-0062,25,100,19,37.2,98,-69.1,944,29.7,11.7,scrubber_exhaustion
EVA-0062,30,99,19,37.2,98,-70.9,1036,29.6,11.0,scrubber_exhaustion
EVA-0062,35,103,18,37.2,98,-71.1,989,29.6,11.4,scrubber_exhaustion
EVA-0062,40,101,19,37.1,98,-68.6,998,29.6,11.1,scrubber_exhaustion
EVA-0062,45,106,18,37.2,98,-70.5,1022,29.6,12.2,scrubber_exhaustion
EVA-0062,50,100,18,37.2,98,-68.1,1033,29.6,10.3,scrubber_exhaustion
EVA-0062,55,101,18,37.2,99,-64.4,1116,29.6,11.6,scrubber_exhaustion
EVA-0062,60,98,17,37.2,98,-64.5,1387,29.7,10.2,scrubber_exhaustion
EVA-0062,65,96,19,37.2,98,-58.1,1936,29.6,10.8,scrubber_exhaustion
EVA-0062,70,101,21,37.3,98,-57.5,2540,29.6,15.7,scrubber_exhaustion
EVA-0062,75,106,22,37.2,98,-52.9,3342,29.6,16.9,scrubber_exhaustion
EVA-0062,80,109,23,37.5,97,-49.5,4457,29.7,23.1,scrubber_exhaustion
EVA-0062,85,112,26,37.4,97,-47.3,5606,29.6,26.0,scrubber_exhaustion
EVA-0062,90,118,28,37.7,97,-44.4,7218,29.6,31.7,scrubber_exhaustion
EVA-0062,95,137,34,37.9,97,-40.7,8910,29.7,44.5,scrubber_exhaustion
EVA-0062,100,152,35,38.1,97,-36.8,10866,29.6,51.6,scrubber_exhaustion
EVA-0063,0,95,18,37.3,98,-78.9,499,29.6,10.5,nominal
EVA-0063,5,89,17,37.2,98,-78.7,564,29.6,8.6,nominal
EVA-0063,10,90,18,37.3,98,-80.5,599,29.5,12.0,nominal
EVA-0063,15,98,20,37.3,98,-78.9,604,29.7,15.3,nominal
EVA-0063,20,99,20,37.3,98,-78.8,619,29.6,13.4,nominal
EVA-0063,25,99,19,37.3,98,-79.4,639,29.7,13.7,nominal
EVA-0063,30,105,20,37.4,98,-80.4,594,29.6,17.4,nominal
EVA-0063,35,109,20,37.5,98,-81.0,708,29.6,17.7,nominal
EVA-0063,40,106,21,37.3,98,-76.8,641,29.6,16.3,nominal
EVA-0063,45,115,20,37.4,98,-81.1,648,29.6,18.3,nominal
EVA-0063,50,112,22,37.5,98,-78.3,734,29.6,21.4,nominal
EVA-0063,55,114,23,37.4,98,-78.4,658,29.6,22.0,nominal
EVA-0063,60,108,21,37.4,98,-78.2,714,29.6,18.0,nominal
EVA-0063,65,110,24,37.5,98,-77.1,681,29.5,22.0,nominal
EVA-0063,70,116,22,37.4,98,-77.0,841,29.6,20.3,nominal
EVA-0063,75,120,21,37.4,97,-74.9,845,29.5,21.8,nominal
EVA-0063,80,111,21,37.4,98,-73.9,749,29.5,18.5,nominal
EVA-0063,85,111,23,37.5,98,-69.9,791,29.6,21.0,nominal
EVA-0063,90,108,21,37.5,98,-70.6,782,29.6,19.2,nominal
EVA-0063,95,106,20,37.4,98,-70.0,779,29.7,17.6,nominal
EVA-0063,100,108,20,37.4,98,-68.6,814,29.6,16.8,nominal
EVA-0063,105,109,21,37.5,98,-65.7,820,29.7,19.7,nominal
EVA-0063,110,106,21,37.4,98,-67.6,767,29.6,17.6,nominal
EVA-0063,115,106,21,37.4,98,-65.3,861,29.6,18.6,nominal
EVA-0063,120,101,21,37.4,98,-65.9,861,29.7,17.6,nominal
EVA-0063,125,103,19,37.4,98,-61.5,890,29.5,15.5,nominal
EVA-0063,130,102,20,37.3,98,-59.7,886,29.6,15.3,nominal
EVA-0063,135,100,19,37.3,98,-60.5,887,29.6,13.6,nominal
EVA-0063,140,96,18,37.4,98,-56.1,956,29.6,13.8,nominal
EVA-0063,145,99,19,37.4,98,-57.4,954,29.6,14.0,nominal
EVA-0063,150,102,18,37.3,98,-55.6,1007,29.6,13.4,nominal
EVA-0063,155,100,17,37.3,98,-53.8,980,29.6,11.4,nominal
EVA-0064,0,85,16,36.9,97,-48.1,755,29.6,7.4,nominal
EVA-0064,5,93,17,36.9,97,-44.1,759,29.6,9.9,nominal
EVA-0064,10,91,17,37.0,97,-41.7,756,29.6,9.2,nominal
EVA-0064,15,95,17,37.0,98,-40.3,851,29.6,7.4,nominal
EVA-0064,20,95,18,37.0,97,-35.7,866,29.6,10.7,nominal
EVA-0064,25,97,18,37.0,97,-37.8,860,29.6,10.2,nominal
EVA-0064,30,102,20,37.0,97,-35.0,792,29.7,12.5,nominal
EVA-0064,35,103,20,37.0,97,-32.8,859,29.6,13.3,nominal
EVA-0064,40,107,21,37.1,97,-33.0,818,29.6,16.0,nominal
EVA-0064,45,114,21,37.2,97,-33.6,886,29.5,17.5,nominal
EVA-0064,50,111,20,37.2,97,-33.5,936,29.6,17.3,nominal
EVA-0064,55,110,20,37.0,97,-30.2,966,29.6,14.9,nominal
EVA-0064,60,105,20,37.1,97,-28.4,957,29.6,15.6,nominal
EVA-0064,65,109,20,37.1,98,-29.2,1007,29.6,14.5,nominal
EVA-0064,70,105,20,37.1,98,-27.9,977,29.6,13.5,nominal
EVA-0064,75,110,19,37.1,97,-25.9,969,29.5,15.8,nominal
EVA-0064,80,106,19,37.1,97,-27.8,1033,29.6,15.6,nominal
EVA-0064,85,107,20,37.1,97,-30.0,1049,29.6,15.0,nominal
EVA-0064,90,106,20,37.2,97,-28.6,999,29.6,15.5,nominal
EVA-0064,95,116,21,37.1,98,-27.2,1055,29.6,15.7,nominal
EVA-0064,100,110,19,37.1,97,-29.4,1039,29.7,13.8,nominal
EVA-0064,105,112,21,37.1,98,-27.7,976,29.6,16.5,nominal
EVA-0064,110,113,20,37.1,98,-30.1,1101,29.6,15.5,nominal
EVA-0064,115,105,21,37.1,98,-30.3,1037,29.6,13.7,nominal
EVA-0064,120,106,18,37.0,97,-31.9,1125,29.6,11.6,nominal
EVA-0064,125,101,20,37.0,97,-32.1,1055,29.6,13.7,nominal
EVA-0064,130,101,19,37.0,97,-33.0,1107,29.6,11.8,nominal
EVA-0064,135,95,18,37.1,97,-36.2,1134,29.6,10.6,nominal
EVA-0064,140,95,18,37.1,97,-36.0,1222,29.7,10.8,nominal
EVA-0064,145,94,17,37.0,97,-38.2,1158,29.7,8.3,nominal
EVA-0065,0,84,18,37.0,98,-44.6,819,29.6,6.0,nominal
EVA-0065,5,78,16,37.0,98,-44.5,796,29.6,2.6,nominal
EVA-0065,10,82,16,37.0,98,-41.0,853,29.6,3.8,nominal
EVA-0065,15,80,15,37.0,98,-40.8,779,29.6,2.3,nominal
EVA-0065,20,81,17,37.1,98,-40.9,922,29.5,5.1,nominal
EVA-0065,25,81,17,37.0,98,-41.4,900,29.5,5.2,nominal
EVA-0065,30,77,15,36.9,98,-38.0,803,29.6,2.5,nominal
EVA-0065,35,83,17,37.0,98,-38.0,830,29.6,5.9,nominal
EVA-0065,40,80,17,37.0,98,-38.1,893,29.6,4.7,nominal
EVA-0065,45,88,18,37.0,98,-37.9,867,29.5,6.3,nominal
EVA-0065,50,85,17,37.1,98,-36.5,915,29.6,5.6,nominal
EVA-0065,55,84,18,36.9,98,-35.3,882,29.6,6.6,nominal
EVA-0065,60,92,18,37.2,98,-35.9,975,29.6,9.1,nominal
EVA-0065,65,86,18,37.1,98,-36.7,915,29.6,8.4,nominal
EVA-0065,70,91,19,37.1,98,-35.1,1032,29.5,9.5,nominal
EVA-0065,75,88,19,37.1,98,-33.7,959,29.6,8.7,nominal
EVA-0065,80,97,19,37.1,98,-34.9,879,29.6,11.1,nominal
EVA-0065,85,98,19,37.1,98,-34.9,1042,29.6,10.7,nominal
EVA-0065,90,90,19,37.1,98,-35.4,1006,29.6,9.5,nominal
EVA-0065,95,92,20,37.0,98,-36.3,982,29.6,10.1,nominal
EVA-0065,100,95,19,37.2,98,-36.6,1002,29.6,12.6,nominal
EVA-0065,105,97,19,37.2,98,-37.8,927,29.5,12.1,nominal
EVA-0065,110,100,20,37.2,98,-34.8,908,29.6,12.9,nominal
EVA-0065,115,101,21,37.2,98,-36.1,995,29.6,14.6,nominal
EVA-0065,120,101,21,37.2,98,-37.1,1068,29.6,14.7,nominal
EVA-0065,125,95,20,37.2,98,-37.4,1032,29.6,12.5,nominal
EVA-0065,130,98,18,37.1,98,-38.0,1099,29.6,8.7,nominal
EVA-0065,135,96,19,37.1,98,-40.0,1090,29.6,10.9,nominal
EVA-0065,140,97,19,37.1,98,-40.3,1039,29.6,11.1,nominal
EVA-0065,145,92,19,37.1,98,-41.2,1100,29.6,10.1,nominal
EVA-0065,150,97,21,37.2,99,-38.5,1124,29.6,13.0,nominal
EVA-0065,155,97,19,37.1,98,-41.1,1060,29.6,9.9,nominal
EVA-0065,160,102,21,37.1,98,-43.1,1062,29.6,13.5,nominal
EVA-0065,165,98,19,37.1,98,-42.6,1086,29.6,12.3,nominal
EVA-0065,170,97,19,37.2,98,-43.7,979,29.6,11.1,nominal
EVA-0065,175,97,20,37.2,98,-47.8,1109,29.6,12.9,nominal
EVA-0065,180,91,20,37.2,98,-47.3,1137,29.7,11.3,nominal
EVA-0065,185,89,19,37.1,98,-48.1,1119,29.6,9.2,nominal
EVA-0065,190,91,18,37.1,98,-48.3,1136,29.6,8.6,nominal
EVA-0065,195,91,18,37.1,98,-50.2,1127,29.6,9.6,nominal
EVA-0065,200,90,18,37.1,98,-51.0,1047,29.5,8.4,nominal
EVA-0065,205,84,17,37.1,98,-52.4,1220,29.7,5.4,nominal
EVA-0065,210,86,17,37.0,98,-51.5,1137,29.6,5.8,nominal
EVA-0065,215,83,17,37.0,98,-55.4,1134,29.6,4.4,nominal
EVA-0065,220,85,18,37.0,98,-55.0,1231,29.6,6.0,nominal
EVA-0065,225,83,16,37.0,98,-57.5,1223,29.6,4.0,nominal
EVA-0065,230,78,16,37.0,98,-57.3,1199,29.6,2.7,nominal
EVA-0065,235,77,15,37.0,98,-56.4,1230,29.7,2.3,nominal
EVA-0065,240,76,16,37.0,98,-57.0,1151,29.6,2.6,nominal
EVA-0065,245,75,15,36.9,98,-58.4,1208,29.5,2.0,nominal
EVA-0065,250,80,17,36.9,98,-57.2,1278,29.6,4.7,nominal
EVA-0065,255,76,16,37.0,98,-57.4,1197,29.6,3.2,nominal
EVA-0066,0,77,18,37.0,98,-36.7,629,29.6,5.0,scrubber_exhaustion
EVA-0066,5,75,18,37.0,98,-36.3,682,29.5,4.7,scrubber_exhaustion
EVA-0066,10,80,18,37.0,97,-35.6,703,29.6,6.5,scrubber_exhaustion
EVA-0066,15,80,19,37.1,98,-37.1,640,29.5,7.7,scrubber_exhaustion
EVA-0066,20,80,16,37.0,98,-36.1,699,29.5,3.5,scrubber_exhaustion
EVA-0066,25,84,18,37.0,98,-36.1,696,29.6,6.3,scrubber_exhaustion
EVA-0066,30,85,18,37.1,98,-39.5,712,29.5,7.8,scrubber_exhaustion
EVA-0066,35,88,18,37.0,98,-36.5,741,29.6,6.6,scrubber_exhaustion
EVA-0066,40,83,20,37.0,97,-37.0,738,29.6,9.1,scrubber_exhaustion
EVA-0066,45,83,20,37.1,97,-39.9,719,29.5,10.1,scrubber_exhaustion
EVA-0066,50,86,18,37.1,98,-41.7,778,29.6,7.2,scrubber_exhaustion
EVA-0066,55,87,20,37.1,98,-43.7,821,29.6,8.6,scrubber_exhaustion
EVA-0066,60,94,20,37.2,98,-46.7,793,29.5,12.7,scrubber_exhaustion
EVA-0066,65,90,20,37.1,98,-48.6,884,29.6,10.2,scrubber_exhaustion
EVA-0066,70,94,20,37.1,98,-49.6,889,29.6,10.9,scrubber_exhaustion
EVA-0066,75,95,19,37.3,98,-54.2,1099,29.6,12.5,scrubber_exhaustion
EVA-0066,80,96,21,37.1,98,-56.8,1251,29.6,12.2,scrubber_exhaustion
EVA-0066,85,97,21,37.2,97,-58.5,1328,29.6,14.8,scrubber_exhaustion
EVA-0066,90,99,22,37.1,97,-59.8,1509,29.7,16.2,scrubber_exhaustion
EVA-0066,95,101,22,37.2,98,-64.2,1677,29.6,15.7,scrubber_exhaustion
EVA-0066,100,105,22,37.2,97,-65.9,1874,29.5,17.5,scrubber_exhaustion
EVA-0066,105,105,24,37.4,97,-68.3,2127,29.6,21.6,scrubber_exhaustion
EVA-0066,110,101,23,37.3,98,-71.8,2328,29.6,18.3,scrubber_exhaustion
EVA-0066,115,111,24,37.4,98,-75.9,2620,29.6,22.6,scrubber_exhaustion
EVA-0066,120,108,24,37.4,98,-76.4,2879,29.6,21.6,scrubber_exhaustion
EVA-0066,125,117,27,37.4,98,-76.9,3256,29.7,25.5,scrubber_exhaustion
EVA-0066,130,118,27,37.5,97,-78.5,3573,29.5,29.4,scrubber_exhaustion
EVA-0066,135,120,28,37.5,97,-80.2,3897,29.6,30.6,scrubber_exhaustion
EVA-0066,140,119,27,37.5,97,-81.6,4294,29.7,29.1,scrubber_exhaustion
EVA-0066,145,113,29,37.5,97,-84.4,4680,29.6,29.8,scrubber_exhaustion
EVA-0066,150,116,28,37.6,96,-85.7,5161,29.6,32.4,scrubber_exhaustion
EVA-0066,155,119,29,37.7,97,-85.1,5532,29.6,33.8,scrubber_exhaustion
EVA-0066,160,124,31,37.7,97,-86.4,6045,29.6,37.1,scrubber_exhaustion
EVA-0066,165,126,32,37.7,97,-85.3,6472,29.7,38.6,scrubber_exhaustion
EVA-0066,170,134,32,37.8,97,-86.0,7050,29.6,41.6,scrubber_exhaustion
EVA-0066,175,133,33,37.7,97,-84.7,7593,29.5,42.3,scrubber_exhaustion
EVA-0066,180,134,35,37.9,96,-86.4,8150,29.6,47.8,scrubber_exhaustion
EVA-0066,185,143,37,38.0,97,-83.8,8745,29.7,48.5,scrubber_exhaustion
EVA-0066,190,146,36,38.0,96,-81.7,9293,29.5,51.0,scrubber_exhaustion
EVA-0066,195,149,39,38.0,96,-82.9,9960,29.6,51.5,scrubber_exhaustion
EVA-0066,200,155,39,38.1,96,-80.9,10624,29.5,55.6,scrubber_exhaustion
EVA-0067,0,79,17,36.9,98,-87.1,750,29.6,6.6,heater_failure
EVA-0067,5,87,19,36.7,98,-86.7,779,29.5,10.5,heater_failure
EVA-0067,10,95,19,36.8,98,-87.6,703,29.6,11.0,heater_failure
EVA-0067,15,100,19,36.8,98,-89.0,754,29.6,12.2,heater_failure
EVA-0067,20,94,20,36.7,98,-86.6,792,29.5,12.9,heater_failure
EVA-0067,25,93,20,36.7,98,-86.4,820,29.6,13.5,heater_failure
EVA-0067,30,97,20,36.7,99,-89.2,798,29.6,13.4,heater_failure
EVA-0067,35,100,22,36.6,98,-85.0,818,29.6,17.4,heater_failure
EVA-0067,40,102,21,36.6,98,-89.3,759,29.6,16.9,heater_failure
EVA-0067,45,100,21,36.5,98,-84.7,782,29.5,19.4,heater_failure
EVA-0067,50,105,20,36.4,98,-86.3,828,29.6,20.1,heater_failure
EVA-0067,55,107,21,36.4,98,-84.3,862,29.7,20.6,heater_failure
EVA-0067,60,107,21,36.4,98,-84.1,858,29.7,20.4,heater_failure
EVA-0067,65,106,21,36.2,98,-84.3,817,29.6,22.6,heater_failure
EVA-0067,70,107,22,36.3,98,-83.2,853,29.6,23.8,heater_failure
EVA-0067,75,109,21,36.2,98,-83.3,940,29.6,23.9,heater_failure
EVA-0067,80,110,22,36.2,99,-81.9,904,29.6,23.8,heater_failure
EVA-0067,85,111,21,36.2,98,-79.5,880,29.6,22.9,heater_failure
EVA-0067,90,118,21,36.1,98,-83.2,850,29.6,26.4,heater_failure
EVA-0067,95,117,20,35.9,98,-84.9,872,29.6,27.9,heater_failure
EVA-0067,100,112,22,36.0,98,-81.0,912,29.6,26.4,heater_failure
EVA-0067,105,121,22,36.0,98,-80.5,932,29.6,29.6,heater_failure
EVA-0067,110,119,21,36.0,98,-79.8,954,29.6,27.8,heater_failure
EVA-0067,115,115,23,36.0,98,-79.9,954,29.6,28.4,heater_failure
EVA-0067,120,116,23,36.1,98,-77.2,928,29.5,27.3,heater_failure
EVA-0067,125,120,22,35.9,98,-79.4,929,29.6,29.9,heater_failure
EVA-0067,130,122,22,36.1,98,-76.7,1053,29.6,28.3,heater_failure
EVA-0067,135,116,21,36.1,98,-76.0,944,29.6,25.4,heater_failure
EVA-0067,140,116,21,36.0,98,-75.9,918,29.6,26.8,heater_failure
EVA-0067,145,118,21,36.1,98,-75.2,911,29.6,26.6,heater_failure
EVA-0067,150,115,21,36.1,98,-74.2,977,29.6,25.7,heater_failure
EVA-0067,155,123,21,36.0,98,-74.8,1043,29.6,29.0,heater_failure
EVA-0067,160,119,20,35.9,98,-74.9,983,29.6,27.2,heater_failure
EVA-0067,165,114,21,36.0,97,-73.6,1083,29.7,28.7,heater_failure
EVA-0067,170,116,21,35.9,98,-73.1,1025,29.6,28.3,heater_failure
EVA-0067,175,114,20,36.0,98,-72.4,1083,29.6,26.1,heater_failure
EVA-0067,180,117,18,35.7,98,-75.3,1007,29.6,28.3,heater_failure
EVA-0067,185,117,20,35.8,99,-73.2,1016,29.6,28.2,heater_failure
EVA-0067,190,122,19,35.8,98,-74.1,1061,29.6,29.1,heater_failure
EVA-0067,195,115,20,35.9,98,-72.0,1087,29.6,27.3,heater_failure
EVA-0067,200,113,21,35.8,98,-71.7,1065,29.6,28.8,heater_failure
EVA-0067,205,112,18,35.7,98,-72.8,1095,29.7,26.8,heater_failure
EVA-0067,210,108,19,35.6,98,-73.3,1116,29.6,28.7,heater_failure
EVA-0067,215,116,20,35.8,98,-71.7,1034,29.7,28.6,heater_failure
EVA-0067,220,112,19,35.6,98,-72.7,1091,29.7,29.0,heater_failure
EVA-0067,225,112,19,35.9,98,-70.9,1091,29.7,25.8,heater_failure
EVA-0067,230,110,20,35.8,98,-70.6,1101,29.6,27.3,heater_failure
EVA-0067,235,107,19,35.6,98,-71.7,1148,29.6,28.9,heater_failure
EVA-0067,240,104,19,35.4,98,-72.8,1115,29.5,30.5,heater_failure
EVA-0067,245,109,18,35.6,98,-71.1,1056,29.6,27.6,heater_failure
EVA-0067,250,104,18,35.4,98,-73.3,1144,29.6,29.6,heater_failure
EVA-0067,255,95,18,35.0,98,-74.5,1114,29.6,31.6,heater_failure
EVA-0067,260,98,19,35.1,98,-75.0,1193,29.5,34.2,heater_failure
EVA-0068,0,93,18,36.9,99,-31.3,731,29.6,8.7,scrubber_exhaustion
EVA-0068,5,94,18,37.0,99,-26.0,766,29.6,7.6,scrubber_exhaustion
EVA-0068,10,97,19,36.9,99,-24.0,757,29.6,9.3,scrubber_exhaustion
EVA-0068,15,106,18,37.0,99,-20.4,706,29.6,10.1,scrubber_exhaustion
EVA-0068,20,108,18,37.0,99,-20.2,703,29.6,11.0,scrubber_exhaustion
EVA-0068,25,112,20,37.0,99,-19.9,806,29.6,12.9,scrubber_exhaustion
EVA-0068,30,112,19,37.1,99,-19.1,869,29.7,12.8,scrubber_exhaustion
EVA-0068,35,110,20,37.1,99,-18.5,820,29.6,12.8,scrubber_exhaustion
EVA-0068,40,112,21,37.1,99,-18.9,771,29.6,14.4,scrubber_exhaustion
EVA-0068,45,111,20,37.0,99,-17.2,953,29.5,13.0,scrubber_exhaustion
EVA-0068,50,110,20,37.0,99,-18.3,900,29.6,12.4,scrubber_exhaustion
EVA-0068,55,112,19,37.0,99,-23.2,905,29.6,12.2,scrubber_exhaustion
EVA-0068,60,112,20,37.0,99,-23.2,888,29.7,13.0,scrubber_exhaustion
EVA-0068,65,115,20,37.0,99,-25.5,1119,29.6,14.0,scrubber_exhaustion
EVA-0068,70,111,21,37.1,99,-29.2,1488,29.5,13.9,scrubber_exhaustion
EVA-0068,75,110,21,37.1,98,-30.7,1988,29.6,14.9,scrubber_exhaustion
EVA-0068,80,117,23,37.1,99,-32.6,2617,29.6,18.4,scrubber_exhaustion
EVA-0068,85,120,24,37.3,99,-36.7,3506,29.6,22.0,scrubber_exhaustion
EVA-0068,90,123,26,37.4,98,-39.6,4524,29.6,26.3,scrubber_exhaustion
EVA-0068,95,131,27,37.5,98,-45.6,5856,29.6,29.2,scrubber_exhaustion
EVA-0068,100,135,32,37.6,97,-48.1,7239,29.5,38.3,scrubber_exhaustion
EVA-0068,105,151,35,37.8,97,-52.5,8783,29.6,47.1,scrubber_exhaustion
EVA-0068,110,167,36,38.0,97,-54.5,10555,29.6,53.4,scrubber_exhaustion
EVA-0069,0,92,17,36.9,97,-56.6,767,29.7,9.9,nominal
EVA-0069,5,90,16,37.0,97,-54.3,819,29.5,7.1,nominal
EVA-0069,10,95,16,37.0,97,-56.2,799,29.6,9.7,nominal
EVA-0069,15,102,19,37.1,97,-56.3,871,29.6,13.5,nominal
EVA-0069,20,99,18,37.0,97,-54.8,836,29.6,12.1,nominal
EVA-0069,25,103,19,37.0,96,-57.3,858,29.6,14.1,nominal
EVA-0069,30,111,19,37.2,97,-57.4,903,29.6,15.6,nominal
EVA-0069,35,110,20,37.2,97,-56.2,849,29.6,18.8,nominal
EVA-0069,40,111,20,37.2,97,-55.3,936,29.6,18.5,nominal
EVA-0069,45,111,20,37.2,97,-56.7,842,29.6,18.0,nominal
EVA-0069,50,114,20,37.2,97,-54.3,927,29.6,19.8,nominal
EVA-0069,55,114,21,37.2,97,-57.2,919,29.5,20.1,nominal
EVA-0069,60,110,21,37.3,97,-57.0,971,29.6,20.2,nominal
EVA-0069,65,116,21,37.2,97,-56.6,882,29.6,21.2,nominal
EVA-0069,70,113,21,37.1,97,-56.1,885,29.6,18.4,nominal
EVA-0069,75,117,21,37.2,96,-53.0,998,29.5,22.0,nominal
EVA-0069,80,118,22,37.3,97,-53.8,957,29.6,21.9,nominal
EVA-0069,85,121,21,37.3,97,-53.5,981,29.6,22.3,nominal
EVA-0069,90,123,23,37.2,96,-50.4,965,29.6,25.4,nominal
EVA-0069,95,120,22,37.3,97,-48.9,1046,29.6,23.3,nominal
EVA-0069,100,122,22,37.3,97,-47.7,1029,29.6,24.1,nominal
EVA-0069,105,125,21,37.3,96,-46.9,1037,29.6,23.7,nominal
EVA-0069,110,125,22,37.3,97,-48.0,983,29.7,23.6,nominal
EVA-0069,115,117,21,37.4,97,-45.6,1069,29.6,21.5,nominal
EVA-0069,120,117,21,37.2,97,-44.3,1012,29.6,21.4,nominal
EVA-0069,125,128,24,37.4,97,-44.5,1037,29.6,27.1,nominal
EVA-0069,130,123,22,37.3,97,-42.8,1016,29.6,24.2,nominal
EVA-0069,135,123,23,37.3,97,-43.6,1080,29.6,25.1,nominal
EVA-0069,140,120,23,37.3,97,-42.0,1145,29.6,23.4,nominal
EVA-0069,145,123,23,37.3,97,-40.1,1118,29.6,23.7,nominal
EVA-0069,150,125,22,37.3,97,-38.0,1098,29.6,24.4,nominal
EVA-0069,155,121,23,37.2,97,-37.8,1133,29.6,22.9,nominal
EVA-0069,160,119,22,37.2,97,-37.9,1143,29.6,22.0,nominal
EVA-0069,165,114,21,37.2,97,-38.1,1152,29.6,19.2,nominal
EVA-0069,170,111,21,37.2,97,-38.0,1167,29.6,18.2,nominal
EVA-0069,175,111,20,37.2,96,-39.4,1122,29.6,20.0,nominal
EVA-0069,180,110,20,37.1,97,-38.5,1184,29.7,17.2,nominal
EVA-0069,185,110,20,37.2,97,-38.5,1111,29.5,17.0,nominal
EVA-0069,190,108,19,37.1,97,-36.9,1226,29.6,15.4,nominal
EVA-0069,195,104,20,37.0,97,-36.7,1161,29.7,15.0,nominal
EVA-0069,200,102,18,37.1,97,-37.2,1274,29.6,13.9,nominal
EVA-0069,205,102,20,37.1,97,-37.1,1121,29.7,14.4,nominal
EVA-0070,0,87,15,37.1,98,-49.0,525,29.6,4.0,nominal
EVA-0070,5,90,15,37.2,99,-49.6,601,29.6,6.4,nominal
EVA-0070,10,90,15,37.2,98,-50.7,665,29.6,5.9,nominal
EVA-0070,15,84,16,37.2,99,-53.0,652,29.5,5.2,nominal
EVA-0070,20,86,16,37.2,99,-50.7,583,29.6,6.4,nominal
EVA-0070,25,90,16,37.1,99,-54.5,565,29.6,6.0,nominal
EVA-0070,30,92,15,37.1,99,-55.4,684,29.6,6.0,nominal
EVA-0070,35,90,17,37.2,99,-56.8,744,29.6,7.7,nominal
EVA-0070,40,91,15,37.1,99,-59.2,641,29.6,5.5,nominal
EVA-0070,45,90,16,37.1,99,-57.3,790,29.6,6.6,nominal
EVA-0070,50,99,16,37.2,99,-60.7,707,29.7,9.5,nominal
EVA-0070,55,94,17,37.1,99,-60.0,630,29.6,7.6,nominal
EVA-0070,60,96,17,37.1,99,-60.9,659,29.6,8.9,nominal
EVA-0070,65,96,16,37.2,98,-62.7,776,29.6,8.4,nominal
EVA-0070,70,97,17,37.2,99,-65.3,758,29.7,8.7,nominal
EVA-0070,75,93,17,37.2,99,-66.0,830,29.6,9.1,nominal
EVA-0070,80,102,17,37.2,99,-69.9,721,29.7,10.4,nominal
EVA-0070,85,98,18,37.2,99,-67.8,792,29.6,10.9,nominal
EVA-0070,90,104,18,37.3,99,-67.7,798,29.6,13.1,nominal
EVA-0070,95,96,17,37.3,99,-69.9,803,29.6,10.3,nominal
EVA-0070,100,99,18,37.2,99,-71.2,803,29.6,10.3,nominal
EVA-0070,105,105,17,37.3,99,-71.7,816,29.5,11.6,nominal
EVA-0070,110,98,17,37.2,98,-70.7,851,29.6,9.0,nominal
EVA-0070,115,96,16,37.2,99,-72.9,868,29.6,7.9,nominal
EVA-0070,120,93,17,37.3,99,-71.3,877,29.6,9.7,nominal
EVA-0070,125,91,15,37.2,99,-74.7,932,29.7,6.6,nominal
EVA-0070,130,95,16,37.2,99,-74.3,835,29.6,8.0,nominal
EVA-0070,135,93,16,37.2,99,-75.4,818,29.5,7.5,nominal
EVA-0070,140,90,15,37.2,99,-72.7,957,29.6,5.7,nominal
EVA-0070,145,86,16,37.1,99,-75.2,880,29.6,5.1,nominal
EVA-0070,150,83,14,37.1,99,-73.0,917,29.6,2.3,nominal
EVA-0070,155,84,13,37.1,99,-76.1,918,29.7,3.3,nominal
EVA-0070,160,82,15,37.0,99,-73.7,928,29.6,2.0,nominal
EVA-0070,165,80,12,37.1,98,-75.3,902,29.6,2.5,nominal
EVA-0070,170,75,15,37.0,99,-74.2,954,29.6,0.9,nominal
EVA-0070,175,80,13,37.0,99,-76.4,1020,29.6,1.3,nominal
EVA-0070,180,76,12,36.9,98,-74.1,1002,29.6,1.0,nominal
EVA-0070,185,74,12,37.0,99,-75.3,1036,29.6,0.3,nominal
EVA-0071,0,99,16,37.1,98,-62.4,656,29.6,8.3,seal_leak
EVA-0071,5,96,17,37.1,98,-64.6,904,29.6,7.2,seal_leak
EVA-0071,10,95,17,37.1,98,-63.5,803,29.6,8.7,seal_leak
EVA-0071,15,99,18,37.2,98,-63.7,676,29.6,11.0,seal_leak
EVA-0071,20,102,17,37.2,98,-65.6,831,29.6,11.0,seal_leak
EVA-0071,25,98,18,37.1,98,-64.4,857,29.6,10.5,seal_leak
EVA-0071,30,98,17,37.2,98,-63.3,802,29.6,10.0,seal_leak
EVA-0071,35,99,16,37.2,98,-61.0,811,29.6,8.7,seal_leak
EVA-0071,40,98,17,37.3,98,-63.5,851,29.6,10.7,seal_leak
EVA-0071,45,105,19,37.2,99,-62.4,915,29.6,12.4,seal_leak
EVA-0071,50,104,19,37.1,98,-60.7,874,29.5,11.1,seal_leak
EVA-0071,55,109,19,37.3,98,-59.8,944,29.6,14.9,seal_leak
EVA-0071,60,111,19,37.2,98,-59.3,938,29.6,14.6,seal_leak
EVA-0071,65,113,19,37.3,98,-60.6,885,29.6,15.4,seal_leak
EVA-0071,70,111,20,37.3,98,-60.8,834,29.6,16.3,seal_leak
EVA-0071,75,112,18,37.2,98,-57.7,903,29.6,14.5,seal_leak
EVA-0071,80,110,20,37.3,98,-56.1,946,29.5,15.5,seal_leak
EVA-0071,85,114,20,37.3,98,-57.8,933,29.6,16.8,seal_leak
EVA-0071,90,118,19,37.3,98,-58.2,968,29.7,17.5,seal_leak
EVA-0071,95,110,19,37.3,98,-56.9,987,29.6,16.3,seal_leak
EVA-0071,100,121,20,37.4,98,-55.4,981,29.5,20.4,seal_leak
EVA-0071,105,110,20,37.2,98,-55.7,953,29.7,15.2,seal_leak
EVA-0071,110,115,20,37.3,98,-53.2,997,29.5,17.7,seal_leak
EVA-0071,115,116,20,37.3,98,-53.3,1064,29.5,18.0,seal_leak
EVA-0071,120,115,20,37.3,98,-53.8,892,29.4,17.1,seal_leak
EVA-0071,125,115,20,37.2,97,-55.9,969,29.2,18.3,seal_leak
EVA-0071,130,115,21,37.3,97,-54.0,1015,28.9,20.5,seal_leak
EVA-0071,135,120,22,37.2,96,-53.4,881,28.6,23.5,seal_leak
EVA-0071,140,119,20,37.2,96,-53.3,960,28.4,21.1,seal_leak
EVA-0071,145,118,22,37.1,96,-51.8,954,28.0,24.0,seal_leak
EVA-0071,150,124,22,37.1,94,-51.5,842,27.6,28.5,seal_leak
EVA-0071,155,123,23,37.1,94,-53.5,916,27.3,28.6,seal_leak
EVA-0071,160,131,24,36.9,93,-50.2,867,26.9,34.1,seal_leak
EVA-0071,165,137,24,37.0,93,-50.9,864,26.5,34.8,seal_leak
EVA-0071,170,137,25,36.9,92,-50.3,843,26.0,38.8,seal_leak
EVA-0071,175,140,24,36.9,91,-49.7,889,25.6,40.4,seal_leak
EVA-0071,180,141,25,36.8,91,-51.3,827,25.0,46.3,seal_leak
EVA-0071,185,144,26,36.7,90,-48.8,803,24.6,50.3,seal_leak
EVA-0071,190,143,26,36.6,89,-50.4,791,24.1,53.6,seal_leak
EVA-0071,195,146,25,36.5,88,-48.3,782,23.5,57.0,seal_leak
EVA-0071,200,141,26,36.5,87,-51.2,746,23.0,59.6,seal_leak
EVA-0071,205,151,28,36.5,86,-48.4,751,22.3,66.3,seal_leak
EVA-0071,210,153,26,36.4,85,-51.2,755,21.8,68.6,seal_leak
EVA-0071,215,157,27,36.2,85,-47.1,749,21.2,73.0,seal_leak
EVA-0071,220,163,28,36.2,83,-51.4,756,20.6,75.6,seal_leak
EVA-0071,225,160,28,36.2,82,-49.2,714,20.0,74.4,seal_leak
EVA-0071,230,166,29,36.0,82,-51.0,680,19.4,79.2,seal_leak
EVA-0071,235,161,28,36.2,82,-49.9,651,18.7,74.9,seal_leak
EVA-0071,240,163,28,36.1,81,-51.0,668,18.1,75.5,seal_leak
EVA-0072,0,84,17,37.2,97,-71.4,725,29.6,8.8,seal_leak
EVA-0072,5,91,18,37.1,97,-71.7,746,29.6,10.5,seal_leak
EVA-0072,10,95,18,37.2,97,-70.6,717,29.6,12.1,seal_leak
EVA-0072,15,89,19,37.2,97,-68.3,824,29.6,12.8,seal_leak
EVA-0072,20,94,19,37.2,98,-68.1,811,29.7,11.7,seal_leak
EVA-0072,25,96,18,37.2,98,-66.4,734,29.6,11.1,seal_leak
EVA-0072,30,100,19,37.3,97,-65.6,810,29.6,16.6,seal_leak
EVA-0072,35,98,21,37.2,97,-60.7,749,29.6,15.5,seal_leak
EVA-0072,40,97,19,37.2,97,-62.5,889,29.6,13.1,seal_leak
EVA-0072,45,102,20,37.2,97,-59.0,911,29.6,15.5,seal_leak
EVA-0072,50,100,20,37.3,97,-56.8,846,29.6,17.3,seal_leak
EVA-0072,55,98,20,37.4,98,-55.5,820,29.6,15.5,seal_leak
EVA-0072,60,112,22,37.3,97,-55.1,832,29.6,20.4,seal_leak
EVA-0072,65,113,21,37.3,97,-52.8,839,29.5,19.2,seal_leak
EVA-0072,70,119,21,37.4,97,-49.1,851,29.4,23.3,seal_leak
EVA-0072,75,121,23,37.3,96,-48.7,911,29.4,24.8,seal_leak
EVA-0072,80,123,24,37.4,97,-48.4,889,29.2,27.0,seal_leak
EVA-0072,85,124,23,37.3,96,-43.6,885,29.0,28.1,seal_leak
EVA-0072,90,123,24,37.4,96,-43.2,847,28.8,28.5,seal_leak
EVA-0072,95,126,24,37.4,95,-39.7,789,28.5,32.3,seal_leak
EVA-0072,100,121,23,37.2,95,-39.0,800,28.4,27.3,seal_leak
EVA-0072,105,122,24,37.2,95,-37.4,828,28.1,30.4,seal_leak
EVA-0072,110,124,24,37.1,94,-35.4,775,27.8,31.0,seal_leak
EVA-0072,115,129,25,37.2,94,-35.4,826,27.7,32.9,seal_leak
EVA-0072,120,125,24,37.2,94,-33.6,839,27.3,33.4,seal_leak
EVA-0072,125,126,25,37.1,93,-31.7,823,27.1,34.0,seal_leak
EVA-0072,130,132,25,37.1,93,-31.6,814,26.8,35.9,seal_leak
EVA-0072,135,132,26,37.1,92,-28.3,724,26.5,39.5,seal_leak
EVA-0072,140,137,27,37.1,92,-28.6,828,26.2,40.9,seal_leak
EVA-0072,145,140,26,37.0,91,-29.1,722,25.9,41.6,seal_leak
EVA-0072,150,138,27,36.9,91,-27.4,763,25.6,44.9,seal_leak
EVA-0072,155,137,26,36.8,90,-26.1,780,25.3,47.1,seal_leak
EVA-0072,160,141,27,36.9,89,-26.3,763,24.9,49.0,seal_leak
EVA-0072,165,138,27,36.8,89,-25.1,703,24.6,50.8,seal_leak
EVA-0072,170,138,28,36.7,88,-24.7,701,24.1,56.0,seal_leak
EVA-0072,175,140,27,36.7,88,-22.6,734,23.9,56.0,seal_leak
EVA-0072,180,141,27,36.6,87,-24.3,731,23.5,60.0,seal_leak
EVA-0072,185,141,27,36.6,86,-27.9,675,23.1,60.8,seal_leak
EVA-0072,190,138,27,36.6,86,-26.8,708,22.7,61.7,seal_leak
EVA-0072,195,146,28,36.5,85,-27.3,646,22.3,66.7,seal_leak
EVA-0072,200,149,29,36.4,85,-27.0,693,21.9,70.3,seal_leak
EVA-0072,205,142,29,36.4,84,-29.7,643,21.5,69.0,seal_leak
EVA-0072,210,152,29,36.4,83,-30.2,657,21.1,71.8,seal_leak
EVA-0072,215,159,29,36.2,82,-32.1,642,20.6,74.5,seal_leak
EVA-0073,0,72,17,37.2,98,-70.2,714,29.6,5.9,seal_leak
EVA-0073,5,80,18,37.2,98,-68.5,843,29.7,7.4,seal_leak
EVA-0073,10,75,17,37.2,98,-64.6,759,29.7,5.7,seal_leak
EVA-0073,15,77,18,37.2,98,-65.3,810,29.6,7.3,seal_leak
EVA-0073,20,82,19,37.3,98,-64.3,803,29.5,9.2,seal_leak
EVA-0073,25,87,19,37.2,98,-64.4,860,29.6,9.1,seal_leak
EVA-0073,30,80,18,37.2,98,-62.4,858,29.6,7.6,seal_leak
EVA-0073,35,80,20,37.2,98,-60.4,897,29.6,9.1,seal_leak
EVA-0073,40,81,19,37.2,98,-60.3,962,29.6,8.6,seal_leak
EVA-0073,45,86,19,37.3,98,-60.1,910,29.6,10.6,seal_leak
EVA-0073,50,82,20,37.3,98,-59.1,879,29.6,10.8,seal_leak
EVA-0073,55,91,19,37.2,98,-56.7,937,29.6,11.2,seal_leak
EVA-0073,60,89,18,37.3,98,-56.9,996,29.5,10.4,seal_leak
EVA-0073,65,89,19,37.3,97,-56.6,932,29.3,13.2,seal_leak
EVA-0073,70,92,20,37.2,97,-56.5,936,29.2,13.4,seal_leak
EVA-0073,75,93,22,37.3,97,-58.3,823,28.9,17.3,seal_leak
EVA-0073,80,100,21,37.3,96,-56.5,896,28.6,19.9,seal_leak
EVA-0073,85,100,23,37.3,96,-55.7,861,28.4,23.7,seal_leak
EVA-0073,90,107,22,37.2,95,-57.6,836,28.0,23.1,seal_leak
EVA-0073,95,104,23,37.2,94,-56.4,851,27.6,26.2,seal_leak
EVA-0073,100,109,23,37.1,94,-57.4,845,27.3,26.9,seal_leak
EVA-0073,105,105,24,37.2,94,-57.7,808,26.9,28.9,seal_leak
EVA-0073,110,108,23,37.0,93,-59.4,826,26.5,28.0,seal_leak
EVA-0073,115,112,23,37.0,92,-59.2,801,26.1,32.2,seal_leak
EVA-0073,120,124,27,36.9,92,-62.9,818,25.6,40.0,seal_leak
EVA-0073,125,117,25,36.8,91,-62.1,789,25.0,40.5,seal_leak
EVA-0073,130,115,26,36.8,90,-62.3,780,24.6,43.8,seal_leak
EVA-0073,135,118,27,36.6,89,-64.0,783,24.1,48.5,seal_leak
EVA-0073,140,114,26,36.5,88,-64.2,756,23.7,50.7,seal_leak
EVA-0073,145,116,26,36.5,87,-66.9,724,23.1,53.9,seal_leak
EVA-0073,150,123,25,36.5,86,-68.6,651,22.4,59.5,seal_leak
EVA-0073,155,125,26,36.3,85,-71.2,706,22.0,65.1,seal_leak
EVA-0073,160,127,25,36.2,85,-70.8,652,21.4,65.5,seal_leak
EVA-0073,165,126,26,36.2,83,-71.1,656,20.8,65.9,seal_leak
EVA-0074,0,90,15,37.2,98,-37.0,506,29.6,6.5,nominal
EVA-0074,5,95,16,37.2,98,-35.7,482,29.6,8.5,nominal
EVA-0074,10,94,14,37.2,98,-36.8,460,29.6,6.8,nominal
EVA-0074,15,96,15,37.4,99,-37.0,543,29.6,10.1,nominal
EVA-0074,20,98,16,37.3,98,-38.3,513,29.6,10.6,nominal
EVA-0074,25,99,17,37.3,98,-35.5,520,29.6,10.6,nominal
EVA-0074,30,100,16,37.3,99,-38.6,548,29.6,9.9,nominal
EVA-0074,35,96,15,37.3,99,-36.4,562,29.6,9.0,nominal
EVA-0074,40,97,16,37.3,98,-35.5,567,29.5,9.0,nominal
EVA-0074,45,102,17,37.3,98,-37.6,653,29.6,11.4,nominal
EVA-0074,50,99,16,37.3,98,-38.5,612,29.6,11.0,nominal
EVA-0074,55,101,16,37.3,98,-37.8,684,29.6,10.3,nominal
EVA-0074,60,101,16,37.3,98,-39.3,577,29.6,10.0,nominal
EVA-0074,65,106,18,37.3,99,-38.7,640,29.6,13.4,nominal
EVA-0074,70,108,17,37.4,98,-40.9,595,29.6,14.4,nominal
EVA-0074,75,107,18,37.4,98,-40.5,594,29.7,15.0,nominal
EVA-0074,80,115,19,37.4,98,-41.7,724,29.6,17.5,nominal
EVA-0074,85,118,19,37.5,99,-42.1,600,29.6,18.7,nominal
EVA-0074,90,110,18,37.5,99,-41.1,542,29.7,17.2,nominal
EVA-0074,95,115,18,37.5,98,-43.7,618,29.6,17.9,nominal
EVA-0074,100,113,20,37.5,98,-44.4,567,29.6,19.7,nominal
EVA-0074,105,116,18,37.4,98,-46.7,622,29.6,17.2,nominal
EVA-0074,110,117,19,37.5,98,-46.8,633,29.6,19.0,nominal
EVA-0074,115,125,19,37.5,98,-48.4,681,29.5,20.5,nominal
EVA-0074,120,118,19,37.5,98,-49.2,595,29.6,19.7,nominal
EVA-0074,125,124,20,37.5,98,-49.5,748,29.6,21.7,nominal
EVA-0074,130,122,18,37.5,98,-52.0,618,29.6,18.6,nominal
EVA-0074,135,116,19,37.5,98,-53.0,704,29.6,18.1,nominal
EVA-0074,140,116,19,37.5,99,-54.2,702,29.6,19.0,nominal
EVA-0074,145,118,20,37.4,98,-55.4,762,29.6,18.5,nominal
EVA-0074,150,118,19,37.5,98,-55.7,748,29.6,18.8,nominal
EVA-0074,155,122,19,37.5,98,-57.4,793,29.6,19.8,nominal
EVA-0074,160,117,20,37.5,98,-56.2,731,29.6,19.8,nominal
EVA-0074,165,120,19,37.5,98,-55.8,734,29.6,20.1,nominal
EVA-0074,170,119,21,37.4,98,-60.7,781,29.6,20.2,nominal
EVA-0074,175,116,20,37.5,98,-60.6,816,29.7,19.8,nominal
EVA-0074,180,122,19,37.5,98,-60.6,814,29.6,19.8,nominal
EVA-0074,185,122,19,37.5,99,-63.1,799,29.6,19.4,nominal
EVA-0074,190,118,19,37.4,98,-64.8,802,29.5,18.8,nominal
EVA-0074,195,119,18,37.5,98,-62.2,798,29.6,18.6,nominal
EVA-0074,200,111,19,37.5,99,-64.2,825,29.6,17.3,nominal
EVA-0074,205,117,19,37.5,98,-65.3,906,29.6,18.4,nominal
EVA-0074,210,115,19,37.5,98,-64.5,811,29.6,19.2,nominal
EVA-0074,215,115,19,37.5,99,-65.9,813,29.6,18.3,nominal
EVA-0074,220,115,19,37.5,98,-67.3,817,29.6,19.0,nominal
EVA-0074,225,113,19,37.4,98,-68.8,862,29.6,17.3,nominal
EVA-0074,230,113,19,37.4,98,-68.5,757,29.5,17.4,nominal
EVA-0074,235,112,19,37.4,98,-66.7,853,29.6,16.9,nominal
EVA-0074,240,114,18,37.4,99,-67.5,907,29.6,16.5,nominal
EVA-0074,245,108,18,37.3,98,-68.7,851,29.6,13.6,nominal
EVA-0074,250,113,17,37.4,98,-66.3,890,29.6,15.9,nominal
EVA-0074,255,108,17,37.4,98,-68.6,984,29.6,14.4,nominal
EVA-0074,260,110,19,37.4,98,-67.1,912,29.6,15.7,nominal
EVA-0074,265,108,18,37.4,98,-67.8,804,29.7,14.4,nominal
EVA-0074,270,106,18,37.3,98,-65.4,849,29.6,13.5,nominal
EVA-0074,275,109,17,37.4,98,-66.5,908,29.6,14.3,nominal
EVA-0074,280,107,18,37.3,98,-66.9,891,29.6,14.5,nominal
EVA-0075,0,76,17,37.1,99,-54.2,748,29.7,3.7,seal_leak
EVA-0075,5,82,17,37.0,99,-56.1,670,29.6,4.5,seal_leak
EVA-0075,10,85,18,37.0,99,-57.9,816,29.5,6.1,seal_leak
EVA-0075,15,88,16,37.0,99,-58.4,747,29.6,4.7,seal_leak
EVA-0075,20,92,18,37.2,99,-59.5,793,29.6,8.9,seal_leak
EVA-0075,25,88,19,37.0,100,-61.5,699,29.6,8.0,seal_leak
EVA-0075,30,91,19,37.1,99,-61.8,746,29.6,9.3,seal_leak
EVA-0075,35,93,20,37.2,99,-62.4,711,29.6,12.0,seal_leak
EVA-0075,40,90,21,37.2,100,-65.6,851,29.6,12.4,seal_leak
EVA-0075,45,96,20,37.2,99,-65.1,807,29.5,11.7,seal_leak
EVA-0075,50,93,21,37.2,99,-69.8,849,29.6,12.4,seal_leak
EVA-0075,55,100,22,37.3,99,-70.1,834,29.6,15.6,seal_leak
EVA-0075,60,95,21,37.2,100,-68.1,861,29.6,13.2,seal_leak
EVA-0075,65,97,20,37.1,100,-70.3,834,29.6,11.4,seal_leak
EVA-0075,70,101,21,37.3,100,-71.9,849,29.6,15.4,seal_leak
EVA-0075,75,100,21,37.2,99,-71.9,862,29.5,14.8,seal_leak
EVA-0075,80,101,21,37.2,100,-73.2,894,29.6,14.1,seal_leak
EVA-0075,85,105,20,37.1,99,-74.8,904,29.6,13.2,seal_leak
EVA-0075,90,104,22,37.2,99,-76.4,1019,29.6,15.6,seal_leak
EVA-0075,95,98,20,37.2,99,-77.6,964,29.5,12.7,seal_leak
EVA-0075,100,107,22,37.2,99,-75.1,806,29.5,15.8,seal_leak
EVA-0075,105,109,22,37.2,99,-77.2,872,29.3,16.5,seal_leak
EVA-0075,110,107,23,37.2,99,-76.1,856,29.2,17.5,seal_leak
EVA-0075,115,113,22,37.2,98,-78.3,921,29.0,18.1,seal_leak
EVA-0075,120,114,23,37.3,98,-77.9,848,28.8,19.4,seal_leak
EVA-0075,125,116,24,37.3,98,-78.9,873,28.7,20.8,seal_leak
EVA-0075,130,117,23,37.2,97,-79.0,755,28.4,21.3,seal_leak
EVA-0075,135,124,24,37.2,98,-79.3,782,28.2,22.3,seal_leak
EVA-0075,140,122,25,37.1,96,-80.1,914,27.9,25.4,seal_leak
EVA-0075,145,120,23,37.1,96,-81.2,828,27.7,23.5,seal_leak
EVA-0075,150,121,25,37.1,96,-78.9,782,27.4,25.9,seal_leak
EVA-0075,155,123,26,37.0,95,-77.9,820,27.1,28.2,seal_leak
EVA-0075,160,124,25,37.1,95,-77.7,765,26.8,28.7,seal_leak
EVA-0075,165,126,24,37.0,94,-80.2,784,26.5,31.1,seal_leak
EVA-0075,170,123,25,36.8,94,-80.2,736,26.2,34.5,seal_leak
EVA-0075,175,127,25,36.9,94,-79.7,750,26.0,33.7,seal_leak
EVA-0075,180,125,25,36.8,93,-78.9,754,25.6,35.6,seal_leak
EVA-0075,185,125,25,36.8,92,-78.3,794,25.3,37.8,seal_leak
EVA-0075,190,128,25,36.7,92,-79.0,763,24.9,41.1,seal_leak
EVA-0075,195,129,26,36.6,91,-79.0,758,24.5,44.0,seal_leak
EVA-0075,200,125,27,36.6,91,-76.5,727,24.2,46.9,seal_leak
EVA-0075,205,127,27,36.6,89,-80.2,741,23.8,50.4,seal_leak
EVA-0075,210,131,27,36.4,90,-75.3,681,23.4,53.1,seal_leak
EVA-0075,215,133,27,36.4,88,-75.5,674,23.0,57.4,seal_leak
EVA-0075,220,137,26,36.5,88,-72.6,695,22.5,57.7,seal_leak
EVA-0075,225,137,27,36.3,87,-71.4,664,22.1,62.2,seal_leak
EVA-0075,230,140,27,36.3,87,-70.5,660,21.8,63.4,seal_leak
EVA-0075,235,136,26,36.3,85,-71.2,644,21.3,65.5,seal_leak
EVA-0075,240,143,28,36.1,85,-71.1,666,20.9,71.9,seal_leak
EVA-0076,0,99,18,36.8,98,-32.3,514,29.6,12.4,nominal
EVA-0076,5,106,17,36.9,98,-31.7,517,29.7,10.5,nominal
EVA-0076,10,100,17,36.9,98,-31.7,565,29.6,8.9,nominal
EVA-0076,15,103,17,36.8,98,-33.6,670,29.6,10.8,nominal
EVA-0076,20,103,19,36.9,98,-32.5,613,29.6,11.0,nominal
EVA-0076,25,106,17,37.0,98,-32.5,536,29.7,10.9,nominal
EVA-0076,30,102,19,36.9,98,-35.0,636,29.6,11.0,nominal
EVA-0076,35,102,19,36.9,97,-33.7,578,29.6,12.3,nominal
EVA-0076,40,111,19,37.0,98,-35.3,620,29.6,12.8,nominal
EVA-0076,45,107,20,37.0,98,-34.9,602,29.6,12.1,nominal
EVA-0076,50,107,20,37.0,98,-34.8,728,29.6,12.8,nominal
EVA-0076,55,106,19,36.9,98,-36.5,594,29.6,13.4,nominal
EVA-0076,60,112,20,37.0,98,-35.9,667,29.6,12.6,nominal
EVA-0076,65,109,20,37.0,98,-36.7,631,29.6,13.8,nominal
EVA-0076,70,113,20,37.0,97,-37.3,703,29.6,15.4,nominal
EVA-0076,75,114,22,37.0,98,-38.7,691,29.7,15.7,nominal
EVA-0076,80,116,21,37.1,97,-38.6,743,29.5,17.0,nominal
EVA-0076,85,125,22,37.1,97,-40.2,727,29.5,19.3,nominal
EVA-0076,90,123,21,37.1,98,-43.5,672,29.5,17.9,nominal
EVA-0076,95,124,22,37.1,98,-43.2,842,29.6,19.2,nominal
EVA-0076,100,123,21,37.1,98,-43.3,744,29.6,17.4,nominal
EVA-0076,105,120,22,37.1,98,-43.9,703,29.6,18.2,nominal
EVA-0076,110,122,22,37.1,98,-44.2,745,29.6,17.1,nominal
EVA-0076,115,121,22,37.1,97,-46.3,772,29.6,19.4,nominal
EVA-0076,120,118,22,37.1,98,-43.7,779,29.6,17.0,nominal
EVA-0076,125,116,21,37.0,98,-46.9,783,29.6,15.9,nominal
EVA-0076,130,120,20,37.1,98,-47.4,812,29.6,15.9,nominal
EVA-0076,135,115,20,37.1,98,-48.9,816,29.6,15.5,nominal
EVA-0076,140,117,21,37.0,98,-49.8,747,29.7,15.0,nominal
EVA-0076,145,117,21,37.0,97,-49.3,888,29.5,16.1,nominal
EVA-0076,150,110,20,37.0,97,-49.7,890,29.6,14.5,nominal
EVA-0076,155,113,20,36.9,98,-50.3,846,29.6,14.1,nominal
EVA-0076,160,112,21,37.0,98,-48.6,820,29.6,13.5,nominal
EVA-0076,165,112,19,37.1,98,-51.1,829,29.6,12.3,nominal
EVA-0076,170,108,19,37.0,98,-51.3,820,29.6,11.2,nominal
EVA-0076,175,106,18,37.0,98,-50.5,834,29.7,10.6,nominal
EVA-0076,180,108,19,36.9,98,-51.8,753,29.6,12.9,nominal
EVA-0076,185,104,20,37.0,98,-51.1,928,29.7,11.4,nominal
EVA-0076,190,99,18,36.9,98,-53.3,920,29.6,10.0,nominal
EVA-0076,195,101,18,36.9,98,-53.3,800,29.6,10.0,nominal
EVA-0076,200,100,18,36.8,98,-51.6,924,29.6,10.7,nominal
EVA-0076,205,100,17,36.9,98,-51.9,892,29.6,10.1,nominal
EVA-0076,210,97,18,36.8,98,-52.4,891,29.7,9.7,nominal
EVA-0076,215,92,17,37.0,98,-51.0,931,29.6,8.1,nominal
EVA-0076,220,98,16,36.8,98,-50.6,838,29.5,9.6,nominal
EVA-0076,225,86,16,36.8,98,-51.4,925,29.6,7.5,nominal
EVA-0076,230,92,16,36.7,98,-50.7,937,29.6,9.1,nominal
EVA-0076,235,95,17,36.8,98,-49.4,945,29.6,10.5,nominal
EVA-0076,240,89,17,36.8,98,-50.3,888,29.6,7.5,nominal
EVA-0076,245,92,18,36.8,98,-49.3,978,29.6,9.8,nominal
EVA-0076,250,91,16,36.8,98,-47.3,1014,29.5,8.6,nominal
EVA-0076,255,91,16,36.8,98,-47.4,993,29.6,7.7,nominal
EVA-0077,0,90,13,37.2,98,-33.5,691,29.6,5.3,nominal
EVA-0077,5,87,13,37.2,98,-34.6,679,29.6,5.6,nominal
EVA-0077,10,96,15,37.2,98,-33.2,694,29.6,8.1,nominal
EVA-0077,15,102,16,37.1,98,-32.1,718,29.6,8.6,nominal
EVA-0077,20,101,14,37.2,98,-28.6,799,29.6,7.7,nominal
EVA-0077,25,97,15,37.2,98,-25.9,775,29.6,8.0,nominal
EVA-0077,30,100,15,37.2,98,-30.2,782,29.6,9.9,nominal
EVA-0077,35,106,17,37.3,98,-28.0,736,29.6,12.2,nominal
EVA-0077,40,106,17,37.3,98,-26.3,727,29.6,12.3,nominal
EVA-0077,45,110,16,37.3,98,-24.0,796,29.6,13.6,nominal
EVA-0077,50,110,18,37.4,97,-26.2,846,29.5,16.6,nominal
EVA-0077,55,112,17,37.4,98,-24.1,879,29.6,16.5,nominal
EVA-0077,60,119,18,37.3,97,-24.6,703,29.6,17.7,nominal
EVA-0077,65,114,18,37.4,98,-20.8,934,29.7,16.2,nominal
EVA-0077,70,117,19,37.4,98,-23.4,854,29.6,18.1,nominal
EVA-0077,75,117,18,37.4,98,-22.8,888,29.6,17.8,nominal
EVA-0077,80,123,20,37.4,97,-22.9,780,29.6,21.5,nominal
EVA-0077,85,125,20,37.5,98,-23.3,859,29.5,21.7,nominal
EVA-0077,90,127,20,37.4,98,-21.5,918,29.6,20.8,nominal
EVA-0077,95,122,21,37.4,97,-24.0,840,29.6,23.5,nominal
EVA-0077,100,119,20,37.3,98,-25.0,774,29.6,19.3,nominal
EVA-0077,105,121,19,37.4,98,-22.8,930,29.6,20.7,nominal
EVA-0077,110,120,19,37.3,98,-21.8,924,29.6,17.6,nominal
EVA-0077,115,120,18,37.4,97,-23.6,1003,29.6,18.8,nominal
EVA-0077,120,113,18,37.4,98,-22.9,942,29.6,16.7,nominal
EVA-0077,125,118,19,37.4,98,-24.9,957,29.5,18.4,nominal
EVA-0077,130,112,17,37.3,97,-22.5,1003,29.6,15.0,nominal
EVA-0077,135,109,16,37.3,98,-23.3,1030,29.6,13.8,nominal
EVA-0077,140,110,16,37.4,98,-24.5,963,29.6,13.5,nominal
EVA-0077,145,100,16,37.2,98,-24.9,1048,29.5,10.6,nominal
EVA-0077,150,103,16,37.3,98,-27.3,994,29.6,10.5,nominal
EVA-0077,155,102,16,37.2,98,-27.8,1029,29.7,9.6,nominal
EVA-0077,160,97,15,37.3,98,-27.0,1070,29.6,9.8,nominal
EVA-0077,165,97,16,37.2,97,-26.9,1089,29.6,9.8,nominal
EVA-0077,170,100,15,37.2,98,-27.6,1077,29.6,8.7,nominal
EVA-0077,175,101,15,37.2,98,-29.4,1025,29.6,8.3,nominal
EVA-0077,180,96,14,37.2,98,-28.9,1001,29.6,6.3,nominal
EVA-0077,185,96,14,37.2,97,-28.9,1088,29.6,8.8,nominal
EVA-0078,0,88,14,36.8,98,-71.8,520,29.6,5.3,nominal
EVA-0078,5,86,15,37.0,98,-71.2,536,29.6,4.1,nominal
EVA-0078,10,90,16,36.8,98,-70.0,489,29.6,7.5,nominal
EVA-0078,15,92,16,37.0,98,-69.0,590,29.6,5.6,nominal
EVA-0078,20,94,16,36.9,98,-70.4,602,29.6,6.6,nominal
EVA-0078,25,95,16,36.9,98,-69.6,588,29.6,7.7,nominal
EVA-0078,30,95,17,37.0,98,-69.3,582,29.6,6.9,nominal
EVA-0078,35,97,17,36.9,98,-66.4,730,29.6,8.3,nominal
EVA-0078,40,96,17,36.9,98,-64.6,569,29.5,8.7,nominal
EVA-0078,45,99,17,37.1,98,-66.6,602,29.6,8.8,nominal
EVA-0078,50,95,16,36.8,98,-63.2,677,29.6,8.3,nominal
EVA-0078,55,99,16,37.0,98,-62.4,611,29.6,7.1,nominal
EVA-0078,60,103,17,37.0,97,-58.8,619,29.6,10.3,nominal
EVA-0078,65,100,18,37.1,98,-58.5,729,29.7,9.6,nominal
EVA-0078,70,111,18,37.0,98,-56.5,717,29.5,12.6,nominal
EVA-0078,75,102,17,37.2,97,-51.5,722,29.6,12.1,nominal
EVA-0078,80,104,18,37.1,98,-50.9,720,29.6,11.5,nominal
EVA-0078,85,106,17,36.9,98,-48.5,692,29.6,10.4,nominal
EVA-0078,90,107,17,37.0,98,-45.7,722,29.6,9.8,nominal
EVA-0078,95,108,19,37.1,98,-42.9,741,29.6,11.6,nominal
EVA-0078,100,111,20,37.0,98,-42.4,794,29.6,12.3,nominal
EVA-0078,105,112,19,37.1,97,-40.3,786,29.6,14.8,nominal
EVA-0078,110,115,20,37.1,98,-38.3,736,29.6,14.2,nominal
EVA-0078,115,108,18,37.0,98,-34.5,825,29.6,10.7,nominal
EVA-0078,120,104,18,37.0,98,-34.1,725,29.6,9.9,nominal
EVA-0078,125,104,17,37.1,98,-32.7,797,29.6,10.1,nominal
EVA-0078,130,106,18,36.9,97,-30.3,771,29.7,12.0,nominal
EVA-0078,135,105,17,37.1,98,-27.2,795,29.6,10.5,nominal
EVA-0078,140,102,16,37.1,98,-28.0,931,29.6,8.1,nominal
EVA-0078,145,97,16,37.0,98,-27.4,789,29.6,7.5,nominal
EVA-0078,150,101,17,36.9,98,-23.9,830,29.6,8.9,nominal
EVA-0078,155,101,16,37.0,97,-23.9,900,29.6,8.4,nominal
EVA-0078,160,94,16,36.9,98,-23.6,867,29.5,6.2,nominal
EVA-0078,165,93,15,36.8,98,-25.4,907,29.6,8.1,nominal
EVA-0078,170,88,14,37.0,98,-25.4,975,29.6,3.0,nominal
EVA-0078,175,87,14,36.8,98,-27.0,951,29.6,5.8,nominal
EVA-0078,180,80,14,36.7,98,-24.0,912,29.6,4.9,nominal
EVA-0078,185,78,14,36.8,98,-25.7,938,29.6,3.0,nominal
EVA-0078,190,79,13,36.8,98,-28.7,979,29.7,4.4,nominal
EVA-0079,0,81,16,37.0,97,-42.1,760,29.6,4.7,scrubber_exhaustion
EVA-0079,5,84,14,37.0,98,-42.8,642,29.6,2.7,scrubber_exhaustion
EVA-0079,10,86,16,37.1,98,-42.6,696,29.6,5.7,scrubber_exhaustion
EVA-0079,15,92,17,37.1,97,-43.6,733,29.6,8.8,scrubber_exhaustion
EVA-0079,20,91,17,37.1,98,-41.7,716,29.6,7.7,scrubber_exhaustion
EVA-0079,25,92,17,37.2,97,-43.4,771,29.6,9.5,scrubber_exhaustion
EVA-0079,30,92,17,37.0,97,-44.6,795,29.6,8.2,scrubber_exhaustion
EVA-0079,35,96,17,37.1,98,-42.9,755,29.6,9.4,scrubber_exhaustion
EVA-0079,40,92,17,37.1,98,-42.9,803,29.6,8.2,scrubber_exhaustion
EVA-0079,45,94,18,37.2,97,-43.3,706,29.5,11.8,scrubber_exhaustion
EVA-0079,50,98,17,37.1,98,-44.6,748,29.6,10.4,scrubber_exhaustion
EVA-0079,55,101,20,37.2,98,-43.9,871,29.6,12.6,scrubber_exhaustion
EVA-0079,60,104,19,37.3,98,-42.7,857,29.6,14.6,scrubber_exhaustion
EVA-0079,65,104,18,37.3,98,-44.0,720,29.6,13.9,scrubber_exhaustion
EVA-0079,70,105,20,37.3,98,-46.5,784,29.6,16.7,scrubber_exhaustion
EVA-0079,75,103,19,37.2,98,-45.6,798,29.6,12.6,scrubber_exhaustion
EVA-0079,80,105,20,37.3,97,-45.8,818,29.7,17.2,scrubber_exhaustion
EVA-0079,85,109,19,37.3,98,-46.1,865,29.7,14.6,scrubber_exhaustion
EVA-0079,90,107,20,37.3,98,-47.9,908,29.5,16.7,scrubber_exhaustion
EVA-0079,95,112,20,37.3,97,-43.3,853,29.6,17.9,scrubber_exhaustion
EVA-0079,100,106,21,37.3,98,-46.9,938,29.6,17.6,scrubber_exhaustion
EVA-0079,105,108,20,37.3,97,-47.0,963,29.6,18.1,scrubber_exhaustion
EVA-0079,110,108,20,37.3,98,-48.6,989,29.6,17.0,scrubber_exhaustion
EVA-0079,115,111,20,37.3,98,-45.5,979,29.7,17.8,scrubber_exhaustion
EVA-0079,120,111,20,37.4,98,-46.9,1178,29.5,18.5,scrubber_exhaustion
EVA-0079,125,112,19,37.2,97,-47.4,1247,29.6,16.3,scrubber_exhaustion
EVA-0079,130,111,19,37.2,97,-47.6,1336,29.7,16.0,scrubber_exhaustion
EVA-0079,135,112,22,37.3,98,-46.8,1383,29.6,19.0,scrubber_exhaustion
EVA-0079,140,108,19,37.3,97,-48.4,1636,29.6,16.8,scrubber_exhaustion
EVA-0079,145,105,20,37.3,97,-50.5,1686,29.6,19.3,scrubber_exhaustion
EVA-0079,150,110,20,37.3,97,-50.0,1770,29.6,17.5,scrubber_exhaustion
EVA-0079,155,111,22,37.3,98,-50.3,1916,29.6,18.4,scrubber_exhaustion
EVA-0079,160,107,20,37.3,98,-48.7,2170,29.6,16.4,scrubber_exhaustion
EVA-0079,165,116,22,37.4,97,-48.2,2348,29.6,22.7,scrubber_exhaustion
EVA-0079,170,109,23,37.4,97,-47.9,2484,29.5,21.7,scrubber_exhaustion
EVA-0079,175,118,23,37.4,97,-52.0,2725,29.7,23.4,scrubber_exhaustion
EVA-0079,180,118,23,37.6,97,-49.6,2945,29.6,27.0,scrubber_exhaustion
EVA-0079,185,120,24,37.5,97,-51.4,3144,29.6,27.8,scrubber_exhaustion
EVA-0079,190,121,24,37.4,97,-47.5,3341,29.6,25.9,scrubber_exhaustion
EVA-0079,195,120,25,37.5,97,-49.7,3662,29.6,26.9,scrubber_exhaustion
EVA-0079,200,125,26,37.7,97,-49.7,3915,29.6,32.2,scrubber_exhaustion
EVA-0079,205,123,26,37.6,97,-51.1,4173,29.6,30.3,scrubber_exhaustion
EVA-0079,210,125,26,37.6,97,-51.9,4392,29.6,32.2,scrubber_exhaustion
EVA-0079,215,125,26,37.5,96,-53.2,4663,29.6,32.6,scrubber_exhaustion
EVA-0079,220,126,27,37.7,97,-53.8,5033,29.6,33.9,scrubber_exhaustion
EVA-0079,225,123,28,37.6,97,-54.4,5389,29.6,33.5,scrubber_exhaustion
EVA-0079,230,127,28,37.7,97,-53.1,5725,29.6,35.5,scrubber_exhaustion
EVA-0079,235,131,29,37.7,97,-52.3,6047,29.6,36.6,scrubber_exhaustion
EVA-0079,240,136,28,37.8,97,-55.0,6355,29.6,38.4,scrubber_exhaustion
EVA-0079,245,138,29,37.8,96,-55.8,6706,29.6,39.9,scrubber_exhaustion
EVA-0079,250,142,33,37.8,96,-57.0,7121,29.6,45.4,scrubber_exhaustion
EVA-0079,255,151,32,37.9,96,-55.3,7513,29.7,48.8,scrubber_exhaustion
EVA-0079,260,154,34,37.9,96,-54.5,7967,29.6,50.1,scrubber_exhaustion
EVA-0079,265,155,33,38.1,96,-54.8,8312,29.5,54.1,scrubber_exhaustion
EVA-0079,270,156,34,38.0,96,-55.0,8745,29.6,53.1,scrubber_exhaustion
EVA-0079,275,157,36,38.0,96,-56.5,9296,29.6,54.2,scrubber_exhaustion
EVA-0079,280,162,37,38.1,95,-57.3,9727,29.6,58.1,scrubber_exhaustion
EVA-0079,285,172,37,38.2,95,-56.2,10084,29.6,61.2,scrubber_exhaustion
EVA-0079,290,171,38,38.2,96,-59.4,10669,29.6,59.4,scrubber_exhaustion
EVA-0080,0,95,16,36.9,97,-70.1,835,29.6,10.1,heater_failure
EVA-0080,5,101,18,36.9,97,-66.7,694,29.6,11.7,heater_failure
EVA-0080,10,97,18,37.0,97,-67.5,846,29.7,10.7,heater_failure
EVA-0080,15,104,17,36.9,97,-68.3,797,29.6,13.5,heater_failure
EVA-0080,20,103,18,36.8,97,-68.2,739,29.6,13.8,heater_failure
EVA-0080,25,105,19,37.0,98,-67.0,853,29.6,12.0,heater_failure
EVA-0080,30,104,19,36.8,97,-68.5,885,29.6,14.3,heater_failure
EVA-0080,35,108,20,36.9,97,-66.3,840,29.6,14.7,heater_failure
EVA-0080,40,106,19,36.8,97,-67.2,820,29.6,15.8,heater_failure
EVA-0080,45,109,18,36.9,98,-65.7,956,29.5,12.5,heater_failure
EVA-0080,50,111,20,36.9,97,-65.5,860,29.6,14.9,heater_failure
EVA-0080,55,111,20,36.8,97,-66.6,954,29.6,16.1,heater_failure
EVA-0080,60,108,20,36.7,97,-68.2,846,29.6,18.8,heater_failure
EVA-0080,65,115,18,36.9,97,-65.9,944,29.5,15.1,heater_failure
EVA-0080,70,119,21,36.8,97,-67.2,955,29.6,18.7,heater_failure
EVA-0080,75,118,20,36.9,97,-65.2,988,29.6,16.7,heater_failure
EVA-0080,80,118,21,36.8,97,-65.5,1028,29.6,18.8,heater_failure
EVA-0080,85,118,22,36.8,98,-65.8,936,29.6,19.8,heater_failure
EVA-0080,90,119,20,36.7,97,-66.6,1007,29.6,19.9,heater_failure
EVA-0080,95,119,21,37.0,98,-63.6,934,29.6,16.7,heater_failure
EVA-0080,100,112,21,36.7,97,-65.6,945,29.6,19.1,heater_failure
EVA-0080,105,121,21,36.9,97,-62.2,993,29.6,19.1,heater_failure
EVA-0080,110,116,21,36.7,97,-65.0,1049,29.6,19.2,heater_failure
EVA-0080,115,114,20,36.7,98,-64.7,1118,29.6,18.0,heater_failure
EVA-0080,120,114,20,36.8,97,-65.1,1138,29.5,17.8,heater_failure
EVA-0080,125,122,22,36.6,97,-64.9,1050,29.6,22.3,heater_failure
EVA-0080,130,113,20,36.7,97,-64.1,1091,29.6,18.9,heater_failure
EVA-0080,135,107,20,36.7,97,-64.2,1131,29.7,17.3,heater_failure
EVA-0080,140,109,19,36.4,97,-67.8,1135,29.5,21.2,heater_failure
EVA-0080,145,105,19,36.6,97,-64.8,1105,29.6,17.5,heater_failure
EVA-0080,150,106,18,36.5,98,-65.4,1127,29.6,15.4,heater_failure
EVA-0080,155,108,19,36.4,97,-66.2,1131,29.5,21.0,heater_failure
EVA-0080,160,98,18,36.5,98,-64.4,1138,29.6,14.7,heater_failure
EVA-0080,165,99,18,36.5,97,-64.6,1144,29.6,17.5,heater_failure
EVA-0080,170,102,19,36.2,97,-65.8,1165,29.5,21.5,heater_failure
EVA-0080,175,112,17,35.9,97,-67.8,1164,29.6,26.3,heater_failure
EVA-0080,180,110,17,35.9,97,-68.8,1143,29.6,24.5,heater_failure
EVA-0081,0,79,16,37.2,98,-71.6,479,29.6,5.3,seal_leak
EVA-0081,5,84,16,37.1,98,-70.3,582,29.6,5.2,seal_leak
EVA-0081,10,88,17,37.1,98,-68.8,595,29.6,7.0,seal_leak
EVA-0081,15,91,20,37.3,99,-66.6,544,29.6,11.5,seal_leak
EVA-0081,20,90,18,37.2,98,-63.4,568,29.6,9.3,seal_leak
EVA-0081,25,93,19,37.4,99,-62.7,644,29.7,12.9,seal_leak
EVA-0081,30,101,19,37.3,98,-59.0,690,29.5,14.0,seal_leak
EVA-0081,35,97,18,37.4,98,-55.9,645,29.6,12.7,seal_leak
EVA-0081,40,102,21,37.4,98,-52.7,691,29.6,16.2,seal_leak
EVA-0081,45,100,20,37.4,98,-51.4,723,29.6,16.0,seal_leak
EVA-0081,50,110,21,37.3,98,-50.9,798,29.6,17.9,seal_leak
EVA-0081,55,114,22,37.4,99,-48.9,659,29.6,20.5,seal_leak
EVA-0081,60,113,22,37.4,98,-47.9,674,29.3,19.5,seal_leak
EVA-0081,65,120,23,37.4,97,-46.3,673,28.8,24.1,seal_leak
EVA-0081,70,117,22,37.2,97,-43.2,717,28.3,21.7,seal_leak
EVA-0081,75,119,24,37.1,95,-43.2,663,27.6,26.6,seal_leak
EVA-0081,80,122,24,37.1,94,-41.2,672,26.9,30.8,seal_leak
EVA-0081,85,127,23,37.1,93,-41.8,652,26.1,34.3,seal_leak
EVA-0081,90,130,26,36.8,92,-38.1,633,25.2,41.3,seal_leak
EVA-0081,95,132,27,36.8,90,-39.5,620,24.4,48.0,seal_leak
EVA-0081,100,139,28,36.7,88,-37.3,632,23.4,55.0,seal_leak
EVA-0081,105,141,29,36.5,86,-39.1,553,22.5,63.7,seal_leak
EVA-0081,110,145,29,36.5,84,-39.1,558,21.3,69.1,seal_leak
EVA-0081,115,158,30,36.3,83,-36.7,510,20.1,74.6,seal_leak
EVA-0081,120,157,30,36.2,82,-39.4,526,19.0,76.4,seal_leak
EVA-0082,0,81,14,36.8,98,-40.8,825,29.6,3.9,nominal
EVA-0082,5,82,15,37.0,99,-44.5,764,29.6,2.5,nominal
EVA-0082,10,82,14,36.9,98,-45.2,761,29.6,2.9,nominal
EVA-0082,15,80,15,37.0,98,-44.3,827,29.6,3.5,nominal
EVA-0082,20,81,13,36.9,98,-47.0,860,29.6,3.2,nominal
EVA-0082,25,82,13,36.9,99,-46.5,835,29.6,2.4,nominal
EVA-0082,30,83,14,36.9,98,-46.4,798,29.6,3.7,nominal
EVA-0082,35,86,15,37.0,98,-51.3,851,29.6,3.0,nominal
EVA-0082,40,91,16,37.0,98,-51.1,831,29.5,5.3,nominal
EVA-0082,45,87,16,37.0,98,-52.0,898,29.6,4.4,nominal
EVA-0082,50,89,17,37.0,98,-53.4,928,29.5,6.4,nominal
EVA-0082,55,94,15,37.0,98,-54.6,933,29.6,4.8,nominal
EVA-0082,60,90,16,37.0,98,-55.5,894,29.6,5.3,nominal
EVA-0082,65,100,16,37.0,98,-55.9,953,29.6,7.8,nominal
EVA-0082,70,91,17,37.0,98,-56.7,865,29.7,6.1,nominal
EVA-0082,75,95,17,37.1,98,-56.7,999,29.6,8.4,nominal
EVA-0082,80,102,17,37.1,98,-58.8,881,29.6,9.1,nominal
EVA-0082,85,103,19,37.1,98,-58.3,843,29.6,11.0,nominal
EVA-0082,90,99,17,37.1,98,-61.1,1004,29.6,8.3,nominal
EVA-0082,95,98,18,37.1,98,-62.6,919,29.6,9.7,nominal
EVA-0082,100,102,19,37.1,98,-62.2,964,29.6,11.1,nominal
EVA-0082,105,104,17,37.1,98,-62.0,920,29.6,10.3,nominal
EVA-0082,110,108,18,37.1,97,-62.1,1081,29.6,13.4,nominal
EVA-0082,115,104,16,37.1,98,-61.9,1064,29.6,8.8,nominal
EVA-0082,120,107,19,37.2,98,-63.7,1060,29.5,13.8,nominal
EVA-0082,125,101,17,37.1,97,-63.6,1002,29.6,11.3,nominal
EVA-0082,130,103,19,37.1,98,-63.1,1050,29.6,10.7,nominal
EVA-0082,135,107,19,37.1,98,-65.9,1012,29.6,12.4,nominal
EVA-0082,140,108,20,37.1,98,-65.4,1072,29.6,14.0,nominal
EVA-0082,145,106,19,37.2,98,-61.9,1011,29.6,13.2,nominal
EVA-0082,150,103,19,37.2,97,-64.2,1109,29.6,14.2,nominal
EVA-0082,155,105,18,37.1,98,-64.6,1025,29.6,11.6,nominal
EVA-0082,160,109,18,37.1,98,-64.0,1038,29.6,12.5,nominal
EVA-0082,165,104,18,37.1,98,-66.5,1040,29.6,10.9,nominal
EVA-0082,170,106,18,37.2,98,-65.4,1078,29.6,11.6,nominal
EVA-0082,175,92,17,37.1,98,-65.4,1060,29.5,8.7,nominal
EVA-0082,180,100,17,37.1,98,-63.3,1107,29.6,9.2,nominal
EVA-0082,185,96,16,37.1,99,-63.7,1071,29.6,7.2,nominal
EVA-0082,190,105,17,37.1,98,-62.6,1137,29.6,9.6,nominal
EVA-0082,195,102,15,37.1,98,-62.5,1177,29.6,7.5,nominal
EVA-0082,200,96,17,37.1,98,-63.4,1120,29.6,9.7,nominal
EVA-0082,205,100,17,37.1,98,-59.6,1225,29.5,9.6,nominal
EVA-0082,210,101,15,37.1,98,-62.0,1184,29.5,8.8,nominal
EVA-0082,215,97,17,37.0,98,-59.9,1237,29.6,7.2,nominal
EVA-0082,220,96,17,37.0,98,-59.7,1146,29.6,7.0,nominal
EVA-0082,225,91,16,37.0,98,-58.3,1082,29.6,5.1,nominal
EVA-0082,230,91,16,37.1,98,-56.0,1133,29.6,6.4,nominal
EVA-0082,235,94,17,36.9,98,-53.8,1145,29.6,7.3,nominal
EVA-0082,240,97,15,37.1,98,-56.1,1137,29.6,6.5,nominal
EVA-0082,245,92,16,37.0,98,-53.8,1089,29.6,5.4,nominal
EVA-0082,250,91,16,37.1,98,-54.2,1242,29.6,7.0,nominal
EVA-0082,255,97,15,37.0,98,-51.7,1120,29.6,6.1,nominal
EVA-0082,260,90,16,37.0,98,-49.8,1254,29.6,5.9,nominal
EVA-0082,265,87,16,37.1,98,-47.9,1318,29.5,5.7,nominal
EVA-0083,0,95,17,37.0,98,-43.5,626,29.6,7.8,scrubber_exhaustion
EVA-0083,5,96,18,37.0,98,-45.4,616,29.5,8.5,scrubber_exhaustion
EVA-0083,10,93,19,37.0,98,-42.9,651,29.5,8.5,scrubber_exhaustion
EVA-0083,15,101,19,37.0,98,-45.1,701,29.7,10.1,scrubber_exhaustion
EVA-0083,20,104,19,36.9,99,-46.7,681,29.7,10.7,scrubber_exhaustion
EVA-0083,25,102,20,37.0,99,-46.5,669,29.6,11.2,scrubber_exhaustion
EVA-0083,30,97,19,37.0,98,-48.9,697,29.6,9.8,scrubber_exhaustion
EVA-0083,35,104,22,37.0,98,-48.9,771,29.5,14.2,scrubber_exhaustion
EVA-0083,40,107,19,37.0,98,-51.7,677,29.6,10.8,scrubber_exhaustion
EVA-0083,45,110,19,37.0,98,-52.1,624,29.6,12.4,scrubber_exhaustion
EVA-0083,50,117,22,37.2,98,-53.9,669,29.6,17.6,scrubber_exhaustion
EVA-0083,55,112,21,37.2,98,-56.2,684,29.6,15.9,scrubber_exhaustion
EVA-0083,60,122,22,37.1,98,-57.3,702,29.6,18.1,scrubber_exhaustion
EVA-0083,65,121,21,37.1,98,-58.8,718,29.7,16.8,scrubber_exhaustion
EVA-0083,70,117,22,37.2,98,-59.3,793,29.6,18.1,scrubber_exhaustion
EVA-0083,75,118,22,37.1,98,-61.5,870,29.7,17.5,scrubber_exhaustion
EVA-0083,80,119,21,37.1,98,-61.6,963,29.5,16.8,scrubber_exhaustion
EVA-0083,85,119,22,37.1,98,-62.9,1044,29.6,17.5,scrubber_exhaustion
EVA-0083,90,113,20,37.1,99,-64.4,1276,29.6,13.9,scrubber_exhaustion
EVA-0083,95,112,22,37.1,98,-65.5,1441,29.6,16.6,scrubber_exhaustion
EVA-0083,100,114,23,37.2,98,-67.6,1706,29.6,18.8,scrubber_exhaustion
EVA-0083,105,108,21,37.1,98,-68.4,1923,29.6,14.7,scrubber_exhaustion
EVA-0083,110,116,22,37.2,98,-71.1,2152,29.7,17.7,scrubber_exhaustion
EVA-0083,115,119,25,37.2,98,-70.2,2542,29.6,21.2,scrubber_exhaustion
EVA-0083,120,119,23,37.2,98,-72.2,2845,29.6,19.5,scrubber_exhaustion
EVA-0083,125,122,25,37.3,98,-71.8,3251,29.7,24.3,scrubber_exhaustion
EVA-0083,130,120,25,37.3,98,-73.6,3665,29.6,23.7,scrubber_exhaustion
EVA-0083,135,122,25,37.3,97,-75.9,4078,29.6,25.1,scrubber_exhaustion
EVA-0083,140,118,27,37.4,97,-71.5,4574,29.6,26.8,scrubber_exhaustion
EVA-0083,145,120,28,37.3,98,-75.1,5084,29.5,26.2,scrubber_exhaustion
EVA-0083,150,119,28,37.4,97,-73.6,5606,29.6,28.5,scrubber_exhaustion
EVA-0083,155,128,27,37.4,97,-76.4,6138,29.5,29.5,scrubber_exhaustion
EVA-0083,160,132,31,37.6,97,-74.1,6829,29.6,35.7,scrubber_exhaustion
EVA-0083,165,133,31,37.6,97,-77.9,7531,29.6,37.4,scrubber_exhaustion
EVA-0083,170,136,33,37.7,97,-76.5,8268,29.6,41.4,scrubber_exhaustion
EVA-0083,175,150,35,37.8,97,-78.2,8987,29.6,48.4,scrubber_exhaustion
EVA-0083,180,149,38,37.8,97,-73.8,9708,29.6,48.1,scrubber_exhaustion
EVA-0083,185,161,38,37.9,97,-77.2,10495,29.6,51.7,scrubber_exhaustion
EVA-0084,0,80,19,37.0,97,-68.6,733,29.6,7.2,scrubber_exhaustion
EVA-0084,5,85,18,37.0,98,-65.8,692,29.6,6.8,scrubber_exhaustion
EVA-0084,10,85,18,37.0,98,-64.2,669,29.7,5.8,scrubber_exhaustion
EVA-0084,15,87,19,37.1,98,-66.3,709,29.7,9.2,scrubber_exhaustion
EVA-0084,20,84,18,37.0,98,-64.4,696,29.6,6.7,scrubber_exhaustion
EVA-0084,25,81,18,37.0,97,-60.8,679,29.6,7.1,scrubber_exhaustion
EVA-0084,30,87,17,37.1,98,-60.0,748,29.6,7.7,scrubber_exhaustion
EVA-0084,35,79,18,37.1,98,-59.5,686,29.6,6.8,scrubber_exhaustion
EVA-0084,40,86,18,37.1,97,-59.8,726,29.6,9.4,scrubber_exhaustion
EVA-0084,45,90,19,37.1,98,-57.2,735,29.6,9.6,scrubber_exhaustion
EVA-0084,50,95,20,37.1,98,-58.6,697,29.6,10.7,scrubber_exhaustion
EVA-0084,55,87,19,37.1,98,-56.5,796,29.6,9.4,scrubber_exhaustion
EVA-0084,60,91,19,37.1,98,-57.1,765,29.6,10.9,scrubber_exhaustion
EVA-0084,65,91,20,37.1,97,-55.0,842,29.5,12.2,scrubber_exhaustion
EVA-0084,70,89,20,37.1,97,-55.3,781,29.7,11.3,scrubber_exhaustion
EVA-0084,75,93,22,37.1,97,-52.5,783,29.6,14.1,scrubber_exhaustion
EVA-0084,80,96,20,37.2,98,-52.3,769,29.6,12.8,scrubber_exhaustion
EVA-0084,85,96,19,37.1,98,-53.0,820,29.6,10.6,scrubber_exhaustion
EVA-0084,90,93,20,37.1,98,-50.5,829,29.5,10.7,scrubber_exhaustion
EVA-0084,95,96,19,37.1,97,-52.5,872,29.6,12.4,scrubber_exhaustion
EVA-0084,100,96,20,37.1,98,-51.0,867,29.6,12.5,scrubber_exhaustion
EVA-0084,105,98,21,37.2,97,-51.4,1002,29.6,14.8,scrubber_exhaustion
EVA-0084,110,101,20,37.2,97,-49.5,991,29.5,14.8,scrubber_exhaustion
EVA-0084,115,98,20,37.2,98,-49.4,1006,29.6,14.0,scrubber_exhaustion
EVA-0084,120,103,22,37.1,98,-48.5,1103,29.6,14.5,scrubber_exhaustion
EVA-0084,125,97,21,37.1,98,-49.8,1295,29.6,12.6,scrubber_exhaustion
EVA-0084,130,102,22,37.2,97,-53.5,1365,29.6,16.2,scrubber_exhaustion
EVA-0084,135,105,21,37.2,98,-50.5,1598,29.7,15.5,scrubber_exhaustion
EVA-0084,140,106,22,37.2,98,-48.2,1792,29.6,17.3,scrubber_exhaustion
EVA-0084,145,102,22,37.3,97,-50.6,1995,29.6,18.8,scrubber_exhaustion
EVA-0084,150,109,24,37.4,97,-52.8,2137,29.7,22.6,scrubber_exhaustion
EVA-0084,155,111,23,37.3,97,-50.2,2461,29.5,21.7,scrubber_exhaustion
EVA-0084,160,115,27,37.4,98,-50.5,2700,29.5,25.5,scrubber_exhaustion
EVA-0084,165,114,24,37.4,97,-52.4,2945,29.6,24.3,scrubber_exhaustion
EVA-0084,170,121,27,37.5,97,-52.3,3273,29.6,29.5,scrubber_exhaustion
EVA-0084,175,117,28,37.6,97,-53.5,3632,29.6,30.5,scrubber_exhaustion
EVA-0084,180,122,28,37.5,97,-52.4,3933,29.6,32.2,scrubber_exhaustion
EVA-0084,185,120,29,37.6,97,-53.6,4351,29.6,32.7,scrubber_exhaustion
EVA-0084,190,127,31,37.6,97,-55.7,4799,29.6,35.9,scrubber_exhaustion
EVA-0084,195,128,32,37.6,97,-55.1,5196,29.6,38.4,scrubber_exhaustion
EVA-0084,200,137,31,37.6,96,-56.7,5598,29.7,40.9,scrubber_exhaustion
EVA-0084,205,134,32,37.7,97,-54.9,6068,29.6,40.2,scrubber_exhaustion
EVA-0084,210,137,32,37.8,96,-56.4,6520,29.7,43.1,scrubber_exhaustion
EVA-0084,215,137,33,37.8,96,-58.5,7031,29.6,44.2,scrubber_exhaustion
EVA-0084,220,139,35,37.8,96,-59.2,7517,29.6,47.2,scrubber_exhaustion
EVA-0084,225,147,36,37.9,96,-59.0,8152,29.6,49.7,scrubber_exhaustion
EVA-0084,230,156,36,38.1,96,-61.4,8750,29.6,54.5,scrubber_exhaustion
EVA-0084,235,152,39,38.0,96,-61.3,9317,29.6,52.1,scrubber_exhaustion
EVA-0084,240,168,41,38.1,96,-61.4,9905,29.6,56.7,scrubber_exhaustion
EVA-0084,245,171,41,38.2,96,-64.8,10595,29.6,59.1,scrubber_exhaustion
EVA-0085,0,92,18,37.0,98,-77.5,821,29.6,7.8,heater_failure
EVA-0085,5,96,17,37.0,98,-77.9,862,29.6,8.2,heater_failure
EVA-0085,10,96,20,36.9,98,-78.7,845,29.7,12.3,heater_failure
EVA-0085,15,101,19,36.8,98,-75.7,913,29.6,12.5,heater_failure
EVA-0085,20,105,18,36.8,98,-75.3,850,29.6,13.0,heater_failure
EVA-0085,25,105,20,36.8,98,-73.8,821,29.7,15.7,heater_failure
EVA-0085,30,109,19,36.6,98,-75.6,940,29.6,15.6,heater_failure
EVA-0085,35,110,20,36.7,98,-73.0,879,29.6,15.8,heater_failure
EVA-0085,40,113,20,36.7,98,-72.4,889,29.6,16.4,heater_failure
EVA-0085,45,115,20,36.8,98,-71.8,1011,29.6,15.8,heater_failure
EVA-0085,50,114,21,36.7,98,-71.6,1012,29.6,19.1,heater_failure
EVA-0085,55,117,21,36.6,98,-71.2,968,29.6,21.0,heater_failure
EVA-0085,60,117,23,36.6,98,-69.4,861,29.6,20.8,heater_failure
EVA-0085,65,123,21,36.4,98,-72.1,1036,29.6,24.0,heater_failure
EVA-0085,70,119,21,36.3,98,-72.9,1057,29.6,23.6,heater_failure
EVA-0085,75,123,21,36.2,98,-74.3,1064,29.6,26.0,heater_failure
EVA-0085,80,119,23,36.1,98,-73.5,1077,29.6,27.5,heater_failure
EVA-0085,85,121,21,36.1,98,-75.2,1062,29.6,26.9,heater_failure
EVA-0085,90,116,21,36.2,97,-73.2,1066,29.6,26.4,heater_failure
EVA-0085,95,125,21,35.8,98,-75.3,1049,29.6,30.8,heater_failure
EVA-0085,100,126,20,35.8,98,-75.0,1082,29.6,31.5,heater_failure
EVA-0085,105,127,22,35.8,97,-75.3,1143,29.6,34.2,heater_failure
EVA-0085,110,122,20,35.4,98,-79.1,1158,29.6,35.9,heater_failure
EVA-0085,115,118,19,35.1,99,-79.5,1193,29.6,36.5,heater_failure
EVA-0085,120,124,20,35.1,98,-78.4,1108,29.6,38.2,heater_failure
EVA-0085,125,108,17,34.8,98,-80.7,1111,29.6,33.6,heater_failure
EVA-0085,130,101,16,34.7,98,-81.1,1183,29.6,32.2,heater_failure
EVA-0085,135,89,15,34.5,98,-81.2,1169,29.6,29.8,heater_failure
EVA-0085,140,87,15,34.4,98,-82.0,1238,29.6,29.7,heater_failure
EVA-0085,145,85,13,34.2,97,-83.2,1185,29.6,29.3,heater_failure
EVA-0086,0,82,16,37.1,97,-79.9,874,29.6,6.1,nominal
EVA-0086,5,80,17,37.0,97,-79.0,878,29.6,5.3,nominal
EVA-0086,10,89,17,37.0,98,-82.0,930,29.6,7.4,nominal
EVA-0086,15,89,18,37.0,98,-83.7,840,29.6,6.6,nominal
EVA-0086,20,95,17,37.1,98,-84.5,881,29.7,9.4,nominal
EVA-0086,25,96,18,37.2,97,-83.2,950,29.6,12.8,nominal
EVA-0086,30,96,18,37.1,98,-81.9,908,29.6,9.9,nominal
EVA-0086,35,99,18,37.1,97,-78.8,863,29.6,11.8,nominal
EVA-0086,40,97,18,37.1,98,-77.7,996,29.5,9.6,nominal
EVA-0086,45,98,19,37.2,98,-71.5,1046,29.6,12.6,nominal
EVA-0086,50,96,18,37.1,98,-69.5,1018,29.6,10.2,nominal
EVA-0086,55,98,19,37.1,98,-65.8,1067,29.6,10.3,nominal
EVA-0086,60,97,18,37.0,98,-63.4,1078,29.5,8.8,nominal
EVA-0086,65,96,19,37.1,97,-59.0,1079,29.6,11.5,nominal
EVA-0086,70,101,18,37.1,97,-56.9,1103,29.6,11.7,nominal
EVA-0086,75,97,18,37.0,97,-48.6,1176,29.6,10.7,nominal
EVA-0086,80,97,17,37.1,98,-48.9,1090,29.7,9.3,nominal
EVA-0086,85,93,18,37.1,98,-45.8,1186,29.6,9.3,nominal
EVA-0086,90,93,17,37.2,98,-39.9,1117,29.6,8.9,nominal
EVA-0086,95,90,18,37.1,98,-39.2,1152,29.7,9.2,nominal
EVA-0086,100,89,16,37.0,97,-38.1,1260,29.6,5.9,nominal
EVA-0086,105,83,16,37.1,98,-37.1,1170,29.6,5.3,nominal
EVA-0086,110,83,15,37.1,98,-36.3,1232,29.6,4.3,nominal
EVA-0086,115,85,15,36.9,98,-37.9,1367,29.6,3.8,nominal
EVA-0087,0,87,16,36.9,97,-54.6,680,29.5,7.3,seal_leak
EVA-0087,5,92,15,36.9,97,-53.2,649,29.6,7.3,seal_leak
EVA-0087,10,91,16,36.8,97,-53.6,763,29.6,8.1,seal_leak
EVA-0087,15,94,16,36.9,97,-52.9,793,29.6,8.7,seal_leak
EVA-0087,20,93,17,36.8,97,-50.8,748,29.6,10.8,seal_leak
EVA-0087,25,101,17,36.9,98,-51.2,765,29.6,11.0,seal_leak
EVA-0087,30,101,16,36.9,97,-50.4,808,29.6,10.1,seal_leak
EVA-0087,35,103,18,36.8,97,-50.6,793,29.6,12.8,seal_leak
EVA-0087,40,105,19,36.8,97,-50.0,885,29.7,14.7,seal_leak
EVA-0087,45,101,19,37.0,97,-51.3,761,29.6,11.8,seal_leak
EVA-0087,50,102,18,36.9,97,-51.8,870,29.6,13.0,seal_leak
EVA-0087,55,106,18,36.9,97,-54.2,822,29.5,13.8,seal_leak
EVA-0087,60,102,19,37.0,97,-52.9,774,29.3,14.0,seal_leak
EVA-0087,65,103,19,36.8,97,-53.8,911,29.1,16.0,seal_leak
EVA-0087,70,108,19,36.9,96,-55.3,908,28.8,16.9,seal_leak
EVA-0087,75,108,19,36.8,96,-54.0,795,28.6,19.7,seal_leak
EVA-0087,80,111,19,36.8,95,-57.5,813,28.2,22.8,seal_leak
EVA-0087,85,117,19,36.8,94,-59.3,770,27.9,25.4,seal_leak
EVA-0087,90,118,20,36.7,94,-59.9,768,27.5,28.5,seal_leak
EVA-0087,95,122,21,36.7,94,-59.4,729,27.2,30.2,seal_leak
EVA-0087,100,120,21,36.6,93,-63.0,715,26.7,34.1,seal_leak
EVA-0087,105,125,22,36.5,92,-67.3,813,26.2,40.0,seal_leak
EVA-0087,110,129,22,36.6,91,-65.4,738,25.8,42.9,seal_leak
EVA-0087,115,132,24,36.4,90,-68.1,729,25.2,49.4,seal_leak
EVA-0087,120,132,24,36.4,89,-70.4,690,24.8,51.5,seal_leak
EVA-0087,125,138,24,36.3,88,-66.9,709,24.3,56.0,seal_leak
EVA-0087,130,141,25,36.3,88,-67.9,645,23.8,59.5,seal_leak
EVA-0087,135,143,24,36.1,87,-71.2,654,23.2,63.9,seal_leak
EVA-0087,140,149,25,36.1,86,-71.6,629,22.6,67.9,seal_leak
EVA-0087,145,149,25,36.1,84,-70.4,681,22.1,70.9,seal_leak
EVA-0087,150,155,25,35.9,84,-71.6,589,21.5,74.5,seal_leak
EVA-0087,155,160,27,35.9,83,-70.5,586,20.9,77.3,seal_leak
EVA-0088,0,87,16,37.1,98,-56.6,655,29.7,6.2,nominal
EVA-0088,5,88,19,37.1,98,-55.5,605,29.6,8.5,nominal
EVA-0088,10,90,19,37.0,98,-55.2,730,29.7,8.5,nominal
EVA-0088,15,96,20,37.1,98,-53.4,755,29.6,10.9,nominal
EVA-0088,20,93,20,37.0,98,-55.7,693,29.6,9.5,nominal
EVA-0088,25,96,21,37.2,98,-52.4,733,29.5,13.7,nominal
EVA-0088,30,96,20,37.2,98,-49.2,731,29.6,11.7,nominal
EVA-0088,35,101,20,37.1,98,-49.7,744,29.6,11.8,nominal
EVA-0088,40,107,22,37.2,98,-48.2,800,29.6,15.6,nominal
EVA-0088,45,105,22,37.3,98,-45.4,814,29.5,16.7,nominal
EVA-0088,50,104,21,37.2,98,-43.5,851,29.6,15.4,nominal
EVA-0088,55,110,23,37.2,98,-42.3,863,29.6,17.5,nominal
EVA-0088,60,107,22,37.2,98,-37.7,820,29.6,17.5,nominal
EVA-0088,65,113,22,37.2,99,-37.9,968,29.6,18.4,nominal
EVA-0088,70,114,22,37.3,98,-37.7,922,29.6,17.9,nominal
EVA-0088,75,109,23,37.2,98,-36.9,835,29.6,19.2,nominal
EVA-0088,80,109,22,37.3,98,-33.3,883,29.6,17.6,nominal
EVA-0088,85,107,23,37.2,98,-33.6,800,29.6,16.7,nominal
EVA-0088,90,104,22,37.3,98,-28.9,903,29.6,17.2,nominal
EVA-0088,95,108,22,37.3,97,-30.1,989,29.6,19.3,nominal
EVA-0088,100,109,22,37.2,98,-29.2,1052,29.7,16.0,nominal
EVA-0088,105,108,22,37.2,98,-29.1,933,29.6,17.4,nominal
EVA-0088,110,104,22,37.2,98,-27.8,966,29.6,15.6,nominal
EVA-0088,115,99,22,37.2,98,-32.0,991,29.6,15.4,nominal
EVA-0088,120,102,21,37.2,99,-30.8,1065,29.6,14.5,nominal
EVA-0088,125,108,22,37.3,98,-28.5,944,29.6,17.0,nominal
EVA-0088,130,103,21,37.3,98,-28.6,1120,29.6,15.5,nominal
EVA-0088,135,110,23,37.3,98,-32.7,999,29.6,18.7,nominal
EVA-0088,140,107,21,37.2,98,-34.4,973,29.7,16.6,nominal
EVA-0088,145,107,22,37.2,98,-33.2,1023,29.6,15.9,nominal
EVA-0088,150,104,21,37.1,98,-34.1,1014,29.6,13.7,nominal
EVA-0088,155,99,20,37.3,98,-36.0,1081,29.6,14.3,nominal
EVA-0088,160,102,21,37.2,98,-37.8,1000,29.6,14.2,nominal
EVA-0088,165,95,19,37.1,98,-41.6,1093,29.5,10.8,nominal
EVA-0088,170,94,21,37.2,98,-41.6,1129,29.6,12.3,nominal
EVA-0089,0,86,15,37.1,98,-84.7,760,29.5,5.7,seal_leak
EVA-0089,5,89,15,37.1,98,-83.0,842,29.6,4.9,seal_leak
EVA-0089,10,90,16,37.0,98,-81.7,759,29.6,5.3,seal_leak
EVA-0089,15,89,15,37.1,98,-79.2,792,29.6,4.6,seal_leak
EVA-0089,20,91,15,37.1,98,-75.3,791,29.6,4.9,seal_leak
EVA-0089,25,90,14,37.1,98,-76.6,880,29.6,4.5,seal_leak
EVA-0089,30,92,15,37.3,98,-70.5,824,29.6,7.8,seal_leak
EVA-0089,35,94,16,37.1,98,-68.3,852,29.6,6.6,seal_leak
EVA-0089,40,95,17,37.2,98,-66.6,840,29.6,9.7,seal_leak
EVA-0089,45,101,18,37.3,98,-64.5,935,29.7,12.1,seal_leak
EVA-0089,50,98,18,37.3,98,-61.8,848,29.6,11.4,seal_leak
EVA-0089,55,99,18,37.2,98,-57.9,822,29.5,11.3,seal_leak
EVA-0089,60,96,17,37.3,97,-59.2,819,29.4,11.5,seal_leak
EVA-0089,65,104,16,37.3,97,-53.7,909,29.2,14.0,seal_leak
EVA-0089,70,108,17,37.2,97,-53.0,909,29.1,14.2,seal_leak
EVA-0089,75,108,17,37.2,97,-48.8,925,28.9,15.1,seal_leak
EVA-0089,80,110,18,37.2,97,-48.2,818,28.7,15.6,seal_leak
EVA-0089,85,108,18,37.1,96,-44.5,857,28.5,16.4,seal_leak
EVA-0089,90,109,19,37.1,96,-45.1,960,28.3,17.6,seal_leak
EVA-0089,95,111,19,37.0,95,-43.4,846,28.0,18.9,seal_leak
EVA-0089,100,110,18,37.1,95,-39.8,832,27.8,18.4,seal_leak
EVA-0089,105,105,19,36.9,94,-36.4,849,27.6,21.4,seal_leak
EVA-0089,110,109,19,37.0,94,-36.1,865,27.3,22.9,seal_leak
EVA-0089,115,109,19,37.0,94,-35.0,859,27.1,22.1,seal_leak
EVA-0089,120,118,19,36.9,93,-33.7,812,26.7,26.7,seal_leak
EVA-0089,125,113,21,36.8,93,-34.4,808,26.5,29.7,seal_leak
EVA-0089,130,116,20,36.8,92,-32.7,813,26.1,31.7,seal_leak
EVA-0089,135,117,21,36.9,92,-33.9,792,25.8,32.2,seal_leak
EVA-0089,140,116,20,36.7,91,-33.6,769,25.5,35.4,seal_leak
EVA-0089,145,118,20,36.6,90,-33.6,866,25.1,39.7,seal_leak
EVA-0089,150,112,21,36.6,90,-34.5,785,24.9,40.1,seal_leak
EVA-0089,155,116,19,36.6,89,-34.6,780,24.5,41.1,seal_leak
EVA-0089,160,123,22,36.6,89,-35.7,774,24.1,46.7,seal_leak
EVA-0089,165,120,21,36.5,88,-37.3,775,23.8,47.5,seal_leak
EVA-0089,170,128,22,36.5,87,-37.9,783,23.4,52.3,seal_leak
EVA-0089,175,129,23,36.4,87,-39.1,748,23.0,56.3,seal_leak
EVA-0089,180,134,23,36.4,87,-42.3,788,22.6,58.2,seal_leak
EVA-0089,185,135,22,36.3,86,-42.3,763,22.2,60.4,seal_leak
EVA-0089,190,134,23,36.2,85,-45.4,731,21.8,64.1,seal_leak
EVA-0089,195,132,23,36.1,85,-46.7,709,21.4,65.4,seal_leak
EVA-0089,200,140,22,36.1,84,-50.0,749,20.9,66.6,seal_leak
EVA-0089,205,141,23,36.0,83,-50.3,706,20.5,68.0,seal_leak
EVA-0089,210,149,23,36.0,82,-52.8,668,20.1,70.5,seal_leak
EVA-0089,215,148,24,36.0,82,-57.7,717,19.6,71.5,seal_leak
EVA-0089,220,147,23,35.9,82,-58.3,662,19.2,70.7,seal_leak
EVA-0089,225,146,24,36.0,81,-59.8,692,18.7,70.7,seal_leak
EVA-0090,0,84,18,37.3,98,-47.0,778,29.6,8.5,nominal
EVA-0090,5,86,19,37.2,98,-47.8,773,29.6,9.0,nominal
EVA-0090,10,88,18,37.3,98,-49.7,810,29.6,10.2,nominal
EVA-0090,15,89,19,37.2,99,-53.3,820,29.6,10.5,nominal
EVA-0090,20,99,20,37.3,99,-54.6,808,29.6,14.7,nominal
EVA-0090,25,104,21,37.4,98,-54.4,830,29.6,16.3,nominal
EVA-0090,30,108,21,37.4,99,-58.7,777,29.6,18.1,nominal
EVA-0090,35,111,21,37.5,98,-60.3,912,29.5,19.3,nominal
EVA-0090,40,108,21,37.4,98,-60.3,902,29.6,18.2,nominal
EVA-0090,45,110,23,37.5,99,-65.2,800,29.5,20.8,nominal
EVA-0090,50,116,23,37.4,98,-66.9,954,29.6,21.4,nominal
EVA-0090,55,117,22,37.5,98,-68.0,930,29.6,23.4,nominal
EVA-0090,60,119,22,37.4,98,-69.3,905,29.5,21.9,nominal
EVA-0090,65,116,24,37.5,98,-72.0,915,29.6,24.1,nominal
EVA-0090,70,117,24,37.6,98,-70.6,945,29.6,25.0,nominal
EVA-0090,75,119,23,37.6,98,-71.3,948,29.6,23.8,nominal
EVA-0090,80,117,22,37.4,98,-72.3,969,29.6,20.8,nominal
EVA-0090,85,117,23,37.5,98,-72.2,1096,29.6,22.9,nominal
EVA-0090,90,121,24,37.6,98,-72.3,1051,29.6,24.8,nominal
EVA-0090,95,122,23,37.6,98,-74.1,1140,29.6,24.8,nominal
EVA-0090,100,122,25,37.5,98,-72.0,1073,29.6,26.0,nominal
EVA-0090,105,120,23,37.4,98,-71.2,1103,29.6,22.4,nominal
EVA-0090,110,114,24,37.6,98,-73.1,1052,29.7,24.1,nominal
EVA-0090,115,117,25,37.6,98,-68.5,1099,29.6,25.9,nominal
EVA-0090,120,115,23,37.5,98,-70.7,1117,29.6,23.6,nominal
EVA-0090,125,112,22,37.5,98,-69.4,1163,29.6,20.8,nominal
EVA-0090,130,104,22,37.4,98,-66.4,1147,29.6,18.4,nominal
EVA-0090,135,102,22,37.5,98,-64.4,1180,29.6,18.1,nominal
EVA-0090,140,101,21,37.4,98,-62.4,1193,29.7,17.2,nominal
EVA-0090,145,104,20,37.3,98,-60.9,1180,29.6,15.3,nominal
EVA-0091,0,77,15,37.1,99,-46.2,528,29.6,2.3,seal_leak
EVA-0091,5,89,16,37.1,98,-45.2,504,29.7,6.2,seal_leak
EVA-0091,10,89,17,37.1,99,-46.1,519,29.5,6.8,seal_leak
EVA-0091,15,93,17,37.1,98,-46.5,569,29.6,7.4,seal_leak
EVA-0091,20,89,17,37.2,99,-44.0,590,29.7,7.3,seal_leak
EVA-0091,25,90,17,37.1,98,-44.7,696,29.6,7.1,seal_leak
EVA-0091,30,94,17,37.2,98,-44.9,534,29.7,9.1,seal_leak
EVA-0091,35,99,18,37.2,98,-44.2,633,29.6,10.2,seal_leak
EVA-0091,40,93,17,37.2,98,-45.4,593,29.7,8.7,seal_leak
EVA-0091,45,90,17,37.2,98,-47.5,643,29.6,8.8,seal_leak
EVA-0091,50,92,17,37.1,99,-45.7,615,29.6,7.4,seal_leak
EVA-0091,55,93,16,37.1,99,-48.2,694,29.5,6.6,seal_leak
EVA-0091,60,100,19,37.2,98,-47.8,702,29.6,11.5,seal_leak
EVA-0091,65,94,18,37.1,99,-47.6,658,29.5,9.3,seal_leak
EVA-0091,70,101,18,37.1,99,-48.2,735,29.6,10.2,seal_leak
EVA-0091,75,97,17,37.2,98,-50.6,712,29.6,9.6,seal_leak
EVA-0091,80,99,18,37.2,99,-50.0,748,29.6,10.7,seal_leak
EVA-0091,85,89,18,37.2,99,-49.4,691,29.6,9.6,seal_leak
EVA-0091,90,93,18,37.1,98,-50.6,738,29.6,8.5,seal_leak
EVA-0091,95,103,19,37.2,99,-49.1,661,29.5,12.5,seal_leak
EVA-0091,100,100,18,37.3,98,-49.4,656,29.4,11.7,seal_leak
EVA-0091,105,99,19,37.2,99,-52.9,786,29.3,11.4,seal_leak
EVA-0091,110,102,19,37.2,98,-52.1,645,29.3,12.7,seal_leak
EVA-0091,115,103,19,37.2,98,-50.9,671,29.1,14.4,seal_leak
EVA-0091,120,101,18,37.0,97,-53.6,609,28.9,11.1,seal_leak
EVA-0091,125,105,19,37.1,98,-54.6,651,28.7,12.8,seal_leak
EVA-0091,130,107,19,37.2,97,-53.8,644,28.6,15.6,seal_leak
EVA-0091,135,108,19,37.1,97,-55.8,655,28.3,15.9,seal_leak
EVA-0091,140,114,21,37.1,96,-54.7,691,28.1,20.5,seal_leak
EVA-0091,145,109,19,37.1,96,-57.7,698,27.9,17.1,seal_leak
EVA-0091,150,111,20,37.1,96,-58.3,636,27.8,19.9,seal_leak
EVA-0091,155,113,21,37.0,95,-57.5,641,27.5,21.4,seal_leak
EVA-0091,160,116,21,37.1,95,-59.1,709,27.2,24.3,seal_leak
EVA-0091,165,114,21,37.0,94,-59.8,728,27.0,25.0,seal_leak
EVA-0091,170,118,21,36.9,93,-63.0,707,26.8,28.8,seal_leak
EVA-0091,175,120,22,36.9,94,-62.0,599,26.5,29.9,seal_leak
EVA-0091,180,121,23,36.9,93,-61.3,696,26.2,31.3,seal_leak
EVA-0091,185,126,23,36.9,92,-64.0,715,25.9,35.4,seal_leak
EVA-0091,190,126,24,36.8,91,-63.1,588,25.5,39.3,seal_leak
EVA-0091,195,124,24,36.9,92,-64.4,678,25.4,37.1,seal_leak
EVA-0091,200,131,24,36.7,91,-65.7,645,25.0,41.8,seal_leak
EVA-0091,205,131,24,36.7,91,-64.6,622,24.7,43.1,seal_leak
EVA-0091,210,130,25,36.7,90,-67.5,631,24.4,47.1,seal_leak
EVA-0091,215,135,24,36.6,90,-68.2,637,24.2,48.3,seal_leak
EVA-0091,220,133,25,36.6,89,-68.9,654,23.8,50.7,seal_leak
EVA-0091,225,140,27,36.7,89,-69.3,646,23.5,53.1,seal_leak
EVA-0091,230,140,27,36.5,88,-69.2,562,23.2,58.4,seal_leak
EVA-0091,235,146,26,36.5,88,-72.6,582,22.8,59.3,seal_leak
EVA-0091,240,146,27,36.4,87,-70.6,598,22.5,62.0,seal_leak
EVA-0091,245,143,27,36.4,86,-72.2,634,22.2,64.5,seal_leak
EVA-0091,250,152,26,36.3,86,-72.4,507,21.8,68.2,seal_leak
EVA-0091,255,151,26,36.3,85,-70.9,560,21.4,69.0,seal_leak
EVA-0091,260,147,27,36.2,84,-75.0,529,21.1,71.6,seal_leak
EVA-0091,265,154,28,36.2,84,-76.5,527,20.6,72.4,seal_leak
EVA-0091,270,162,29,36.2,83,-75.5,582,20.3,76.3,seal_leak
EVA-0091,275,162,30,36.1,83,-75.9,536,19.9,77.2,seal_leak
EVA-0091,280,159,29,36.1,82,-75.9,484,19.5,76.4,seal_leak
EVA-0092,0,85,16,37.1,98,-38.2,649,29.6,5.3,nominal
EVA-0092,5,86,16,37.1,97,-40.4,654,29.6,7.5,nominal
EVA-0092,10,95,16,37.1,98,-40.1,607,29.6,8.7,nominal
EVA-0092,15,101,17,37.1,97,-41.5,612,29.5,11.7,nominal
EVA-0092,20,100,17,37.1,98,-41.3,763,29.7,10.0,nominal
EVA-0092,25,97,16,37.1,97,-41.2,724,29.6,9.4,nominal
EVA-0092,30,102,18,37.1,97,-43.1,766,29.6,12.7,nominal
EVA-0092,35,100,18,37.2,97,-43.1,775,29.5,12.7,nominal
EVA-0092,40,108,20,37.1,97,-44.9,782,29.6,15.0,nominal
EVA-0092,45,105,18,37.3,97,-49.8,804,29.6,14.8,nominal
EVA-0092,50,102,16,37.2,97,-53.1,916,29.7,11.6,nominal
EVA-0092,55,100,17,37.1,97,-53.6,883,29.6,10.8,nominal
EVA-0092,60,98,16,37.2,97,-56.4,945,29.6,13.0,nominal
EVA-0092,65,98,17,37.1,97,-60.5,975,29.5,11.2,nominal
EVA-0092,70,94,16,37.0,97,-63.3,978,29.5,7.6,nominal
EVA-0092,75,89,15,37.1,97,-66.6,1023,29.6,7.4,nominal
EVA-0092,80,84,14,37.1,97,-71.6,1011,29.5,6.5,nominal
EVA-0092,85,83,15,37.0,97,-74.9,1095,29.6,6.6,nominal
EVA-0092,90,79,14,37.0,98,-76.5,1094,29.6,2.0,nominal
EVA-0093,0,100,16,37.0,98,-46.4,531,29.5,7.1,nominal
EVA-0093,5,100,17,37.0,98,-45.5,463,29.6,8.6,nominal
EVA-0093,10,96,16,37.1,98,-44.6,565,29.7,7.1,nominal
EVA-0093,15,104,16,37.0,98,-46.1,550,29.6,9.4,nominal
EVA-0093,20,106,18,37.2,98,-44.3,539,29.6,11.4,nominal
EVA-0093,25,107,18,37.1,98,-44.0,560,29.7,11.2,nominal
EVA-0093,30,106,18,37.1,98,-42.9,597,29.6,12.3,nominal
EVA-0093,35,106,17,37.1,98,-44.2,678,29.6,10.1,nominal
EVA-0093,40,109,18,37.1,98,-43.2,611,29.7,11.5,nominal
EVA-0093,45,112,20,37.2,98,-43.3,629,29.6,15.6,nominal
EVA-0093,50,115,19,37.1,98,-42.5,611,29.7,14.1,nominal
EVA-0093,55,122,18,37.1,98,-44.5,697,29.6,15.1,nominal
EVA-0093,60,115,19,37.1,98,-47.2,555,29.6,14.8,nominal
EVA-0093,65,124,18,37.3,98,-43.8,552,29.6,16.7,nominal
EVA-0093,70,124,20,37.3,98,-43.9,646,29.6,19.8,nominal
EVA-0093,75,120,21,37.2,98,-45.1,679,29.6,19.0,nominal
EVA-0093,80,118,19,37.2,98,-45.7,542,29.6,15.2,nominal
EVA-0093,85,128,20,37.2,98,-44.8,667,29.7,18.6,nominal
EVA-0093,90,124,21,37.2,98,-44.4,669,29.6,18.4,nominal
EVA-0093,95,131,22,37.2,98,-44.4,720,29.6,21.0,nominal
EVA-0093,100,134,23,37.2,98,-47.6,715,29.6,23.3,nominal
EVA-0093,105,127,22,37.3,98,-47.3,624,29.6,21.9,nominal
EVA-0093,110,135,21,37.3,97,-44.2,666,29.5,23.9,nominal
EVA-0093,115,131,22,37.3,97,-46.1,687,29.6,23.3,nominal
EVA-0093,120,124,23,37.2,98,-46.3,766,29.6,20.5,nominal
EVA-0093,125,125,21,37.3,97,-48.4,759,29.6,22.1,nominal
EVA-0093,130,128,21,37.2,97,-47.2,724,29.6,21.7,nominal
EVA-0093,135,126,21,37.3,98,-48.2,767,29.6,20.1,nominal
EVA-0093,140,122,20,37.2,98,-49.0,723,29.5,17.8,nominal
EVA-0093,145,125,21,37.2,98,-50.5,872,29.5,20.4,nominal
EVA-0093,150,127,21,37.2,98,-50.4,815,29.6,18.8,nominal
EVA-0093,155,123,18,37.1,98,-47.6,834,29.6,15.4,nominal
EVA-0093,160,120,19,37.2,98,-51.0,870,29.6,15.2,nominal
EVA-0093,165,123,19,37.2,98,-50.2,863,29.7,16.7,nominal
EVA-0093,170,124,21,37.3,98,-52.0,828,29.6,18.8,nominal
EVA-0093,175,122,19,37.2,98,-52.8,827,29.6,16.6,nominal
EVA-0093,180,122,20,37.1,98,-53.8,903,29.6,17.3,nominal
EVA-0093,185,121,20,37.2,98,-52.1,855,29.6,17.2,nominal
EVA-0093,190,120,20,37.2,98,-54.0,830,29.5,16.6,nominal
EVA-0093,195,121,20,37.2,98,-56.0,961,29.6,17.6,nominal
EVA-0093,200,119,20,37.2,98,-56.2,840,29.6,16.6,nominal
EVA-0093,205,124,20,37.2,98,-55.1,813,29.5,18.8,nominal
EVA-0093,210,114,20,37.1,98,-60.5,946,29.6,14.7,nominal
EVA-0093,215,118,20,37.2,98,-57.4,877,29.6,16.4,nominal
EVA-0093,220,119,19,37.2,97,-57.8,939,29.6,17.5,nominal
EVA-0093,225,120,19,37.2,98,-60.0,1011,29.7,16.6,nominal
EVA-0094,0,72,18,37.0,98,-59.8,587,29.6,4.5,nominal
EVA-0094,5,75,16,36.9,98,-60.7,707,29.7,3.5,nominal
EVA-0094,10,76,17,36.9,99,-61.2,618,29.6,4.9,nominal
EVA-0094,15,75,16,36.9,99,-59.8,717,29.7,3.0,nominal
EVA-0094,20,83,18,37.0,98,-61.9,686,29.6,5.2,nominal
EVA-0094,25,80,17,37.0,98,-62.9,676,29.6,3.5,nominal
EVA-0094,30,83,17,36.9,98,-63.9,674,29.6,5.3,nominal
EVA-0094,35,83,17,37.0,98,-61.3,738,29.6,4.3,nominal
EVA-0094,40,86,18,37.0,99,-63.5,704,29.6,6.0,nominal
EVA-0094,45,82,18,37.0,99,-63.6,747,29.7,5.7,nominal
EVA-0094,50,85,20,37.0,98,-62.2,774,29.6,8.6,nominal
EVA-0094,55,83,19,37.0,99,-61.1,793,29.6,6.6,nominal
EVA-0094,60,87,19,37.1,99,-63.4,816,29.5,8.3,nominal
EVA-0094,65,93,20,37.1,99,-63.9,791,29.6,9.8,nominal
EVA-0094,70,92,20,37.1,98,-63.8,745,29.6,11.1,nominal
EVA-0094,75,97,20,37.2,98,-64.4,823,29.6,11.6,nominal
EVA-0094,80,94,21,37.1,99,-64.3,840,29.5,11.2,nominal
EVA-0094,85,92,19,37.1,99,-64.3,812,29.6,9.0,nominal
EVA-0094,90,95,18,37.1,98,-62.7,816,29.5,8.7,nominal
EVA-0094,95,90,20,37.1,99,-63.9,949,29.6,10.2,nominal
EVA-0094,100,93,19,37.0,98,-62.0,789,29.6,8.9,nominal
EVA-0094,105,95,22,37.1,99,-63.7,879,29.6,12.8,nominal
EVA-0094,110,95,20,37.1,98,-63.8,913,29.6,11.1,nominal
EVA-0094,115,97,20,37.2,98,-61.7,859,29.6,12.1,nominal
EVA-0094,120,100,22,37.0,99,-63.0,876,29.7,13.4,nominal
EVA-0094,125,97,21,37.1,98,-62.9,875,29.6,12.1,nominal
EVA-0094,130,96,21,37.1,98,-62.4,902,29.6,12.3,nominal
EVA-0094,135,98,21,37.1,98,-60.4,952,29.6,11.9,nominal
EVA-0094,140,87,21,37.1,99,-61.5,911,29.6,10.3,nominal
EVA-0094,145,96,21,37.1,99,-60.1,1069,29.6,12.4,nominal
EVA-0094,150,95,19,37.2,99,-61.5,918,29.6,10.9,nominal
EVA-0094,155,91,20,37.1,98,-59.6,1010,29.5,10.6,nominal
EVA-0094,160,94,20,37.2,98,-60.2,981,29.6,11.5,nominal
EVA-0094,165,89,19,37.1,98,-59.0,971,29.6,7.8,nominal
EVA-0094,170,90,19,37.0,99,-58.5,1041,29.7,8.2,nominal
EVA-0094,175,88,18,37.0,98,-60.4,912,29.6,6.3,nominal
EVA-0094,180,85,20,37.0,98,-58.7,1012,29.6,7.7,nominal
EVA-0094,185,88,19,37.1,99,-57.2,970,29.6,8.3,nominal
EVA-0094,190,84,18,37.1,98,-56.5,992,29.6,6.8,nominal
EVA-0094,195,84,19,37.1,99,-55.9,999,29.6,6.8,nominal
EVA-0094,200,86,18,37.0,99,-56.8,986,29.6,6.4,nominal
EVA-0094,205,85,19,37.0,99,-54.6,965,29.6,6.8,nominal
EVA-0094,210,82,17,37.1,98,-56.7,1066,29.6,4.9,nominal
EVA-0094,215,78,17,36.9,99,-57.2,1054,29.6,4.3,nominal
EVA-0094,220,75,17,37.0,98,-55.3,1053,29.7,2.7,nominal
EVA-0094,225,74,15,36.9,98,-53.0,1110,29.6,2.3,nominal
EVA-0094,230,73,16,36.9,99,-55.3,1105,29.6,3.8,nominal
EVA-0095,0,93,19,36.9,98,-57.2,691,29.6,10.0,seal_leak
EVA-0095,5,97,19,36.8,98,-59.2,748,29.6,10.7,seal_leak
EVA-0095,10,96,19,36.8,99,-62.6,772,29.6,11.7,seal_leak
EVA-0095,15,103,19,36.8,98,-64.0,648,29.6,12.3,seal_leak
EVA-0095,20,109,21,36.8,99,-65.5,813,29.6,15.7,seal_leak
EVA-0095,25,108,23,36.9,98,-66.9,794,29.5,15.7,seal_leak
EVA-0095,30,108,23,37.0,98,-70.0,763,29.5,14.9,seal_leak
EVA-0095,35,110,21,36.9,98,-68.9,763,29.4,14.4,seal_leak
EVA-0095,40,115,24,36.9,97,-71.7,783,28.9,21.8,seal_leak
EVA-0095,45,123,23,36.9,97,-70.0,757,28.6,22.6,seal_leak
EVA-0095,50,122,24,36.8,96,-72.4,736,28.2,25.5,seal_leak
EVA-0095,55,129,24,36.8,96,-72.8,741,27.6,29.0,seal_leak
EVA-0095,60,134,25,36.7,94,-71.1,723,27.2,35.2,seal_leak
EVA-0095,65,135,26,36.7,93,-70.6,806,26.7,40.6,seal_leak
EVA-0095,70,138,27,36.5,92,-69.7,750,26.0,44.8,seal_leak
EVA-0095,75,139,27,36.5,91,-70.0,819,25.4,48.0,seal_leak
EVA-0095,80,150,28,36.5,90,-67.5,744,24.7,54.5,seal_leak
EVA-0095,85,150,28,36.4,89,-66.0,741,24.0,59.2,seal_leak
EVA-0095,90,158,29,36.3,88,-63.4,677,23.3,66.6,seal_leak
EVA-0095,95,159,30,36.2,87,-62.8,693,22.5,72.5,seal_leak
EVA-0095,100,159,31,36.1,86,-61.8,690,21.7,77.1,seal_leak
EVA-0095,105,168,32,35.9,84,-60.7,656,20.9,83.1,seal_leak
EVA-0095,110,174,32,35.9,82,-58.7,648,20.1,85.1,seal_leak
EVA-0095,115,178,31,35.9,82,-54.3,658,19.2,85.5,seal_leak
EVA-0095,120,175,31,35.8,81,-51.4,643,18.3,85.4,seal_leak
EVA-0095,125,182,32,35.7,82,-51.1,582,17.4,89.0,seal_leak
EVA-0096,0,81,17,37.2,98,-75.5,789,29.6,6.7,heater_failure
EVA-0096,5,85,19,37.1,98,-76.1,825,29.6,8.6,heater_failure
EVA-0096,10,87,18,37.0,97,-76.8,713,29.6,8.2,heater_failure
EVA-0096,15,83,18,36.9,97,-76.4,770,29.5,8.0,heater_failure
EVA-0096,20,84,18,36.9,98,-75.3,867,29.5,6.9,heater_failure
EVA-0096,25,83,19,36.9,98,-75.5,897,29.6,8.3,heater_failure
EVA-0096,30,86,19,36.8,98,-74.6,861,29.6,9.4,heater_failure
EVA-0096,35,90,19,36.8,97,-73.6,906,29.5,11.3,heater_failure
EVA-0096,40,89,20,36.6,98,-75.7,887,29.5,13.4,heater_failure
EVA-0096,45,91,21,36.7,98,-74.5,922,29.6,13.7,heater_failure
EVA-0096,50,97,21,36.6,98,-73.3,898,29.6,16.5,heater_failure
EVA-0096,55,97,21,36.8,98,-71.0,925,29.6,14.4,heater_failure
EVA-0096,60,105,21,36.7,98,-71.6,861,29.5,17.5,heater_failure
EVA-0096,65,100,21,36.6,97,-72.3,961,29.6,18.3,heater_failure
EVA-0096,70,105,22,36.7,98,-71.5,884,29.5,18.8,heater_failure
EVA-0096,75,103,21,36.6,98,-71.9,985,29.6,17.9,heater_failure
EVA-0096,80,106,22,36.7,98,-70.2,946,29.6,18.2,heater_failure
EVA-0096,85,103,21,36.6,98,-70.7,994,29.6,17.0,heater_failure
EVA-0096,90,103,22,36.6,98,-69.5,947,29.6,18.3,heater_failure
EVA-0096,95,109,21,36.4,97,-72.5,980,29.6,21.7,heater_failure
EVA-0096,100,106,22,36.4,98,-71.6,1031,29.6,20.4,heater_failure
EVA-0096,105,103,21,36.5,97,-70.2,1061,29.5,20.3,heater_failure
EVA-0096,110,104,21,36.5,98,-69.8,1089,29.6,20.0,heater_failure
EVA-0096,115,107,21,36.6,98,-67.3,1000,29.6,18.6,heater_failure
EVA-0096,120,110,20,36.2,98,-72.3,997,29.6,23.6,heater_failure
EVA-0096,125,108,20,36.3,98,-70.1,1033,29.6,20.4,heater_failure
EVA-0096,130,106,22,36.2,98,-70.1,1041,29.6,24.1,heater_failure
EVA-0096,135,109,21,36.2,98,-69.6,1172,29.5,24.2,heater_failure
EVA-0096,140,99,20,36.4,98,-67.8,1174,29.6,18.6,heater_failure
EVA-0096,145,100,20,36.2,98,-68.9,1081,29.6,21.3,heater_failure
EVA-0096,150,103,19,35.9,98,-71.9,1215,29.6,24.1,heater_failure
EVA-0096,155,91,19,36.3,98,-68.1,1208,29.6,18.1,heater_failure
EVA-0096,160,96,18,36.1,97,-68.2,1090,29.6,20.9,heater_failure
EVA-0096,165,101,20,35.9,97,-69.8,1129,29.6,25.9,heater_failure
EVA-0096,170,106,18,35.5,98,-72.2,1113,29.6,28.7,heater_failure
EVA-0097,0,90,14,37.0,98,-82.2,652,29.5,3.2,nominal
EVA-0097,5,92,14,37.0,98,-81.2,730,29.6,3.5,nominal
EVA-0097,10,94,16,37.0,98,-83.5,694,29.5,6.3,nominal
EVA-0097,15,97,16,37.0,98,-82.3,647,29.6,6.5,nominal
EVA-0097,20,101,15,36.9,98,-80.3,717,29.6,7.3,nominal
EVA-0097,25,100,16,37.0,98,-81.6,665,29.6,6.7,nominal
EVA-0097,30,103,14,37.0,98,-81.7,756,29.6,6.1,nominal
EVA-0097,35,100,16,37.0,98,-82.7,729,29.5,7.3,nominal
EVA-0097,40,103,15,37.0,99,-80.7,787,29.6,6.7,nominal
EVA-0097,45,107,16,37.0,98,-80.7,823,29.6,8.5,nominal
EVA-0097,50,100,17,37.0,98,-79.3,690,29.6,7.6,nominal
EVA-0097,55,101,16,37.0,98,-77.8,758,29.6,7.0,nominal
EVA-0097,60,100,16,37.1,98,-76.6,734,29.6,7.7,nominal
EVA-0097,65,102,17,37.1,98,-76.4,895,29.6,9.0,nominal
EVA-0097,70,103,16,37.0,99,-74.8,789,29.7,7.7,nominal
EVA-0097,75,106,17,37.1,99,-74.7,759,29.6,9.3,nominal
EVA-0097,80,107,16,37.0,98,-71.4,929,29.6,8.3,nominal
EVA-0097,85,108,17,37.0,99,-72.4,806,29.6,9.9,nominal
EVA-0097,90,109,17,37.1,98,-70.1,775,29.6,11.1,nominal
EVA-0097,95,103,16,37.1,98,-66.9,806,29.6,8.4,nominal
EVA-0097,100,109,18,37.1,99,-67.4,875,29.6,11.3,nominal
EVA-0097,105,110,19,37.1,98,-67.0,880,29.6,12.0,nominal
EVA-0097,110,109,18,37.0,98,-64.4,851,29.5,10.3,nominal
EVA-0097,115,107,18,37.1,98,-60.8,877,29.6,11.6,nominal
EVA-0097,120,105,18,37.1,98,-63.8,911,29.6,10.9,nominal
EVA-0097,125,105,16,37.1,98,-59.6,978,29.5,9.2,nominal
EVA-0097,130,106,16,37.1,99,-59.2,943,29.6,8.7,nominal
EVA-0097,135,107,17,37.0,99,-57.5,913,29.7,9.1,nominal
EVA-0097,140,107,17,37.0,99,-56.6,938,29.6,9.4,nominal
EVA-0097,145,105,16,37.1,98,-54.1,993,29.6,8.7,nominal
EVA-0097,150,102,16,37.0,98,-54.4,1044,29.7,6.9,nominal
EVA-0097,155,106,17,37.0,98,-52.5,929,29.6,8.7,nominal
EVA-0097,160,102,16,37.1,98,-51.6,1038,29.6,8.3,nominal
EVA-0097,165,98,16,37.0,98,-52.7,984,29.7,6.6,nominal
EVA-0097,170,101,16,36.9,98,-52.9,935,29.6,8.1,nominal
EVA-0097,175,99,14,37.0,99,-51.9,936,29.7,5.1,nominal
EVA-0097,180,89,15,36.9,98,-51.7,1088,29.6,4.9,nominal
EVA-0097,185,91,15,36.9,99,-54.0,1104,29.7,5.3,nominal
EVA-0097,190,90,14,36.9,99,-52.6,1023,29.6,4.9,nominal
EVA-0097,195,94,15,37.0,98,-53.7,1049,29.6,5.4,nominal
EVA-0097,200,83,14,36.9,99,-54.5,988,29.6,2.6,nominal
EVA-0097,205,90,14,36.9,98,-55.6,1113,29.6,4.6,nominal
EVA-0097,210,91,13,36.9,98,-56.4,1087,29.6,4.0,nominal
EVA-0098,0,88,16,37.0,98,-44.0,587,29.6,5.2,nominal
EVA-0098,5,89,15,37.0,98,-44.0,540,29.6,4.6,nominal
EVA-0098,10,95,18,37.1,97,-42.9,696,29.6,10.8,nominal
EVA-0098,15,95,17,37.1,98,-42.3,653,29.7,8.0,nominal
EVA-0098,20,98,16,37.1,98,-40.1,660,29.7,8.2,nominal
EVA-0098,25,101,18,37.1,98,-43.0,698,29.7,9.9,nominal
EVA-0098,30,98,18,37.1,97,-40.9,722,29.6,11.7,nominal
EVA-0098,35,98,17,37.1,98,-40.5,707,29.6,8.8,nominal
EVA-0098,40,105,18,37.2,98,-43.0,815,29.6,13.8,nominal
EVA-0098,45,102,20,37.2,98,-42.6,813,29.6,13.6,nominal
EVA-0098,50,103,19,37.1,97,-42.8,841,29.6,12.7,nominal
EVA-0098,55,100,20,37.2,97,-43.8,798,29.7,17.0,nominal
EVA-0098,60,101,19,37.2,97,-45.0,817,29.6,13.7,nominal
EVA-0098,65,103,18,37.2,98,-46.8,867,29.6,12.2,nominal
EVA-0098,70,103,18,37.1,98,-46.2,930,29.6,11.1,nominal
EVA-0098,75,99,18,37.2,98,-48.5,939,29.6,11.6,nominal
EVA-0098,80,99,17,37.1,98,-49.2,904,29.6,9.7,nominal
EVA-0098,85,95,17,37.0,98,-50.2,991,29.7,8.2,nominal
EVA-0098,90,89,16,37.1,97,-50.5,939,29.6,7.0,nominal
EVA-0098,95,91,15,37.0,97,-50.4,975,29.7,6.8,nominal
EVA-0099,0,89,15,36.6,99,-62.6,740,29.6,8.7,nominal
EVA-0099,5,89,15,36.7,99,-63.5,661,29.5,7.9,nominal
EVA-0099,10,88,16,36.7,98,-62.1,652,29.6,7.8,nominal
EVA-0099,15,91,15,36.7,98,-63.6,714,29.6,7.5,nominal
EVA-0099,20,88,17,36.6,99,-63.0,731,29.6,9.7,nominal
EVA-0099,25,89,16,36.7,99,-67.2,743,29.6,7.6,nominal
EVA-0099,30,88,17,36.7,99,-64.3,767,29.6,9.7,nominal
EVA-0099,35,95,16,36.7,98,-65.7,705,29.6,9.0,nominal
EVA-0099,40,96,17,36.8,99,-65.6,683,29.6,9.7,nominal
EVA-0099,45,101,19,36.7,99,-63.7,729,29.7,13.4,nominal
EVA-0099,50,101,20,36.7,99,-65.8,790,29.7,14.5,nominal
EVA-0099,55,102,17,36.8,99,-64.6,731,29.6,9.7,nominal
EVA-0099,60,104,18,36.8,99,-66.2,694,29.5,11.8,nominal
EVA-0099,65,100,18,36.8,99,-64.7,796,29.6,11.4,nominal
EVA-0099,70,106,20,36.8,99,-66.3,773,29.6,14.6,nominal
EVA-0099,75,104,19,36.7,99,-64.0,729,29.6,13.8,nominal
EVA-0099,80,105,19,36.8,99,-62.9,819,29.6,13.3,nominal
EVA-0099,85,107,19,36.8,99,-61.4,807,29.6,13.8,nominal
EVA-0099,90,106,18,36.8,99,-63.1,908,29.7,12.0,nominal
EVA-0099,95,104,17,36.8,99,-61.9,845,29.6,11.2,nominal
EVA-0099,100,103,18,36.6,99,-61.3,876,29.6,14.0,nominal
EVA-0099,105,107,20,36.8,99,-59.9,857,29.6,14.3,nominal
EVA-0099,110,103,19,36.8,99,-59.8,840,29.6,12.6,nominal
EVA-0099,115,103,20,36.8,99,-60.2,853,29.5,13.1,nominal
EVA-0099,120,105,18,36.8,99,-57.8,933,29.6,11.9,nominal
EVA-0099,125,102,18,36.8,99,-55.4,926,29.6,11.9,nominal
EVA-0099,130,105,19,36.8,99,-54.4,834,29.6,13.1,nominal
EVA-0099,135,104,18,36.8,99,-52.3,853,29.6,11.7,nominal
EVA-0099,140,104,19,36.8,99,-50.7,865,29.6,12.3,nominal
EVA-0099,145,104,18,36.8,99,-50.9,975,29.6,11.8,nominal
EVA-0099,150,106,19,36.9,99,-50.9,857,29.6,12.2,nominal
EVA-0099,155,106,19,36.8,99,-47.2,979,29.6,13.7,nominal
EVA-0099,160,103,19,36.8,99,-46.3,970,29.6,13.0,nominal
EVA-0099,165,101,19,36.9,99,-45.1,968,29.6,11.5,nominal
EVA-0099,170,102,18,36.8,99,-41.9,948,29.6,12.0,nominal
EVA-0099,175,102,19,36.8,99,-41.4,1032,29.6,12.1,nominal
EVA-0099,180,107,18,36.8,98,-40.4,992,29.6,12.5,nominal
EVA-0099,185,98,19,36.8,99,-38.9,930,29.6,11.9,nominal
EVA-0099,190,95,16,36.8,98,-36.7,949,29.6,8.5,nominal
EVA-0099,195,92,16,36.7,99,-37.1,939,29.6,8.8,nominal
EVA-0099,200,95,18,36.6,99,-35.9,1075,29.6,12.7,nominal
EVA-0099,205,92,17,36.7,98,-33.8,1094,29.6,9.9,nominal
EVA-0099,210,87,16,36.6,99,-33.6,1087,29.6,9.5,nominal
EVA-0099,215,89,15,36.7,98,-30.9,1040,29.6,7.4,nominal
EVA-0099,220,85,14,36.7,99,-29.4,991,29.6,5.9,nominal
EVA-0099,225,86,15,36.7,99,-28.4,1017,29.6,6.6,nominal
EVA-0099,230,87,15,36.6,99,-27.5,1028,29.6,7.8,nominal
EVA-0099,235,77,16,36.6,98,-24.0,1079,29.6,7.8,nominal
EVA-0099,240,86,16,36.6,99,-23.7,1152,29.5,8.6,nominal
EVA-0099,245,80,15,36.6,99,-24.0,1161,29.5,7.4,nominal
EVA-0100,0,84,13,37.3,99,-69.9,614,29.6,5.0,nominal
EVA-0100,5,91,13,37.2,98,-72.3,731,29.6,6.1,nominal
EVA-0100,10,89,13,37.3,98,-70.5,651,29.6,6.0,nominal
EVA-0100,15,91,14,37.3,98,-73.3,644,29.7,7.3,nominal
EVA-0100,20,92,14,37.3,99,-72.0,701,29.6,6.6,nominal
EVA-0100,25,89,16,37.3,98,-73.5,711,29.7,7.3,nominal
EVA-0100,30,94,14,37.3,98,-71.6,621,29.6,7.3,nominal
EVA-0100,35,92,15,37.3,98,-73.5,685,29.6,8.8,nominal
EVA-0100,40,95,14,37.3,98,-75.0,616,29.5,7.5,nominal
EVA-0100,45,90,16,37.3,98,-72.2,691,29.7,8.3,nominal
EVA-0100,50,95,15,37.4,98,-74.3,700,29.6,9.0,nominal
EVA-0100,55,93,15,37.3,98,-74.4,749,29.6,8.7,nominal
EVA-0100,60,95,14,37.4,97,-75.3,708,29.6,9.9,nominal
EVA-0100,65,97,16,37.3,99,-73.0,726,29.6,9.6,nominal
EVA-0100,70,91,16,37.3,98,-74.3,817,29.6,9.0,nominal
EVA-0100,75,97,14,37.5,98,-75.5,858,29.5,10.5,nominal
EVA-0100,80,95,16,37.4,99,-77.2,731,29.7,10.4,nominal
EVA-0100,85,95,14,37.3,99,-72.1,826,29.6,7.2,nominal
EVA-0100,90,93,16,37.4,98,-72.8,805,29.6,10.0,nominal
EVA-0100,95,99,15,37.4,98,-73.6,717,29.6,10.1,nominal
EVA-0100,100,98,16,37.4,99,-76.2,767,29.7,11.8,nominal
EVA-0100,105,101,16,37.4,99,-76.0,674,29.6,11.4,nominal
EVA-0100,110,104,17,37.4,99,-74.9,832,29.6,13.7,nominal
EVA-0100,115,104,17,37.4,98,-76.5,776,29.6,14.1,nominal
EVA-0100,120,106,16,37.4,98,-76.6,838,29.5,13.4,nominal
EVA-0100,125,107,16,37.5,98,-73.6,955,29.6,14.5,nominal
EVA-0100,130,103,16,37.3,98,-75.3,918,29.6,11.2,nominal
EVA-0100,135,111,17,37.4,98,-76.4,819,29.6,14.5,nominal
EVA-0100,140,106,18,37.4,98,-73.8,816,29.6,14.9,nominal
EVA-0100,145,101,17,37.4,98,-75.5,927,29.6,12.3,nominal
EVA-0100,150,105,16,37.4,98,-76.9,831,29.6,13.0,nominal
EVA-0100,155,102,17,37.4,98,-75.7,928,29.7,13.2,nominal
EVA-0100,160,95,16,37.4,98,-74.7,1014,29.6,11.1,nominal
EVA-0100,165,94,16,37.4,98,-73.6,929,29.6,10.1,nominal
EVA-0100,170,101,16,37.4,98,-73.3,959,29.6,11.2,nominal
EVA-0100,175,100,16,37.4,98,-71.8,961,29.6,11.4,nominal
EVA-0100,180,102,14,37.3,99,-73.2,895,29.5,9.2,nominal
EVA-0100,185,96,16,37.4,98,-73.1,941,29.6,11.1,nominal
EVA-0100,190,94,14,37.4,98,-70.6,892,29.6,9.1,nominal
EVA-0100,195,90,16,37.3,98,-70.6,1000,29.6,8.1,nominal
EVA-0100,200,95,15,37.4,98,-71.6,901,29.6,9.6,nominal
EVA-0100,205,93,15,37.3,98,-70.5,989,29.6,8.6,nominal
EVA-0100,210,88,14,37.3,98,-71.0,1015,29.6,6.2,nominal
EVA-0100,215,85,14,37.3,98,-71.3,950,29.6,6.2,nominal
EVA-0100,220,89,13,37.3,98,-66.8,947,29.6,6.9,nominal
EVA-0100,225,85,13,37.3,98,-69.6,979,29.6,5.4,nominal
EVA-0100,230,82,13,37.2,98,-68.1,954,29.6,4.2,nominal
EVA-0100,235,79,14,37.3,98,-69.7,1008,29.7,4.5,nominal
EVA-0100,240,77,12,37.2,99,-66.5,967,29.6,2.5,nominal
EVA-0100,245,78,11,37.2,98,-68.3,978,29.6,3.2,nominal
EVA-0100,250,74,11,37.3,98,-64.3,1048,29.5,3.6,nominal
EVA-0100,255,77,12,37.1,98,-63.6,1059,29.6,2.1,nominal
EVA-0100,260,79,13,37.2,98,-64.5,1025,29.6,3.1,nominal
EVA-0100,265,77,11,37.3,98,-64.4,971,29.6,3.5,nominal
EVA-0100,270,80,13,37.2,98,-64.2,1106,29.5,3.8,nominal
EVA-0100,275,80,12,37.2,98,-63.4,1040,29.7,4.1,nominal
EVA-0100,280,80,12,37.1,98,-62.3,1160,29.5,2.6,nominal
EVA-0100,285,76,11,37.2,98,-62.1,1069,29.7,3.4,nominal
EVA-0101,0,89,16,36.8,98,-37.4,673,29.7,6.9,seal_leak
EVA-0101,5,92,18,36.9,98,-36.6,655,29.6,8.6,seal_leak
EVA-0101,10,103,20,36.8,98,-37.2,712,29.6,12.6,seal_leak
EVA-0101,15,100,19,36.9,98,-33.4,737,29.6,10.0,seal_leak
EVA-0101,20,100,19,36.9,98,-38.0,780,29.6,10.2,seal_leak
EVA-0101,25,103,19,36.9,98,-40.4,747,29.6,11.3,seal_leak
EVA-0101,30,105,20,37.0,98,-38.3,772,29.6,12.0,seal_leak
EVA-0101,35,104,21,37.0,98,-43.0,779,29.7,12.3,seal_leak
EVA-0101,40,107,21,37.0,98,-49.9,790,29.6,13.4,seal_leak
EVA-0101,45,111,21,37.0,99,-53.7,752,29.6,13.2,seal_leak
EVA-0101,50,104,22,37.0,98,-56.2,878,29.6,13.3,seal_leak
EVA-0101,55,106,22,36.9,97,-63.0,794,29.1,17.2,seal_leak
EVA-0101,60,108,21,36.8,97,-68.0,774,28.5,19.3,seal_leak
EVA-0101,65,119,21,36.7,95,-69.7,751,27.7,27.1,seal_leak
EVA-0101,70,116,22,36.6,94,-74.2,701,26.9,31.0,seal_leak
EVA-0101,75,122,23,36.4,92,-80.8,723,25.9,40.6,seal_leak
EVA-0101,80,123,24,36.3,90,-84.7,717,24.8,47.6,seal_leak
EVA-0101,85,131,24,36.1,88,-86.3,651,23.7,56.5,seal_leak
EVA-0101,90,130,24,36.0,87,-90.0,673,22.5,62.9,seal_leak
EVA-0101,95,143,25,35.8,84,-93.0,602,21.2,73.9,seal_leak
EVA-0101,100,154,26,35.7,82,-93.8,541,19.9,78.2,seal_leak
EVA-0102,0,91,16,37.1,98,-36.2,693,29.5,6.7,nominal
EVA-0102,5,94,17,37.3,98,-33.0,707,29.6,9.7,nominal
EVA-0102,10,97,18,37.2,98,-33.7,695,29.6,10.0,nominal
EVA-0102,15,92,17,37.2,98,-33.1,611,29.6,9.0,nominal
EVA-0102,20,98,18,37.3,99,-34.6,659,29.6,11.3,nominal
EVA-0102,25,109,18,37.3,98,-33.4,752,29.6,15.1,nominal
EVA-0102,30,106,19,37.4,98,-33.6,691,29.6,15.8,nominal
EVA-0102,35,114,18,37.4,98,-34.2,736,29.6,16.7,nominal
EVA-0102,40,113,19,37.4,99,-33.9,694,29.6,16.4,nominal
EVA-0102,45,109,19,37.4,98,-32.8,725,29.6,16.3,nominal
EVA-0102,50,111,20,37.4,98,-32.5,765,29.6,17.4,nominal
EVA-0102,55,118,20,37.4,98,-35.0,815,29.5,19.0,nominal
EVA-0102,60,117,19,37.4,98,-36.6,832,29.6,17.5,nominal
EVA-0102,65,112,21,37.5,99,-33.5,757,29.6,19.4,nominal
EVA-0102,70,118,21,37.5,98,-34.0,812,29.6,22.0,nominal
EVA-0102,75,120,21,37.5,98,-36.0,742,29.6,21.8,nominal
EVA-0102,80,123,22,37.5,98,-35.0,817,29.6,23.3,nominal
EVA-0102,85,118,20,37.5,98,-37.5,866,29.6,20.3,nominal
EVA-0102,90,115,20,37.5,98,-39.7,828,29.5,19.6,nominal
EVA-0102,95,114,21,37.5,98,-41.0,899,29.6,19.8,nominal
EVA-0102,100,116,21,37.6,98,-41.9,885,29.6,21.6,nominal
EVA-0102,105,123,20,37.4,98,-41.3,867,29.6,21.4,nominal
EVA-0102,110,121,22,37.5,98,-42.8,853,29.6,22.9,nominal
EVA-0102,115,117,21,37.4,98,-44.0,848,29.6,20.1,nominal
EVA-0102,120,123,22,37.4,98,-44.6,815,29.6,22.2,nominal
EVA-0102,125,118,21,37.6,98,-44.5,831,29.6,22.0,nominal
EVA-0102,130,118,22,37.5,98,-47.4,942,29.5,22.7,nominal
EVA-0102,135,122,21,37.4,98,-48.9,973,29.6,21.1,nominal
EVA-0102,140,115,22,37.5,98,-49.8,865,29.6,21.0,nominal
EVA-0102,145,118,20,37.4,98,-49.5,925,29.6,19.4,nominal
EVA-0102,150,113,20,37.4,98,-52.0,859,29.6,18.5,nominal
EVA-0102,155,110,20,37.3,98,-52.9,894,29.6,16.6,nominal
EVA-0102,160,107,21,37.4,98,-52.7,958,29.6,17.7,nominal
EVA-0102,165,109,19,37.4,98,-52.6,931,29.6,16.6,nominal
EVA-0102,170,107,20,37.4,98,-56.6,877,29.6,16.6,nominal
EVA-0102,175,110,20,37.5,98,-58.2,1048,29.6,17.7,nominal
EVA-0102,180,109,18,37.4,98,-61.7,977,29.7,15.7,nominal
EVA-0102,185,107,18,37.3,98,-61.2,938,29.6,12.6,nominal
EVA-0102,190,106,18,37.5,98,-63.0,1002,29.6,16.2,nominal
EVA-0102,195,109,19,37.3,98,-63.4,1000,29.6,15.6,nominal
EVA-0102,200,104,19,37.3,98,-66.4,1031,29.6,14.8,nominal
EVA-0102,205,98,17,37.3,98,-67.1,1005,29.7,11.1,nominal
EVA-0102,210,93,16,37.3,98,-67.9,1043,29.6,9.3,nominal
EVA-0102,215,89,18,37.3,98,-67.7,1079,29.5,9.4,nominal
EVA-0102,220,96,16,37.2,98,-69.5,986,29.6,9.4,nominal
EVA-0102,225,93,16,37.2,99,-71.1,1022,29.6,7.4,nominal
EVA-0102,230,93,17,37.4,98,-73.0,1099,29.6,10.7,nominal
EVA-0102,235,90,17,37.3,98,-75.7,1045,29.5,8.7,nominal
EVA-0102,240,87,16,37.2,98,-75.5,1075,29.6,6.5,nominal
EVA-0102,245,89,14,37.3,98,-78.4,1065,29.5,6.2,nominal
EVA-0102,250,83,14,37.1,98,-78.8,1076,29.6,3.3,nominal
EVA-0102,255,82,16,37.2,98,-77.5,1081,29.6,5.3,nominal
EVA-0103,0,83,16,36.8,99,-36.4,726,29.6,5.5,seal_leak
EVA-0103,5,83,16,36.8,98,-35.5,625,29.6,6.1,seal_leak
EVA-0103,10,83,15,36.9,99,-35.4,622,29.6,4.4,seal_leak
EVA-0103,15,91,14,36.8,98,-35.0,673,29.6,5.7,seal_leak
EVA-0103,20,89,17,36.8,99,-33.7,746,29.6,7.8,seal_leak
EVA-0103,25,90,16,37.0,99,-35.4,730,29.6,5.7,seal_leak
EVA-0103,30,98,16,36.9,99,-33.7,696,29.6,7.8,seal_leak
EVA-0103,35,92,18,36.9,99,-34.0,771,29.6,9.0,seal_leak
EVA-0103,40,96,19,36.9,99,-34.9,750,29.6,10.1,seal_leak
EVA-0103,45,94,18,36.9,99,-31.8,747,29.6,9.2,seal_leak
EVA-0103,50,98,18,36.8,99,-32.9,686,29.6,10.5,seal_leak
EVA-0103,55,94,19,36.9,98,-34.8,731,29.6,9.4,seal_leak
EVA-0103,60,99,17,36.9,99,-33.4,861,29.6,8.6,seal_leak
EVA-0103,65,104,19,36.9,99,-35.8,765,29.5,12.2,seal_leak
EVA-0103,70,102,20,37.0,98,-35.2,744,29.6,11.0,seal_leak
EVA-0103,75,101,21,37.0,98,-33.1,777,29.6,12.3,seal_leak
EVA-0103,80,107,20,36.9,99,-34.6,807,29.6,12.0,seal_leak
EVA-0103,85,109,19,36.9,98,-35.0,848,29.6,12.3,seal_leak
EVA-0103,90,110,21,36.9,98,-34.6,844,29.6,14.1,seal_leak
EVA-0103,95,114,21,37.1,98,-35.5,792,29.5,14.8,seal_leak
EVA-0103,100,113,21,37.0,99,-37.0,887,29.6,14.4,seal_leak
EVA-0103,105,115,21,37.1,99,-36.1,874,29.6,15.4,seal_leak
EVA-0103,110,111,21,37.1,98,-39.9,815,29.5,15.0,seal_leak
EVA-0103,115,114,21,37.1,98,-39.3,826,29.5,14.8,seal_leak
EVA-0103,120,118,22,37.2,99,-39.2,854,29.4,17.9,seal_leak
EVA-0103,125,119,22,37.0,98,-39.2,871,29.4,16.3,seal_leak
EVA-0103,130,120,25,37.0,98,-40.9,757,29.1,19.7,seal_leak
EVA-0103,135,120,23,37.1,97,-43.5,821,29.1,19.7,seal_leak
EVA-0103,140,124,21,37.0,97,-44.4,813,28.9,19.8,seal_leak
EVA-0103,145,120,23,37.0,97,-43.0,786,28.7,19.0,seal_leak
EVA-0103,150,123,23,37.0,97,-44.3,782,28.5,21.7,seal_leak
EVA-0103,155,121,23,37.0,97,-45.7,843,28.4,20.8,seal_leak
EVA-0103,160,126,23,37.0,96,-46.8,817,28.2,23.4,seal_leak
EVA-0103,165,128,25,37.0,96,-46.3,873,28.0,25.6,seal_leak
EVA-0103,170,125,23,36.9,95,-45.8,765,27.9,26.7,seal_leak
EVA-0103,175,129,24,36.9,96,-48.1,787,27.6,27.8,seal_leak
EVA-0103,180,126,23,36.8,95,-47.6,788,27.4,29.2,seal_leak
EVA-0103,185,127,24,37.0,94,-50.6,804,27.2,29.8,seal_leak
EVA-0103,190,130,25,36.7,94,-50.6,814,26.9,35.8,seal_leak
EVA-0103,195,133,25,36.7,94,-50.5,763,26.8,35.2,seal_leak
EVA-0103,200,132,25,36.7,94,-53.2,716,26.6,35.8,seal_leak
EVA-0103,205,132,24,36.8,93,-54.0,723,26.3,36.0,seal_leak
EVA-0103,210,131,25,36.6,92,-55.4,746,26.0,40.8,seal_leak
EVA-0103,215,133,24,36.6,92,-55.2,772,25.7,41.9,seal_leak
EVA-0103,220,137,24,36.6,92,-55.7,681,25.5,43.7,seal_leak
EVA-0103,225,140,26,36.5,91,-57.3,684,25.2,47.9,seal_leak
EVA-0103,230,140,27,36.6,91,-58.9,739,24.9,49.9,seal_leak
EVA-0103,235,137,26,36.4,90,-61.3,667,24.6,51.2,seal_leak
EVA-0103,240,138,26,36.4,90,-60.4,666,24.4,51.3,seal_leak
EVA-0103,245,139,25,36.4,90,-61.4,727,24.0,52.1,seal_leak
EVA-0103,250,134,26,36.4,89,-61.7,679,23.7,54.4,seal_leak
EVA-0103,255,139,26,36.2,88,-62.7,669,23.5,59.3,seal_leak
EVA-0103,260,143,26,36.2,88,-61.7,709,23.1,62.3,seal_leak
EVA-0103,265,143,26,36.2,88,-65.1,632,22.8,63.3,seal_leak
EVA-0103,270,146,27,36.1,87,-66.9,618,22.4,66.4,seal_leak
EVA-0103,275,147,25,36.2,87,-67.0,688,22.1,65.3,seal_leak
EVA-0103,280,146,25,36.0,86,-67.0,642,21.8,69.1,seal_leak
EVA-0103,285,151,27,35.9,85,-65.5,645,21.5,75.8,seal_leak
EVA-0103,290,154,27,36.0,85,-68.9,610,21.1,75.2,seal_leak
EVA-0103,295,157,27,35.9,84,-69.2,606,20.8,76.3,seal_leak
EVA-0104,0,94,17,37.0,97,-83.9,819,29.5,8.4,seal_leak
EVA-0104,5,103,18,37.0,98,-83.8,845,29.6,9.8,seal_leak
EVA-0104,10,105,19,37.1,98,-81.8,818,29.6,11.5,seal_leak
EVA-0104,15,110,18,37.1,98,-81.2,859,29.6,12.5,seal_leak
EVA-0104,20,110,19,37.1,98,-83.3,894,29.6,13.3,seal_leak
EVA-0104,25,110,20,37.1,98,-82.1,830,29.6,14.4,seal_leak
EVA-0104,30,114,20,37.2,97,-81.5,908,29.6,16.8,seal_leak
EVA-0104,35,118,20,37.1,98,-78.7,855,29.6,16.7,seal_leak
EVA-0104,40,117,22,37.2,98,-78.3,866,29.6,18.6,seal_leak
EVA-0104,45,111,23,37.2,98,-78.4,895,29.6,17.6,seal_leak
EVA-0104,50,118,21,37.2,98,-76.8,996,29.6,18.0,seal_leak
EVA-0104,55,121,21,37.2,98,-77.5,868,29.6,18.1,seal_leak
EVA-0104,60,121,22,37.2,98,-76.1,934,29.6,19.9,seal_leak
EVA-0104,65,121,21,37.2,98,-75.7,964,29.6,17.4,seal_leak
EVA-0104,70,128,22,37.3,98,-73.0,1028,29.6,21.9,seal_leak
EVA-0104,75,120,23,37.2,98,-72.0,1070,29.6,19.6,seal_leak
EVA-0104,80,126,22,37.3,97,-72.3,957,29.5,22.0,seal_leak
EVA-0104,85,126,22,37.2,97,-69.5,991,29.4,23.4,seal_leak
EVA-0104,90,132,22,37.2,97,-67.7,957,29.2,22.4,seal_leak
EVA-0104,95,130,23,37.2,97,-69.1,948,29.1,25.4,seal_leak
EVA-0104,100,132,24,37.3,97,-67.2,955,28.9,27.1,seal_leak
EVA-0104,105,133,24,37.2,96,-65.1,872,28.6,27.5,seal_leak
EVA-0104,110,133,24,37.1,96,-64.7,925,28.4,26.9,seal_leak
EVA-0104,115,138,24,37.2,95,-65.3,935,28.2,30.5,seal_leak
EVA-0104,120,130,23,37.0,95,-63.2,875,28.0,27.0,seal_leak
EVA-0104,125,132,24,37.0,94,-62.2,914,27.7,30.3,seal_leak
EVA-0104,130,136,25,36.9,94,-60.8,824,27.4,32.8,seal_leak
EVA-0104,135,138,24,37.0,94,-59.8,880,27.1,33.0,seal_leak
EVA-0104,140,137,25,36.9,93,-56.9,912,26.7,35.9,seal_leak
EVA-0104,145,138,25,36.8,93,-58.1,846,26.4,39.9,seal_leak
EVA-0104,150,141,26,36.8,91,-59.1,809,26.0,45.3,seal_leak
EVA-0104,155,142,26,36.7,91,-56.1,784,25.7,45.9,seal_leak
EVA-0104,160,142,26,36.7,91,-53.3,830,25.3,48.1,seal_leak
EVA-0104,165,144,26,36.7,90,-54.9,833,24.9,49.4,seal_leak
EVA-0104,170,144,27,36.6,89,-54.5,789,24.5,53.5,seal_leak
EVA-0104,175,144,25,36.5,89,-53.7,764,24.1,53.8,seal_leak
EVA-0104,180,145,26,36.5,88,-52.1,708,23.7,58.1,seal_leak
EVA-0104,185,145,28,36.4,87,-52.7,753,23.3,62.4,seal_leak
EVA-0104,190,149,27,36.4,86,-53.6,716,22.8,65.7,seal_leak
EVA-0104,195,147,27,36.4,86,-52.2,703,22.5,64.5,seal_leak
EVA-0104,200,158,27,36.2,85,-51.2,746,22.0,73.6,seal_leak
EVA-0104,205,149,27,36.2,85,-50.2,644,21.6,71.1,seal_leak
EVA-0105,0,77,16,37.1,99,-71.8,748,29.6,2.8,scrubber_exhaustion
EVA-0105,5,78,16,37.0,99,-68.0,734,29.6,2.9,scrubber_exhaustion
EVA-0105,10,82,19,37.0,98,-65.5,756,29.7,6.0,scrubber_exhaustion
EVA-0105,15,77,19,37.0,99,-62.2,719,29.6,5.8,scrubber_exhaustion
EVA-0105,20,81,18,37.0,98,-60.9,845,29.6,5.6,scrubber_exhaustion
EVA-0105,25,83,18,37.0,98,-56.5,881,29.6,5.2,scrubber_exhaustion
EVA-0105,30,83,18,37.1,98,-56.9,773,29.6,6.6,scrubber_exhaustion
EVA-0105,35,88,18,37.0,99,-51.8,851,29.6,6.4,scrubber_exhaustion
EVA-0105,40,80,18,37.0,99,-48.7,892,29.6,5.1,scrubber_exhaustion
EVA-0105,45,85,19,37.0,99,-46.2,794,29.6,6.4,scrubber_exhaustion
EVA-0105,50,88,19,37.1,98,-44.4,757,29.6,9.1,scrubber_exhaustion
EVA-0105,55,82,18,37.0,98,-42.8,957,29.6,5.6,scrubber_exhaustion
EVA-0105,60,86,18,37.0,98,-40.2,941,29.6,6.9,scrubber_exhaustion
EVA-0105,65,89,19,37.0,98,-36.7,990,29.6,7.6,scrubber_exhaustion
EVA-0105,70,91,20,37.2,98,-37.3,1108,29.5,10.8,scrubber_exhaustion
EVA-0105,75,92,21,37.1,99,-34.1,1202,29.6,10.7,scrubber_exhaustion
EVA-0105,80,93,21,37.1,98,-32.9,1485,29.6,11.5,scrubber_exhaustion
EVA-0105,85,95,21,37.1,99,-35.6,1483,29.6,11.9,scrubber_exhaustion
EVA-0105,90,94,21,37.2,98,-33.2,1698,29.6,13.0,scrubber_exhaustion
EVA-0105,95,92,22,37.2,98,-34.0,1939,29.6,13.3,scrubber_exhaustion
EVA-0105,100,103,24,37.2,98,-34.8,2159,29.6,17.1,scrubber_exhaustion
EVA-0105,105,99,21,37.4,98,-32.5,2392,29.7,15.6,scrubber_exhaustion
EVA-0105,110,99,23,37.3,98,-33.6,2588,29.5,17.0,scrubber_exhaustion
EVA-0105,115,105,22,37.3,98,-34.9,2887,29.6,17.1,scrubber_exhaustion
EVA-0105,120,106,25,37.3,98,-37.8,3106,29.6,20.2,scrubber_exhaustion
EVA-0105,125,108,25,37.4,97,-37.8,3533,29.6,23.1,scrubber_exhaustion
EVA-0105,130,109,25,37.4,98,-41.4,3893,29.6,22.4,scrubber_exhaustion
EVA-0105,135,114,25,37.5,98,-41.7,4303,29.6,24.3,scrubber_exhaustion
EVA-0105,140,119,28,37.5,98,-44.8,4752,29.6,28.5,scrubber_exhaustion
EVA-0105,145,118,28,37.6,97,-45.1,5129,29.6,31.8,scrubber_exhaustion
EVA-0105,150,116,29,37.6,97,-49.3,5594,29.6,31.1,scrubber_exhaustion
EVA-0105,155,119,29,37.6,97,-51.2,6017,29.6,32.1,scrubber_exhaustion
EVA-0105,160,131,31,37.8,97,-53.8,6572,29.6,39.3,scrubber_exhaustion
EVA-0105,165,128,32,37.8,97,-56.9,7034,29.5,39.9,scrubber_exhaustion
EVA-0105,170,136,33,37.9,97,-59.3,7629,29.6,43.2,scrubber_exhaustion
EVA-0105,175,134,35,37.8,97,-61.7,8182,29.7,44.3,scrubber_exhaustion
EVA-0105,180,146,36,37.9,97,-65.8,8755,29.6,48.0,scrubber_exhaustion
EVA-0105,185,156,36,38.1,97,-66.7,9285,29.6,52.7,scrubber_exhaustion
EVA-0105,190,152,39,38.1,96,-68.5,10044,29.5,52.4,scrubber_exhaustion
EVA-0105,195,162,40,38.1,96,-71.2,10677,29.5,55.2,scrubber_exhaustion
EVA-0106,0,91,17,37.2,98,-45.1,722,29.6,8.7,seal_leak
EVA-0106,5,97,17,37.1,97,-41.3,767,29.7,10.3,seal_leak
EVA-0106,10,98,17,37.2,97,-43.9,642,29.6,13.4,seal_leak
EVA-0106,15,96,17,37.1,97,-43.1,756,29.6,9.5,seal_leak
EVA-0106,20,100,16,37.1,97,-41.8,715,29.6,9.8,seal_leak
EVA-0106,25,94,17,37.1,97,-38.3,704,29.6,10.1,seal_leak
EVA-0106,30,94,18,37.0,97,-40.8,824,29.6,9.5,seal_leak
EVA-0106,35,97,16,37.1,97,-38.7,771,29.6,9.7,seal_leak
EVA-0106,40,99,17,37.1,98,-38.3,728,29.6,8.4,seal_leak
EVA-0106,45,98,17,37.1,98,-40.6,797,29.6,8.7,seal_leak
EVA-0106,50,102,18,37.2,98,-37.8,759,29.6,12.5,seal_leak
EVA-0106,55,96,19,37.2,97,-38.0,749,29.5,13.5,seal_leak
EVA-0106,60,103,18,37.2,97,-36.1,748,29.5,12.6,seal_leak
EVA-0106,65,110,19,37.2,97,-34.5,797,29.6,15.4,seal_leak
EVA-0106,70,106,19,37.2,98,-36.7,763,29.6,14.4,seal_leak
EVA-0106,75,109,19,37.4,97,-36.5,798,29.6,18.0,seal_leak
EVA-0106,80,105,20,37.3,97,-32.9,829,29.6,16.3,seal_leak
EVA-0106,85,113,20,37.2,97,-36.6,794,29.4,17.5,seal_leak
EVA-0106,90,114,22,37.3,97,-37.3,873,29.2,22.0,seal_leak
EVA-0106,95,115,21,37.3,97,-34.0,786,29.1,21.1,seal_leak
EVA-0106,100,114,20,37.2,96,-35.8,841,29.0,20.6,seal_leak
EVA-0106,105,119,22,37.1,96,-35.5,823,28.9,23.5,seal_leak
EVA-0106,110,120,21,37.1,95,-33.3,844,28.7,24.9,seal_leak
EVA-0106,115,120,21,37.1,96,-37.9,859,28.5,23.3,seal_leak
EVA-0106,120,118,21,37.1,95,-36.8,705,28.3,24.0,seal_leak
EVA-0106,125,121,21,37.0,95,-38.3,784,28.2,23.6,seal_leak
EVA-0106,130,119,21,37.1,94,-36.8,767,27.9,25.6,seal_leak
EVA-0106,135,119,21,37.1,94,-38.4,773,27.7,25.7,seal_leak
EVA-0106,140,128,23,37.1,94,-39.6,750,27.5,30.3,seal_leak
EVA-0106,145,129,23,37.1,93,-37.8,742,27.1,31.7,seal_leak
EVA-0106,150,131,24,37.0,93,-39.3,718,27.0,33.9,seal_leak
EVA-0106,155,131,23,37.1,92,-41.4,759,26.7,35.0,seal_leak
EVA-0106,160,135,23,37.0,92,-42.0,787,26.4,37.3,seal_leak
EVA-0106,165,137,25,36.9,91,-41.1,731,26.2,40.4,seal_leak
EVA-0106,170,138,24,36.8,91,-44.1,733,25.9,41.5,seal_leak
EVA-0106,175,134,24,36.8,91,-42.6,716,25.6,43.4,seal_leak
EVA-0106,180,131,23,36.7,90,-42.1,702,25.3,45.6,seal_leak
EVA-0106,185,128,25,36.7,90,-43.8,725,25.1,46.4,seal_leak
EVA-0106,190,131,24,36.7,89,-46.2,740,24.7,47.8,seal_leak
EVA-0106,195,127,24,36.6,89,-46.0,766,24.4,47.7,seal_leak
EVA-0106,200,128,24,36.6,88,-48.8,680,24.1,52.1,seal_leak
EVA-0106,205,137,24,36.6,88,-48.1,713,23.7,54.3,seal_leak
EVA-0106,210,131,23,36.5,87,-49.6,747,23.4,54.9,seal_leak
EVA-0106,215,132,25,36.4,86,-51.4,667,23.0,60.1,seal_leak
EVA-0106,220,141,26,36.4,86,-50.4,739,22.7,64.8,seal_leak
EVA-0106,225,139,23,36.3,85,-54.5,680,22.3,63.9,seal_leak
EVA-0106,230,145,25,36.3,85,-54.5,710,22.0,68.6,seal_leak
EVA-0106,235,142,24,36.2,85,-55.4,676,21.7,66.9,seal_leak
EVA-0106,240,145,25,36.2,84,-55.7,690,21.4,69.0,seal_leak
EVA-0106,245,154,26,36.1,83,-54.5,717,20.9,72.2,seal_leak
EVA-0106,250,150,27,36.1,82,-56.1,661,20.5,72.8,seal_leak
EVA-0106,255,156,27,36.0,82,-57.9,686,20.2,74.7,seal_leak
EVA-0106,260,157,28,36.0,81,-58.8,659,19.8,75.7,seal_leak
EVA-0106,265,155,27,36.0,81,-59.8,624,19.4,75.8,seal_leak
EVA-0106,270,156,26,35.9,81,-59.1,634,19.0,75.4,seal_leak
EVA-0106,275,156,27,35.9,81,-63.8,626,18.6,76.7,seal_leak
EVA-0106,280,154,25,36.0,81,-61.5,588,18.1,73.7,seal_leak
EVA-0106,285,157,26,36.0,81,-63.8,629,17.8,74.0,seal_leak
EVA-0106,290,161,25,35.9,81,-63.4,626,17.4,75.2,seal_leak
EVA-0107,0,97,14,37.2,98,-70.4,732,29.6,6.2,seal_leak
EVA-0107,5,95,13,37.2,98,-69.9,714,29.6,6.6,seal_leak
EVA-0107,10,94,15,37.2,98,-71.2,713,29.6,7.1,seal_leak
EVA-0107,15,93,14,37.2,98,-69.0,758,29.6,5.4,seal_leak
EVA-0107,20,101,14,37.1,98,-67.1,739,29.6,7.0,seal_leak
EVA-0107,25,100,16,37.2,98,-67.9,759,29.6,9.0,seal_leak
EVA-0107,30,99,14,37.1,98,-64.1,790,29.6,6.4,seal_leak
EVA-0107,35,102,14,37.1,98,-64.2,782,29.6,7.0,seal_leak
EVA-0107,40,98,14,37.2,99,-65.3,800,29.5,6.9,seal_leak
EVA-0107,45,102,16,37.3,98,-62.5,760,29.7,10.3,seal_leak
EVA-0107,50,102,16,37.2,98,-61.1,865,29.6,10.2,seal_leak
EVA-0107,55,102,15,37.2,98,-59.8,764,29.6,9.3,seal_leak
EVA-0107,60,105,15,37.2,99,-56.8,844,29.6,9.0,seal_leak
EVA-0107,65,105,17,37.3,98,-56.7,812,29.7,12.1,seal_leak
EVA-0107,70,108,18,37.2,98,-58.0,892,29.6,13.2,seal_leak
EVA-0107,75,110,16,37.2,99,-57.1,888,29.6,11.2,seal_leak
EVA-0107,80,110,15,37.2,98,-54.6,845,29.5,10.9,seal_leak
EVA-0107,85,111,18,37.2,98,-53.1,908,29.3,14.0,seal_leak
EVA-0107,90,114,17,37.2,97,-51.1,829,29.1,15.2,seal_leak
EVA-0107,95,113,17,37.2,97,-49.3,869,29.0,14.7,seal_leak
EVA-0107,100,109,15,37.1,97,-48.4,797,28.8,12.8,seal_leak
EVA-0107,105,112,17,37.1,96,-50.2,838,28.5,15.3,seal_leak
EVA-0107,110,110,16,37.0,96,-47.7,779,28.2,13.4,seal_leak
EVA-0107,115,117,18,37.1,96,-47.6,811,27.9,19.6,seal_leak
EVA-0107,120,115,17,37.0,95,-48.7,802,27.6,20.5,seal_leak
EVA-0107,125,119,19,36.9,95,-49.0,831,27.3,23.4,seal_leak
EVA-0107,130,119,19,37.0,93,-46.0,766,26.8,25.5,seal_leak
EVA-0107,135,118,19,36.9,93,-47.4,897,26.5,26.7,seal_leak
EVA-0107,140,125,20,36.8,93,-46.2,728,26.2,31.7,seal_leak
EVA-0107,145,126,20,36.7,92,-45.6,778,25.7,35.1,seal_leak
EVA-0107,150,128,20,36.7,91,-44.2,772,25.2,36.7,seal_leak
EVA-0107,155,127,20,36.8,91,-42.7,772,24.9,37.8,seal_leak
EVA-0107,160,131,21,36.6,90,-44.0,728,24.4,43.5,seal_leak
EVA-0107,165,136,20,36.6,89,-44.5,744,24.0,46.1,seal_leak
EVA-0107,170,129,23,36.5,88,-46.3,710,23.5,51.9,seal_leak
EVA-0107,175,133,21,36.5,88,-43.3,776,23.1,51.9,seal_leak
EVA-0107,180,139,21,36.3,87,-43.9,689,22.6,56.7,seal_leak
EVA-0107,185,139,22,36.2,86,-44.8,694,22.1,62.1,seal_leak
EVA-0107,190,138,21,36.2,85,-42.9,669,21.6,64.2,seal_leak
EVA-0107,195,143,22,36.1,84,-46.1,655,21.1,66.2,seal_leak
EVA-0107,200,147,21,36.1,83,-45.8,629,20.5,66.9,seal_leak
EVA-0107,205,150,23,36.0,82,-45.7,674,20.1,70.4,seal_leak
EVA-0107,210,158,23,35.9,82,-46.6,627,19.5,72.7,seal_leak
EVA-0107,215,160,23,35.9,83,-45.8,613,18.9,73.6,seal_leak
EVA-0107,220,148,24,36.0,82,-46.5,597,18.3,70.9,seal_leak
EVA-0108,0,79,17,36.8,97,-73.6,841,29.6,9.1,heater_failure
EVA-0108,5,82,17,36.8,97,-73.1,784,29.6,7.3,heater_failure
EVA-0108,10,78,17,36.8,97,-74.9,729,29.6,8.3,heater_failure
EVA-0108,15,79,18,36.8,97,-74.9,972,29.6,8.5,heater_failure
EVA-0108,20,79,17,36.7,97,-74.8,888,29.6,10.3,heater_failure
EVA-0108,25,80,17,36.7,98,-72.8,888,29.6,8.4,heater_failure
EVA-0108,30,74,17,36.7,97,-73.2,927,29.6,8.4,heater_failure
EVA-0108,35,82,16,36.7,97,-72.3,865,29.6,9.5,heater_failure
EVA-0108,40,81,19,36.6,97,-75.8,863,29.7,12.9,heater_failure
EVA-0108,45,83,18,36.4,98,-75.7,938,29.5,13.2,heater_failure
EVA-0108,50,83,19,36.6,97,-73.4,945,29.6,14.1,heater_failure
EVA-0108,55,81,18,36.5,97,-75.1,920,29.6,12.1,heater_failure
EVA-0108,60,84,18,36.5,97,-75.1,940,29.6,14.9,heater_failure
EVA-0108,65,86,19,36.5,97,-73.0,852,29.6,15.0,heater_failure
EVA-0108,70,89,18,36.4,97,-75.0,904,29.5,16.7,heater_failure
EVA-0108,75,88,19,36.4,97,-75.0,1000,29.6,15.8,heater_failure
EVA-0108,80,90,20,36.4,98,-74.9,967,29.6,16.8,heater_failure
EVA-0108,85,88,19,36.4,98,-74.9,873,29.6,15.2,heater_failure
EVA-0108,90,97,19,36.3,98,-73.9,923,29.6,18.7,heater_failure
EVA-0108,95,96,20,36.2,97,-76.3,1024,29.6,21.5,heater_failure
EVA-0108,100,98,21,36.2,98,-75.2,983,29.6,21.9,heater_failure
EVA-0108,105,99,22,36.4,97,-73.7,978,29.5,21.0,heater_failure
EVA-0108,110,98,20,36.4,97,-72.6,987,29.6,19.2,heater_failure
EVA-0108,115,111,20,36.2,97,-76.9,982,29.6,24.3,heater_failure
EVA-0108,120,106,20,36.2,97,-75.0,970,29.6,23.4,heater_failure
EVA-0108,125,103,21,36.1,98,-75.7,964,29.5,23.5,heater_failure
EVA-0108,130,107,19,36.1,98,-75.7,1055,29.6,24.0,heater_failure
EVA-0108,135,109,19,36.0,97,-76.7,1028,29.6,26.1,heater_failure
EVA-0108,140,109,20,36.1,97,-74.9,1056,29.6,25.8,heater_failure
EVA-0108,145,114,20,36.1,98,-75.1,1057,29.7,26.1,heater_failure
EVA-0108,150,103,21,36.2,98,-73.0,1104,29.6,22.6,heater_failure
EVA-0108,155,121,22,35.8,97,-77.7,1068,29.6,32.8,heater_failure
EVA-0108,160,118,21,35.7,98,-78.3,1093,29.6,32.1,heater_failure
EVA-0108,165,110,20,36.0,98,-73.8,1071,29.6,26.3,heater_failure
EVA-0108,170,114,19,35.7,97,-76.4,1029,29.5,29.9,heater_failure
EVA-0108,175,116,20,35.7,97,-77.0,1069,29.6,32.1,heater_failure
EVA-0108,180,115,21,35.7,98,-76.3,1113,29.6,32.6,heater_failure
EVA-0108,185,108,19,35.5,97,-78.3,1125,29.6,32.2,heater_failure
EVA-0108,190,113,19,35.6,98,-76.2,1168,29.5,30.1,heater_failure
EVA-0108,195,112,21,35.6,97,-76.8,1089,29.6,33.1,heater_failure
EVA-0108,200,103,18,35.5,97,-75.5,1128,29.6,29.5,heater_failure
EVA-0108,205,108,20,35.5,98,-75.8,1120,29.6,31.6,heater_failure
EVA-0108,210,107,20,35.4,97,-75.8,1207,29.6,35.1,heater_failure
EVA-0108,215,101,18,35.3,97,-76.8,1158,29.5,32.3,heater_failure
EVA-0108,220,97,18,35.4,97,-75.1,1167,29.6,30.6,heater_failure
EVA-0108,225,91,15,35.1,97,-76.4,1155,29.6,29.7,heater_failure
EVA-0108,230,86,14,35.0,97,-77.8,1154,29.6,29.8,heater_failure
EVA-0108,235,85,15,35.0,97,-78.1,1107,29.6,29.7,heater_failure
EVA-0108,240,84,16,34.9,97,-78.0,1123,29.6,30.0,heater_failure
EVA-0108,245,90,16,35.1,97,-76.5,1196,29.6,30.6,heater_failure
EVA-0108,250,78,14,34.7,97,-78.9,1198,29.6,27.5,heater_failure
EVA-0108,255,74,13,34.8,97,-77.1,1212,29.6,28.9,heater_failure
EVA-0108,260,67,13,34.6,97,-78.3,1254,29.6,27.9,heater_failure
EVA-0108,265,65,12,34.5,97,-78.8,1223,29.5,28.5,heater_failure
EVA-0108,270,55,11,34.4,97,-78.6,1211,29.6,28.1,heater_failure
EVA-0109,0,96,13,37.1,98,-61.0,924,29.6,4.6,seal_leak
EVA-0109,5,101,12,37.1,98,-65.3,841,29.6,5.7,seal_leak
EVA-0109,10,102,13,37.1,98,-66.0,894,29.6,6.3,seal_leak
EVA-0109,15,99,15,37.2,98,-69.5,833,29.6,8.0,seal_leak
EVA-0109,20,107,15,37.2,98,-71.7,966,29.6,9.6,seal_leak
EVA-0109,25,105,15,37.1,98,-74.2,997,29.6,8.0,seal_leak
EVA-0109,30,110,18,37.2,99,-76.4,855,29.6,13.2,seal_leak
EVA-0109,35,109,16,37.2,98,-77.9,928,29.5,10.9,seal_leak
EVA-0109,40,113,14,37.2,98,-77.7,1008,29.6,10.0,seal_leak
EVA-0109,45,116,16,37.3,98,-82.2,941,29.6,13.1,seal_leak
EVA-0109,50,119,17,37.3,98,-82.0,993,29.6,15.4,seal_leak
EVA-0109,55,123,17,37.4,98,-80.6,912,29.6,16.5,seal_leak
EVA-0109,60,122,17,37.3,98,-81.1,966,29.7,15.0,seal_leak
EVA-0109,65,117,17,37.3,97,-80.4,1017,29.6,15.6,seal_leak
EVA-0109,70,122,17,37.3,98,-81.8,967,29.4,15.7,seal_leak
EVA-0109,75,122,18,37.2,98,-82.6,966,29.2,16.4,seal_leak
EVA-0109,80,126,19,37.3,97,-81.4,906,28.9,21.6,seal_leak
EVA-0109,85,127,19,37.1,96,-79.1,983,28.5,21.4,seal_leak
EVA-0109,90,129,20,37.2,96,-76.3,891,28.2,24.8,seal_leak
EVA-0109,95,135,19,37.1,95,-75.8,988,27.7,26.2,seal_leak
EVA-0109,100,136,20,37.0,94,-73.8,890,27.2,28.6,seal_leak
EVA-0109,105,137,20,37.0,94,-70.7,929,26.8,29.2,seal_leak
EVA-0109,110,142,21,36.9,93,-68.7,909,26.2,34.2,seal_leak
EVA-0109,115,139,21,36.8,92,-66.7,835,25.6,37.8,seal_leak
EVA-0109,120,147,22,36.8,91,-64.7,832,25.1,42.8,seal_leak
EVA-0109,125,152,23,36.8,90,-59.6,819,24.6,47.5,seal_leak
EVA-0109,130,157,23,36.8,89,-56.7,804,24.0,51.1,seal_leak
EVA-0109,135,153,23,36.6,88,-56.4,758,23.4,56.1,seal_leak
EVA-0109,140,151,24,36.5,87,-52.9,794,22.6,60.6,seal_leak
EVA-0109,145,157,24,36.3,85,-48.9,739,22.0,67.9,seal_leak
EVA-0109,150,160,25,36.3,84,-48.5,735,21.2,70.2,seal_leak
EVA-0109,155,170,26,36.2,83,-44.2,743,20.5,74.4,seal_leak
EVA-0109,160,178,25,36.2,82,-42.7,709,19.7,75.9,seal_leak
EVA-0110,0,82,15,37.1,98,-38.8,706,29.6,5.1,nominal
EVA-0110,5,81,15,37.1,98,-36.5,824,29.5,4.3,nominal
EVA-0110,10,90,17,37.2,98,-36.3,739,29.6,7.8,nominal
EVA-0110,15,85,16,37.2,98,-39.6,860,29.6,6.3,nominal
EVA-0110,20,88,16,37.2,98,-37.8,791,29.6,6.7,nominal
EVA-0110,25,91,16,37.2,98,-36.2,764,29.6,7.7,nominal
EVA-0110,30,94,18,37.2,98,-39.9,940,29.6,10.6,nominal
EVA-0110,35,93,16,37.2,98,-39.2,787,29.5,7.9,nominal
EVA-0110,40,104,20,37.3,98,-39.5,832,29.6,15.3,nominal
EVA-0110,45,96,20,37.3,98,-42.8,853,29.5,13.0,nominal
EVA-0110,50,102,19,37.4,98,-42.9,872,29.6,14.3,nominal
EVA-0110,55,104,20,37.3,98,-45.5,936,29.6,14.8,nominal
EVA-0110,60,106,20,37.4,98,-45.0,919,29.6,16.4,nominal
EVA-0110,65,111,21,37.3,97,-47.2,974,29.6,19.3,nominal
EVA-0110,70,104,20,37.3,97,-47.6,957,29.6,17.2,nominal
EVA-0110,75,114,22,37.3,98,-48.7,877,29.6,18.9,nominal
EVA-0110,80,109,19,37.4,98,-49.6,989,29.6,16.5,nominal
EVA-0110,85,107,20,37.3,98,-50.3,987,29.7,15.9,nominal
EVA-0110,90,106,19,37.4,97,-54.7,960,29.6,17.2,nominal
EVA-0110,95,111,20,37.4,98,-57.2,1094,29.6,17.3,nominal
EVA-0110,100,109,22,37.3,98,-59.2,1040,29.6,19.4,nominal
EVA-0110,105,110,20,37.2,98,-61.9,1067,29.6,16.6,nominal
EVA-0110,110,109,21,37.5,98,-62.2,1080,29.6,19.9,nominal
EVA-0110,115,111,20,37.3,98,-65.3,1030,29.6,17.2,nominal
EVA-0110,120,107,20,37.3,98,-66.0,1089,29.5,16.7,nominal
EVA-0110,125,106,19,37.3,98,-69.7,1087,29.6,15.2,nominal
EVA-0110,130,108,19,37.4,97,-71.0,1059,29.5,17.3,nominal
EVA-0110,135,106,19,37.3,98,-71.7,1042,29.6,15.0,nominal
EVA-0110,140,106,17,37.3,98,-74.1,1110,29.6,12.3,nominal
EVA-0110,145,107,19,37.3,97,-77.9,1147,29.6,16.5,nominal
EVA-0110,150,102,19,37.2,98,-77.2,1133,29.6,12.7,nominal
EVA-0110,155,101,18,37.3,98,-79.7,1136,29.6,11.9,nominal
EVA-0110,160,101,18,37.3,98,-78.7,1158,29.6,12.3,nominal
EVA-0110,165,94,19,37.3,98,-80.2,1156,29.6,12.6,nominal
EVA-0110,170,99,19,37.2,97,-85.2,1250,29.6,13.5,nominal
EVA-0110,175,98,17,37.2,98,-82.5,1205,29.6,10.2,nominal
EVA-0111,0,84,16,37.0,97,-45.6,714,29.7,5.5,scrubber_exhaustion
EVA-0111,5,87,16,36.9,98,-44.0,643,29.6,5.3,scrubber_exhaustion
EVA-0111,10,85,17,37.1,97,-44.5,816,29.6,8.0,scrubber_exhaustion
EVA-0111,15,90,15,37.0,98,-44.5,730,29.6,4.1,scrubber_exhaustion
EVA-0111,20,89,17,37.0,97,-43.0,814,29.6,7.3,scrubber_exhaustion
EVA-0111,25,92,16,37.1,98,-45.5,736,29.5,7.5,scrubber_exhaustion
EVA-0111,30,92,18,37.0,98,-44.2,784,29.6,8.4,scrubber_exhaustion
EVA-0111,35,99,18,37.1,98,-44.5,830,29.6,10.6,scrubber_exhaustion
EVA-0111,40,98,17,37.1,98,-46.4,833,29.6,9.2,scrubber_exhaustion
EVA-0111,45,99,18,37.1,98,-43.2,793,29.6,10.6,scrubber_exhaustion
EVA-0111,50,100,16,37.1,98,-43.7,837,29.6,9.5,scrubber_exhaustion
EVA-0111,55,103,18,37.0,97,-44.8,854,29.5,11.7,scrubber_exhaustion
EVA-0111,60,96,17,37.1,97,-45.4,826,29.6,10.1,scrubber_exhaustion
EVA-0111,65,102,18,37.0,97,-45.3,792,29.6,10.2,scrubber_exhaustion
EVA-0111,70,105,19,37.2,97,-44.7,828,29.7,14.0,scrubber_exhaustion
EVA-0111,75,107,19,37.1,97,-45.7,868,29.6,14.0,scrubber_exhaustion
EVA-0111,80,107,21,37.2,98,-46.9,931,29.6,15.8,scrubber_exhaustion
EVA-0111,85,110,18,37.2,97,-47.1,1063,29.6,14.9,scrubber_exhaustion
EVA-0111,90,102,19,37.1,97,-46.8,1112,29.6,13.6,scrubber_exhaustion
EVA-0111,95,103,21,37.1,98,-48.3,1132,29.6,13.5,scrubber_exhaustion
EVA-0111,100,105,19,37.2,97,-47.2,1367,29.6,15.9,scrubber_exhaustion
EVA-0111,105,109,20,37.2,98,-49.0,1415,29.6,15.2,scrubber_exhaustion
EVA-0111,110,113,21,37.2,97,-49.7,1601,29.6,18.4,scrubber_exhaustion
EVA-0111,115,112,22,37.3,98,-45.2,1701,29.6,18.5,scrubber_exhaustion
EVA-0111,120,116,23,37.3,98,-47.2,1914,29.5,21.1,scrubber_exhaustion
EVA-0111,125,117,22,37.3,97,-49.9,2192,29.6,21.9,scrubber_exhaustion
EVA-0111,130,117,23,37.3,97,-49.5,2336,29.6,22.0,scrubber_exhaustion
EVA-0111,135,123,25,37.4,98,-49.9,2628,29.6,25.2,scrubber_exhaustion
EVA-0111,140,126,24,37.5,97,-51.7,2916,29.6,26.5,scrubber_exhaustion
EVA-0111,145,131,24,37.5,97,-51.8,3139,29.6,27.9,scrubber_exhaustion
EVA-0111,150,132,25,37.5,97,-53.0,3415,29.6,29.3,scrubber_exhaustion
EVA-0111,155,137,27,37.6,97,-51.8,3866,29.6,34.4,scrubber_exhaustion
EVA-0111,160,138,29,37.6,97,-52.3,4305,29.6,36.8,scrubber_exhaustion
EVA-0111,165,138,28,37.6,97,-52.5,4569,29.6,35.8,scrubber_exhaustion
EVA-0111,170,142,30,37.7,96,-54.5,4969,29.5,41.0,scrubber_exhaustion
EVA-0111,175,148,31,37.8,97,-52.8,5313,29.6,44.1,scrubber_exhaustion
EVA-0111,180,147,31,37.8,96,-56.0,5852,29.5,44.0,scrubber_exhaustion
EVA-0111,185,148,30,37.7,96,-53.9,6224,29.6,42.3,scrubber_exhaustion
EVA-0111,190,157,32,37.8,96,-57.4,6769,29.6,47.5,scrubber_exhaustion
EVA-0111,195,154,33,37.8,96,-58.9,7240,29.7,49.2,scrubber_exhaustion
EVA-0111,200,160,36,38.0,97,-55.3,7759,29.6,52.0,scrubber_exhaustion
EVA-0111,205,168,36,38.0,96,-57.4,8297,29.6,55.4,scrubber_exhaustion
EVA-0111,210,172,37,38.0,96,-57.9,8856,29.6,57.7,scrubber_exhaustion
EVA-0111,215,177,39,38.2,96,-59.4,9425,29.5,60.6,scrubber_exhaustion
EVA-0111,220,174,39,38.2,96,-60.3,10059,29.6,58.8,scrubber_exhaustion
EVA-0111,225,182,40,38.2,96,-60.5,10608,29.5,60.6,scrubber_exhaustion
EVA-0112,0,82,16,36.8,98,-66.2,821,29.6,5.4,heater_failure
EVA-0112,5,85,15,36.8,98,-65.1,697,29.6,6.0,heater_failure
EVA-0112,10,79,16,36.8,98,-65.8,810,29.6,5.0,heater_failure
EVA-0112,15,89,18,36.8,98,-64.8,755,29.7,8.7,heater_failure
EVA-0112,20,91,17,36.9,98,-62.9,818,29.6,8.8,heater_failure
EVA-0112,25,93,17,36.9,99,-62.5,806,29.6,7.4,heater_failure
EVA-0112,30,91,17,36.9,98,-64.6,767,29.5,6.9,heater_failure
EVA-0112,35,99,17,36.9,98,-63.3,796,29.6,9.1,heater_failure
EVA-0112,40,93,18,36.8,98,-64.4,809,29.6,9.8,heater_failure
EVA-0112,45,95,19,36.8,98,-64.6,906,29.6,11.9,heater_failure
EVA-0112,50,99,18,36.8,98,-65.2,909,29.6,10.5,heater_failure
EVA-0112,55,92,17,36.9,98,-63.6,980,29.6,8.9,heater_failure
EVA-0112,60,93,18,36.9,98,-62.3,868,29.6,8.4,heater_failure
EVA-0112,65,94,17,36.7,98,-65.0,876,29.7,10.8,heater_failure
EVA-0112,70,95,18,36.8,98,-63.7,916,29.6,9.7,heater_failure
EVA-0112,75,96,18,36.8,98,-63.6,904,29.6,10.4,heater_failure
EVA-0112,80,93,19,36.8,99,-62.8,903,29.6,11.1,heater_failure
EVA-0112,85,96,17,36.8,98,-62.7,941,29.6,9.7,heater_failure
EVA-0112,90,97,17,36.9,98,-62.3,980,29.7,9.8,heater_failure
EVA-0112,95,96,18,36.9,98,-60.6,863,29.6,9.3,heater_failure
EVA-0112,100,97,17,36.7,99,-63.9,942,29.6,11.0,heater_failure
EVA-0112,105,92,18,36.6,98,-63.9,914,29.6,11.4,heater_failure
EVA-0112,110,99,19,36.7,99,-62.5,979,29.6,12.4,heater_failure
EVA-0112,115,95,17,36.8,98,-61.0,1015,29.5,8.3,heater_failure
EVA-0112,120,96,18,36.6,98,-64.5,1056,29.5,12.6,heater_failure
EVA-0112,125,97,17,36.7,98,-62.3,995,29.7,10.9,heater_failure
EVA-0112,130,99,16,36.7,98,-63.0,1029,29.5,10.8,heater_failure
EVA-0112,135,91,16,36.8,98,-61.7,958,29.6,7.5,heater_failure
EVA-0112,140,89,17,36.8,98,-62.0,1005,29.6,8.7,heater_failure
EVA-0112,145,87,16,36.7,98,-62.8,1063,29.5,8.0,heater_failure
EVA-0112,150,87,18,36.6,98,-62.3,1002,29.6,12.1,heater_failure
EVA-0112,155,90,17,36.6,98,-63.7,1128,29.6,10.3,heater_failure
EVA-0112,160,86,16,36.7,98,-62.1,1105,29.7,9.0,heater_failure
EVA-0112,165,90,16,36.7,98,-61.5,1051,29.7,7.8,heater_failure
EVA-0112,170,86,17,36.6,98,-63.1,1034,29.6,9.7,heater_failure
EVA-0112,175,82,18,36.5,98,-63.8,1078,29.6,11.1,heater_failure
EVA-0112,180,91,16,36.4,98,-63.6,1080,29.6,12.3,heater_failure
EVA-0112,185,74,15,36.5,98,-62.6,1075,29.6,7.5,heater_failure
EVA-0112,190,84,15,36.4,98,-63.8,1076,29.5,11.2,heater_failure
EVA-0112,195,89,16,36.2,98,-65.3,1138,29.7,15.2,heater_failure
EVA-0112,200,73,16,36.5,98,-62.9,1191,29.5,7.7,heater_failure
EVA-0112,205,82,14,36.2,98,-65.3,1136,29.6,11.2,heater_failure
EVA-0112,210,76,14,36.3,98,-63.8,1197,29.6,9.1,heater_failure
EVA-0112,215,84,13,35.9,98,-66.7,1172,29.6,15.0,heater_failure
EVA-0112,220,82,14,36.2,98,-64.5,1224,29.6,11.9,heater_failure
EVA-0113,0,95,17,37.0,97,-34.6,496,29.6,9.9,seal_leak
EVA-0113,5,94,17,37.1,97,-30.3,513,29.6,11.0,seal_leak
EVA-0113,10,94,18,37.1,97,-28.8,508,29.6,9.8,seal_leak
EVA-0113,15,98,17,37.0,98,-28.4,569,29.6,8.2,seal_leak
EVA-0113,20,96,19,37.1,97,-25.2,580,29.7,12.4,seal_leak
EVA-0113,25,98,18,37.0,97,-23.8,550,29.6,11.1,seal_leak
EVA-0113,30,102,20,37.2,97,-22.7,639,29.5,15.2,seal_leak
EVA-0113,35,106,19,37.2,97,-23.7,718,29.3,16.5,seal_leak
EVA-0113,40,109,18,37.0,96,-20.0,654,29.0,14.8,seal_leak
EVA-0113,45,107,19,37.1,96,-22.9,600,28.6,16.7,seal_leak
EVA-0113,50,108,20,37.0,96,-22.2,600,28.5,18.8,seal_leak
EVA-0113,55,111,21,36.9,95,-21.2,585,28.0,23.8,seal_leak
EVA-0113,60,113,21,37.0,94,-23.8,585,27.7,24.7,seal_leak
EVA-0113,65,124,21,37.0,94,-24.7,641,27.2,28.6,seal_leak
EVA-0113,70,123,23,37.0,92,-26.3,641,26.8,33.0,seal_leak
EVA-0113,75,127,23,36.9,92,-28.4,559,26.3,37.3,seal_leak
EVA-0113,80,137,24,36.8,91,-30.6,612,25.8,43.1,seal_leak
EVA-0113,85,134,24,36.8,90,-33.0,635,25.3,46.2,seal_leak
EVA-0113,90,137,25,36.7,90,-36.0,581,24.8,48.6,seal_leak
EVA-0113,95,135,26,36.6,88,-40.1,582,24.1,54.0,seal_leak
EVA-0113,100,146,26,36.6,87,-43.9,607,23.6,61.1,seal_leak
EVA-0113,105,148,27,36.3,86,-44.0,602,22.9,65.3,seal_leak
EVA-0113,110,145,26,36.5,85,-47.2,587,22.4,66.0,seal_leak
EVA-0113,115,151,28,36.3,84,-51.2,575,21.6,71.1,seal_leak
EVA-0113,120,164,28,36.1,83,-54.4,572,21.0,77.0,seal_leak
EVA-0113,125,159,27,36.1,82,-59.0,546,20.3,74.7,seal_leak
EVA-0113,130,163,28,35.9,81,-63.7,515,19.7,78.8,seal_leak
EVA-0113,135,164,29,36.0,80,-63.9,496,19.0,79.0,seal_leak
EVA-0113,140,163,28,36.0,80,-68.5,544,18.2,77.7,seal_leak
EVA-0113,145,166,27,36.0,81,-68.3,522,17.5,77.4,seal_leak
EVA-0114,0,84,16,37.1,98,-58.6,792,29.6,4.7,scrubber_exhaustion
EVA-0114,5,82,16,37.0,98,-59.8,725,29.6,3.3,scrubber_exhaustion
EVA-0114,10,81,18,37.0,98,-62.9,783,29.7,5.6,scrubber_exhaustion
EVA-0114,15,85,17,37.1,98,-65.6,783,29.6,6.4,scrubber_exhaustion
EVA-0114,20,85,18,37.1,99,-69.1,806,29.6,6.2,scrubber_exhaustion
EVA-0114,25,83,17,37.0,98,-68.5,732,29.5,4.7,scrubber_exhaustion
EVA-0114,30,86,17,37.1,98,-72.4,820,29.6,6.5,scrubber_exhaustion
EVA-0114,35,88,18,37.0,98,-73.4,814,29.6,6.9,scrubber_exhaustion
EVA-0114,40,93,18,37.1,98,-75.6,757,29.6,7.5,scrubber_exhaustion
EVA-0114,45,94,19,37.0,98,-76.8,812,29.6,8.8,scrubber_exhaustion
EVA-0114,50,92,19,37.1,98,-80.2,936,29.6,9.1,scrubber_exhaustion
EVA-0114,55,87,17,37.0,98,-82.0,826,29.6,5.9,scrubber_exhaustion
EVA-0114,60,94,19,37.1,98,-84.4,838,29.6,9.1,scrubber_exhaustion
EVA-0114,65,94,18,37.1,98,-85.0,891,29.6,9.5,scrubber_exhaustion
EVA-0114,70,95,18,37.1,98,-85.0,885,29.6,8.8,scrubber_exhaustion
EVA-0114,75,94,19,37.1,98,-87.2,979,29.6,10.2,scrubber_exhaustion
EVA-0114,80,92,19,37.1,98,-86.4,1042,29.6,8.9,scrubber_exhaustion
EVA-0114,85,95,19,37.0,98,-85.4,1198,29.6,9.2,scrubber_exhaustion
EVA-0114,90,94,19,37.1,98,-87.7,1322,29.7,11.4,scrubber_exhaustion
EVA-0114,95,99,19,37.2,98,-88.6,1587,29.6,12.5,scrubber_exhaustion
EVA-0114,100,102,21,37.3,98,-87.2,1704,29.6,16.2,scrubber_exhaustion
EVA-0114,105,103,22,37.2,98,-87.7,1924,29.6,15.3,scrubber_exhaustion
EVA-0114,110,105,22,37.3,98,-83.6,2242,29.6,16.3,scrubber_exhaustion
EVA-0114,115,104,22,37.3,98,-84.0,2425,29.5,17.3,scrubber_exhaustion
EVA-0114,120,110,24,37.4,98,-83.6,2887,29.6,21.5,scrubber_exhaustion
EVA-0114,125,109,24,37.4,97,-81.9,3119,29.6,22.9,scrubber_exhaustion
EVA-0114,130,110,26,37.4,98,-81.0,3601,29.7,23.7,scrubber_exhaustion
EVA-0114,135,110,26,37.4,98,-76.5,4028,29.6,24.6,scrubber_exhaustion
EVA-0114,140,110,26,37.5,97,-73.5,4386,29.6,25.0,scrubber_exhaustion
EVA-0114,145,111,26,37.5,97,-75.4,4868,29.6,27.0,scrubber_exhaustion
EVA-0114,150,112,27,37.5,98,-70.2,5393,29.6,26.1,scrubber_exhaustion
EVA-0114,155,122,29,37.5,97,-69.4,5968,29.5,31.0,scrubber_exhaustion
EVA-0114,160,128,30,37.6,97,-65.3,6469,29.6,35.8,scrubber_exhaustion
EVA-0114,165,131,32,37.7,97,-66.7,7115,29.6,38.9,scrubber_exhaustion
EVA-0114,170,135,32,37.9,97,-61.9,7745,29.6,42.7,scrubber_exhaustion
EVA-0114,175,132,34,37.8,97,-60.4,8379,29.5,43.2,scrubber_exhaustion
EVA-0114,180,144,36,37.9,96,-56.9,9088,29.6,49.3,scrubber_exhaustion
EVA-0114,185,146,37,38.0,96,-55.5,9878,29.6,51.6,scrubber_exhaustion
EVA-0114,190,156,38,38.1,96,-53.5,10647,29.6,54.5,scrubber_exhaustion
EVA-0115,0,73,16,37.0,98,-68.9,566,29.6,2.5,nominal
EVA-0115,5,77,16,37.0,98,-68.3,472,29.7,2.3,nominal
EVA-0115,10,79,18,37.1,98,-66.0,621,29.6,6.5,nominal
EVA-0115,15,82,16,37.1,98,-65.9,538,29.7,4.4,nominal
EVA-0115,20,80,18,37.2,98,-64.3,600,29.6,7.7,nominal
EVA-0115,25,82,18,37.1,98,-62.8,615,29.5,7.7,nominal
EVA-0115,30,82,17,37.0,98,-60.4,539,29.7,4.2,nominal
EVA-0115,35,85,17,37.1,98,-61.4,645,29.6,6.3,nominal
EVA-0115,40,86,17,37.1,98,-58.1,594,29.7,5.7,nominal
EVA-0115,45,87,16,37.1,98,-58.6,616,29.5,6.5,nominal
EVA-0115,50,87,17,37.1,98,-57.1,611,29.6,7.2,nominal
EVA-0115,55,91,18,37.1,98,-55.5,725,29.6,8.0,nominal
EVA-0115,60,89,18,37.1,98,-54.7,611,29.7,8.9,nominal
EVA-0115,65,84,18,37.1,98,-55.3,695,29.7,6.5,nominal
EVA-0115,70,86,17,37.1,98,-51.8,659,29.6,7.7,nominal
EVA-0115,75,83,17,37.0,99,-52.3,747,29.6,4.7,nominal
EVA-0115,80,94,18,37.1,98,-50.3,814,29.7,10.1,nominal
EVA-0115,85,86,19,37.1,98,-49.3,693,29.6,8.5,nominal
EVA-0115,90,93,20,37.1,98,-47.0,739,29.6,10.2,nominal
EVA-0115,95,95,19,37.1,98,-46.7,726,29.6,9.8,nominal
EVA-0115,100,92,19,37.1,98,-47.8,802,29.6,9.9,nominal
EVA-0115,105,84,18,37.1,98,-42.6,755,29.6,6.9,nominal
EVA-0115,110,89,19,37.2,98,-43.1,818,29.6,9.1,nominal
EVA-0115,115,90,19,37.2,98,-43.8,771,29.6,9.6,nominal
EVA-0115,120,90,18,37.1,98,-43.6,901,29.6,8.0,nominal
EVA-0115,125,87,17,37.2,98,-40.3,713,29.6,8.0,nominal
EVA-0115,130,86,18,37.1,98,-42.0,840,29.6,7.5,nominal
EVA-0115,135,82,17,37.0,98,-39.1,834,29.7,4.5,nominal
EVA-0115,140,89,17,37.1,98,-38.2,844,29.6,7.0,nominal
EVA-0115,145,82,18,37.1,98,-39.8,870,29.6,6.1,nominal
EVA-0115,150,83,17,36.9,98,-39.5,871,29.6,5.8,nominal
EVA-0115,155,84,17,37.1,98,-38.9,890,29.6,6.0,nominal
EVA-0115,160,75,15,37.0,98,-39.3,910,29.5,1.7,nominal
EVA-0115,165,78,16,37.0,98,-37.7,981,29.6,2.7,nominal
EVA-0115,170,76,16,37.0,98,-37.5,789,29.6,3.7,nominal
EVA-0115,175,76,17,37.1,98,-37.1,1008,29.6,3.6,nominal
EVA-0115,180,77,16,37.1,98,-39.2,1052,29.5,2.9,nominal
EVA-0115,185,73,16,37.0,98,-37.4,869,29.6,1.8,nominal
EVA-0116,0,90,15,37.2,97,-72.2,818,29.7,7.6,heater_failure
EVA-0116,5,90,16,37.1,98,-73.2,888,29.7,6.5,heater_failure
EVA-0116,10,86,16,37.0,97,-73.0,943,29.6,7.0,heater_failure
EVA-0116,15,93,16,37.0,97,-73.1,834,29.6,8.2,heater_failure
EVA-0116,20,95,17,37.1,97,-74.3,827,29.6,9.1,heater_failure
EVA-0116,25,96,17,37.0,97,-73.1,925,29.6,8.6,heater_failure
EVA-0116,30,98,16,37.0,98,-72.9,830,29.7,7.5,heater_failure
EVA-0116,35,100,17,36.9,97,-73.7,841,29.6,10.0,heater_failure
EVA-0116,40,98,18,37.0,97,-73.7,915,29.6,9.8,heater_failure
EVA-0116,45,99,16,36.9,97,-73.5,1004,29.6,9.8,heater_failure
EVA-0116,50,95,16,36.9,98,-72.4,880,29.6,7.9,heater_failure
EVA-0116,55,98,16,36.9,97,-73.6,909,29.6,9.8,heater_failure
EVA-0116,60,98,16,36.8,97,-75.9,939,29.6,11.4,heater_failure
EVA-0116,65,101,17,36.7,98,-75.2,920,29.7,12.0,heater_failure
EVA-0116,70,106,18,36.9,97,-72.8,870,29.6,12.8,heater_failure
EVA-0116,75,107,20,36.7,97,-74.8,993,29.6,17.1,heater_failure
EVA-0116,80,103,19,36.8,97,-74.3,973,29.6,15.0,heater_failure
EVA-0116,85,107,18,36.9,98,-72.0,989,29.6,12.7,heater_failure
EVA-0116,90,114,20,36.8,98,-73.7,974,29.6,16.6,heater_failure
EVA-0116,95,109,19,36.6,97,-77.2,1056,29.6,18.4,heater_failure
EVA-0116,100,116,19,36.7,97,-73.0,973,29.5,19.1,heater_failure
EVA-0116,105,110,19,36.6,97,-74.7,955,29.6,18.8,heater_failure
EVA-0116,110,118,21,36.6,98,-74.6,1086,29.6,20.9,heater_failure
EVA-0116,115,117,19,36.7,98,-74.8,920,29.6,17.3,heater_failure
EVA-0116,120,119,19,36.6,97,-74.2,1020,29.6,20.5,heater_failure
EVA-0116,125,113,20,36.5,97,-75.5,1032,29.6,23.4,heater_failure
EVA-0116,130,120,19,36.3,98,-77.4,1038,29.6,22.9,heater_failure
EVA-0116,135,119,21,36.4,97,-75.3,981,29.6,24.1,heater_failure
EVA-0116,140,110,19,36.2,97,-77.5,1005,29.6,22.7,heater_failure
EVA-0116,145,116,19,36.3,97,-73.8,1109,29.5,23.0,heater_failure
EVA-0116,150,112,20,36.2,97,-76.6,1136,29.6,24.7,heater_failure
EVA-0116,155,113,18,36.2,97,-76.3,1063,29.6,23.5,heater_failure
EVA-0116,160,114,19,36.1,97,-77.2,1047,29.7,25.5,heater_failure
EVA-0116,165,118,18,36.0,97,-76.1,1017,29.6,26.2,heater_failure
EVA-0116,170,121,20,36.0,98,-76.1,1147,29.6,27.8,heater_failure
EVA-0116,175,127,19,35.9,98,-77.5,1158,29.6,29.5,heater_failure
EVA-0116,180,120,19,36.0,97,-76.3,994,29.7,27.6,heater_failure
EVA-0116,185,124,19,35.9,97,-76.9,1019,29.6,29.6,heater_failure
EVA-0116,190,121,19,35.7,98,-77.1,1142,29.6,30.4,heater_failure
EVA-0116,195,125,18,35.8,97,-78.0,1156,29.6,31.4,heater_failure
EVA-0116,200,107,18,35.9,98,-74.4,1130,29.7,24.1,heater_failure
EVA-0116,205,122,19,35.7,97,-75.9,1158,29.6,30.9,heater_failure
EVA-0116,210,121,17,35.6,97,-76.5,1156,29.6,30.9,heater_failure
EVA-0116,215,117,17,35.7,97,-76.1,1176,29.6,30.2,heater_failure
EVA-0116,220,120,18,35.5,97,-77.1,1142,29.6,33.0,heater_failure
EVA-0116,225,105,16,35.4,97,-78.0,1190,29.7,29.8,heater_failure
EVA-0116,230,97,12,34.9,97,-80.8,1168,29.5,31.7,heater_failure
EVA-0116,235,95,13,35.0,97,-79.1,1172,29.6,31.8,heater_failure
EVA-0116,240,104,14,35.4,97,-75.1,1130,29.6,27.7,heater_failure
EVA-0116,245,97,15,35.3,97,-76.3,1214,29.6,28.9,heater_failure
EVA-0116,250,94,13,35.1,97,-77.4,1266,29.6,29.5,heater_failure
EVA-0116,255,87,13,34.8,97,-79.6,1222,29.6,29.6,heater_failure
EVA-0116,260,89,14,35.0,97,-76.9,1229,29.6,31.0,heater_failure
EVA-0116,265,87,13,34.9,97,-78.0,1309,29.6,29.5,heater_failure
EVA-0116,270,86,12,34.9,97,-76.8,1307,29.5,30.2,heater_failure
EVA-0117,0,82,15,36.7,97,-29.8,764,29.7,7.7,seal_leak
EVA-0117,5,81,14,36.7,98,-30.4,736,29.6,4.6,seal_leak
EVA-0117,10,83,14,36.9,98,-29.1,690,29.5,2.9,seal_leak
EVA-0117,15,90,15,36.8,97,-29.4,833,29.5,7.9,seal_leak
EVA-0117,20,90,15,36.9,98,-32.5,641,29.7,6.2,seal_leak
EVA-0117,25,89,15,36.8,97,-29.6,758,29.6,6.7,seal_leak
EVA-0117,30,89,15,36.8,98,-33.1,730,29.6,7.3,seal_leak
EVA-0117,35,87,15,36.9,98,-31.9,843,29.6,5.4,seal_leak
EVA-0117,40,93,15,36.8,98,-34.6,788,29.7,6.8,seal_leak
EVA-0117,45,88,17,36.7,98,-34.6,901,29.5,9.6,seal_leak
EVA-0117,50,98,17,36.9,98,-36.5,794,29.7,8.1,seal_leak
EVA-0117,55,93,17,37.0,98,-36.5,766,29.7,7.0,seal_leak
EVA-0117,60,90,17,36.8,98,-37.2,730,29.6,8.0,seal_leak
EVA-0117,65,93,17,36.9,98,-39.4,864,29.6,9.1,seal_leak
EVA-0117,70,94,17,37.0,98,-38.8,784,29.6,7.9,seal_leak
EVA-0117,75,98,19,36.9,98,-39.8,809,29.5,10.3,seal_leak
EVA-0117,80,95,17,37.0,98,-38.3,891,29.6,7.0,seal_leak
EVA-0117,85,96,17,37.1,98,-41.6,890,29.6,8.6,seal_leak
EVA-0117,90,88,16,36.9,98,-42.6,822,29.6,6.1,seal_leak
EVA-0117,95,96,18,36.9,98,-47.4,828,29.6,8.9,seal_leak
EVA-0117,100,96,18,36.9,97,-49.0,768,29.5,9.8,seal_leak
EVA-0117,105,99,19,37.0,98,-48.3,753,29.5,10.2,seal_leak
EVA-0117,110,98,17,36.9,97,-47.1,873,29.3,10.4,seal_leak
EVA-0117,115,100,17,36.8,97,-47.6,874,29.2,12.8,seal_leak
EVA-0117,120,103,17,36.9,97,-52.6,849,29.0,11.9,seal_leak
EVA-0117,125,103,19,36.9,96,-53.8,839,28.9,15.1,seal_leak
EVA-0117,130,107,18,36.8,97,-53.7,799,28.7,16.2,seal_leak
EVA-0117,135,102,19,36.9,96,-55.8,884,28.5,16.5,seal_leak
EVA-0117,140,104,18,36.8,96,-57.0,749,28.4,17.8,seal_leak
EVA-0117,145,105,17,36.8,95,-57.2,798,28.1,19.6,seal_leak
EVA-0117,150,105,17,36.7,96,-55.9,819,27.9,19.2,seal_leak
EVA-0117,155,100,18,36.6,95,-58.6,808,27.7,23.4,seal_leak
EVA-0117,160,105,19,36.6,94,-59.0,804,27.5,24.7,seal_leak
EVA-0117,165,102,17,36.5,94,-64.5,780,27.3,25.6,seal_leak
EVA-0117,170,107,19,36.5,94,-61.9,815,27.0,28.5,seal_leak
EVA-0117,175,107,19,36.6,93,-65.2,745,26.8,28.0,seal_leak
EVA-0117,180,110,19,36.6,93,-62.8,780,26.5,29.8,seal_leak
EVA-0117,185,107,19,36.4,92,-63.9,795,26.3,33.5,seal_leak
EVA-0117,190,108,20,36.4,92,-65.5,763,26.0,34.6,seal_leak
EVA-0117,195,109,19,36.4,91,-67.7,769,25.8,36.4,seal_leak
EVA-0117,200,112,18,36.3,91,-67.9,771,25.5,37.7,seal_leak
EVA-0117,205,113,20,36.3,91,-68.2,699,25.2,42.4,seal_leak
EVA-0117,210,117,20,36.3,90,-67.1,697,24.8,43.4,seal_leak
EVA-0117,215,117,19,36.2,89,-67.8,750,24.6,47.5,seal_leak
EVA-0117,220,123,20,36.1,90,-66.8,720,24.3,48.8,seal_leak
EVA-0117,225,123,20,36.1,89,-66.6,716,24.0,50.9,seal_leak
EVA-0117,230,128,21,36.2,88,-69.5,745,23.7,55.0,seal_leak
EVA-0117,235,129,22,36.1,88,-67.9,690,23.3,56.6,seal_leak
EVA-0117,240,130,23,36.1,87,-67.7,640,23.0,61.0,seal_leak
EVA-0117,245,131,22,36.1,87,-68.1,756,22.7,60.9,seal_leak
EVA-0117,250,134,23,36.0,85,-66.5,735,22.4,66.3,seal_leak
EVA-0117,255,136,23,35.8,85,-66.6,726,22.0,70.1,seal_leak
EVA-0117,260,142,23,35.9,85,-67.4,653,21.6,70.0,seal_leak
EVA-0117,265,140,23,35.9,85,-66.3,675,21.3,69.5,seal_leak
EVA-0117,270,144,23,35.8,84,-65.9,635,21.0,71.3,seal_leak
EVA-0117,275,149,24,35.7,83,-65.6,660,20.5,74.7,seal_leak
EVA-0117,280,146,24,35.8,83,-64.1,644,20.2,72.6,seal_leak
EVA-0117,285,153,26,35.6,82,-64.6,617,19.9,78.4,seal_leak
EVA-0117,290,155,27,35.6,81,-61.6,649,19.4,79.4,seal_leak
EVA-0117,295,153,25,35.7,81,-59.5,621,19.2,76.8,seal_leak
EVA-0118,0,95,17,36.9,98,-70.6,783,29.5,7.4,heater_failure
EVA-0118,5,84,18,36.8,97,-72.4,844,29.6,9.7,heater_failure
EVA-0118,10,97,19,36.8,98,-73.4,862,29.6,11.4,heater_failure
EVA-0118,15,94,18,36.6,98,-74.7,850,29.6,12.8,heater_failure
EVA-0118,20,97,19,36.5,98,-75.0,930,29.6,15.4,heater_failure
EVA-0118,25,99,19,36.6,98,-73.2,911,29.6,15.5,heater_failure
EVA-0118,30,103,19,36.5,98,-73.6,863,29.5,16.9,heater_failure
EVA-0118,35,110,20,36.5,98,-73.5,970,29.7,19.1,heater_failure
EVA-0118,40,109,22,36.5,98,-71.1,933,29.6,19.8,heater_failure
EVA-0118,45,113,21,36.3,97,-74.0,960,29.6,23.9,heater_failure
EVA-0118,50,110,22,36.4,98,-72.4,983,29.6,21.8,heater_failure
EVA-0118,55,112,22,36.6,98,-69.4,1046,29.6,20.6,heater_failure
EVA-0118,60,115,21,36.3,98,-71.2,1081,29.5,23.6,heater_failure
EVA-0118,65,112,22,36.4,98,-70.1,1044,29.6,22.3,heater_failure
EVA-0118,70,115,21,36.3,98,-69.6,1060,29.6,23.5,heater_failure
EVA-0118,75,111,20,36.3,98,-67.9,997,29.6,21.0,heater_failure
EVA-0118,80,122,20,36.0,98,-70.5,1076,29.6,27.5,heater_failure
EVA-0118,85,110,19,36.3,98,-67.6,1085,29.6,21.1,heater_failure
EVA-0118,90,108,20,36.3,98,-66.7,1161,29.6,20.2,heater_failure
EVA-0118,95,111,20,36.2,98,-67.5,1161,29.6,23.1,heater_failure
EVA-0118,100,107,19,36.4,98,-65.4,1144,29.6,18.8,heater_failure
EVA-0118,105,100,18,36.5,98,-64.6,1211,29.7,15.2,heater_failure
EVA-0118,110,102,19,36.3,97,-64.8,1220,29.6,20.5,heater_failure
EVA-0119,0,88,16,36.9,98,-61.7,777,29.6,5.4,nominal
EVA-0119,5,78,15,36.9,97,-63.5,829,29.7,4.0,nominal
EVA-0119,10,84,14,36.9,98,-64.6,705,29.6,3.8,nominal
EVA-0119,15,85,15,36.9,98,-65.3,739,29.6,4.8,nominal
EVA-0119,20,92,17,36.9,98,-69.6,803,29.5,7.0,nominal
EVA-0119,25,95,16,37.0,98,-67.4,711,29.6,7.1,nominal
EVA-0119,30,94,17,37.1,98,-68.9,816,29.6,6.7,nominal
EVA-0119,35,99,16,37.1,98,-69.6,874,29.6,7.1,nominal
EVA-0119,40,99,17,37.0,98,-70.8,864,29.6,8.4,nominal
EVA-0119,45,101,19,37.1,98,-72.9,859,29.6,10.6,nominal
EVA-0119,50,101,18,37.1,98,-73.1,855,29.6,9.2,nominal
EVA-0119,55,103,17,37.1,98,-70.3,857,29.5,10.3,nominal
EVA-0119,60,104,18,37.1,98,-73.0,864,29.6,10.8,nominal
EVA-0119,65,107,18,37.2,98,-71.3,906,29.6,13.0,nominal
EVA-0119,70,104,20,37.2,98,-73.5,836,29.6,13.8,nominal
EVA-0119,75,109,19,37.1,98,-72.0,982,29.6,12.9,nominal
EVA-0119,80,112,19,37.2,98,-72.1,893,29.6,14.4,nominal
EVA-0119,85,106,19,37.2,98,-71.3,961,29.6,12.8,nominal
EVA-0119,90,109,18,37.1,98,-70.7,949,29.5,12.4,nominal
EVA-0119,95,107,18,37.1,98,-67.7,904,29.6,12.2,nominal
EVA-0119,100,108,20,37.1,98,-66.2,1024,29.6,13.4,nominal
EVA-0119,105,108,20,37.1,98,-67.1,1025,29.7,13.7,nominal
EVA-0119,110,113,19,37.2,98,-66.7,915,29.6,15.2,nominal
EVA-0119,115,109,19,37.1,98,-66.5,993,29.5,12.9,nominal
EVA-0119,120,114,19,37.1,98,-65.2,1015,29.6,13.9,nominal
EVA-0119,125,111,20,37.2,98,-60.3,923,29.6,16.2,nominal
EVA-0119,130,110,20,37.2,98,-62.2,930,29.5,15.3,nominal
EVA-0119,135,113,20,37.2,98,-59.3,998,29.6,15.8,nominal
EVA-0119,140,109,19,37.2,98,-56.9,987,29.6,14.0,nominal
EVA-0119,145,112,20,37.2,98,-58.5,1009,29.6,15.7,nominal
EVA-0119,150,111,19,37.2,98,-55.1,1007,29.6,14.6,nominal
EVA-0119,155,105,18,37.2,98,-53.4,1070,29.6,12.1,nominal
EVA-0119,160,109,19,37.1,98,-50.8,1046,29.6,13.4,nominal
EVA-0119,165,109,19,37.1,98,-47.9,1146,29.5,12.7,nominal
EVA-0119,170,105,19,37.0,98,-45.2,1114,29.6,11.7,nominal
EVA-0119,175,105,19,37.1,98,-45.4,1152,29.6,11.7,nominal
EVA-0119,180,106,17,37.1,98,-43.5,1050,29.6,9.7,nominal
EVA-0119,185,103,18,37.1,98,-41.4,1108,29.6,11.2,nominal
EVA-0119,190,105,17,37.0,98,-40.6,1152,29.6,10.2,nominal
EVA-0119,195,100,18,37.1,98,-37.6,1176,29.5,9.6,nominal
EVA-0119,200,101,18,37.0,98,-36.2,1137,29.6,9.2,nominal
EVA-0119,205,91,17,37.0,98,-38.6,1153,29.7,6.9,nominal
EVA-0119,210,92,17,37.0,98,-33.3,1168,29.6,6.3,nominal
EVA-0120,0,81,18,36.9,98,-77.6,580,29.6,5.8,heater_failure
EVA-0120,5,87,18,36.8,99,-80.2,652,29.7,7.8,heater_failure
EVA-0120,10,93,17,36.7,98,-79.3,509,29.5,9.1,heater_failure
EVA-0120,15,84,16,36.8,98,-79.4,632,29.6,7.1,heater_failure
EVA-0120,20,88,18,36.7,98,-78.4,665,29.6,11.0,heater_failure
EVA-0120,25,92,18,36.6,98,-79.3,627,29.5,13.6,heater_failure
EVA-0120,30,93,17,36.5,98,-80.5,704,29.6,12.3,heater_failure
EVA-0120,35,96,18,36.6,98,-78.7,710,29.6,13.5,heater_failure
EVA-0120,40,100,19,36.4,98,-78.4,627,29.6,16.4,heater_failure
EVA-0120,45,102,19,36.3,98,-80.0,642,29.6,18.2,heater_failure
EVA-0120,50,103,20,36.4,99,-79.9,689,29.6,18.7,heater_failure
EVA-0120,55,107,20,36.3,98,-81.6,649,29.6,20.9,heater_failure
EVA-0120,60,114,21,36.2,98,-81.4,811,29.6,24.6,heater_failure
EVA-0120,65,116,21,36.1,98,-81.6,736,29.6,25.7,heater_failure
EVA-0120,70,115,20,36.2,99,-80.7,714,29.6,23.3,heater_failure
EVA-0120,75,116,21,36.1,98,-81.4,660,29.6,25.8,heater_failure
EVA-0120,80,120,21,35.9,98,-82.4,747,29.6,29.5,heater_failure
EVA-0120,85,119,21,35.8,98,-82.7,694,29.6,29.7,heater_failure
EVA-0120,90,125,21,35.6,98,-84.9,793,29.6,34.0,heater_failure
EVA-0120,95,123,20,35.6,98,-80.9,658,29.6,31.9,heater_failure
EVA-0120,100,121,21,35.3,98,-85.7,844,29.6,36.8,heater_failure
EVA-0120,105,117,20,35.4,98,-82.9,775,29.6,34.0,heater_failure
EVA-0120,110,119,21,35.2,98,-83.6,729,29.7,37.9,heater_failure
EVA-0120,115,120,19,35.2,98,-84.2,816,29.7,35.7,heater_failure
EVA-0120,120,112,21,35.1,98,-84.0,830,29.6,37.9,heater_failure
EVA-0120,125,110,18,34.9,98,-85.0,838,29.6,35.1,heater_failure
EVA-0120,130,104,19,35.0,98,-83.5,914,29.5,35.2,heater_failure
EVA-0120,135,98,18,34.8,98,-86.0,881,29.6,33.7,heater_failure
EVA-0120,140,95,16,34.7,98,-84.1,911,29.7,30.7,heater_failure
EVA-0120,145,91,16,34.6,98,-85.3,876,29.6,30.7,heater_failure
EVA-0120,150,86,15,34.4,98,-85.0,918,29.5,29.0,heater_failure
EVA-0120,155,79,14,34.4,97,-84.9,852,29.6,27.4,heater_failure
EVA-0120,160,76,14,34.3,98,-84.6,934,29.6,25.1,heater_failure
EVA-0120,165,79,13,34.3,98,-83.7,900,29.6,25.7,heater_failure
EVA-0120,170,66,12,34.1,98,-84.2,1005,29.7,25.2,heater_failure
EVA-0120,175,68,13,34.2,98,-82.9,961,29.6,26.1,heater_failure
EVA-0120,180,68,12,34.1,98,-82.6,999,29.6,26.2,heater_failure
EVA-0121,0,93,15,37.2,98,-82.5,676,29.6,6.7,nominal
EVA-0121,5,95,18,37.2,99,-84.0,594,29.6,9.1,nominal
EVA-0121,10,96,17,37.2,98,-81.5,665,29.6,9.2,nominal
EVA-0121,15,97,17,37.1,98,-82.9,624,29.6,8.6,nominal
EVA-0121,20,105,17,37.2,98,-82.9,723,29.6,10.8,nominal
EVA-0121,25,102,18,37.1,98,-82.0,741,29.6,10.5,nominal
EVA-0121,30,107,18,37.2,98,-80.8,687,29.6,12.5,nominal
EVA-0121,35,108,18,37.2,98,-81.3,730,29.6,13.2,nominal
EVA-0121,40,104,19,37.2,98,-80.2,713,29.5,13.1,nominal
EVA-0121,45,105,19,37.2,98,-80.5,781,29.6,12.3,nominal
EVA-0121,50,107,19,37.2,98,-79.0,758,29.6,13.7,nominal
EVA-0121,55,103,18,37.2,98,-76.9,851,29.6,11.7,nominal
EVA-0121,60,103,18,37.2,98,-75.1,822,29.6,12.2,nominal
EVA-0121,65,103,19,37.2,98,-74.3,896,29.6,12.8,nominal
EVA-0121,70,113,20,37.3,98,-74.0,813,29.6,16.6,nominal
EVA-0121,75,110,19,37.3,98,-75.4,939,29.6,15.2,nominal
EVA-0121,80,110,20,37.3,98,-73.7,852,29.6,15.7,nominal
EVA-0121,85,108,19,37.2,98,-71.9,838,29.6,14.0,nominal
EVA-0121,90,108,19,37.2,98,-69.5,979,29.6,13.2,nominal
EVA-0121,95,106,19,37.2,98,-70.4,798,29.6,13.4,nominal
EVA-0121,100,108,18,37.2,98,-70.2,865,29.7,13.0,nominal
EVA-0121,105,104,18,37.2,98,-66.0,824,29.6,12.3,nominal
EVA-0121,110,105,18,37.2,98,-67.7,825,29.6,11.6,nominal
EVA-0121,115,105,18,37.3,98,-67.2,824,29.6,13.2,nominal
EVA-0121,120,106,19,37.2,98,-64.6,955,29.6,13.1,nominal
EVA-0121,125,106,19,37.2,98,-64.0,876,29.6,13.8,nominal
EVA-0121,130,106,19,37.2,99,-63.7,934,29.5,12.7,nominal
EVA-0121,135,103,18,37.3,98,-62.2,995,29.6,12.6,nominal
EVA-0121,140,100,18,37.1,98,-62.4,985,29.6,10.9,nominal
EVA-0121,145,97,17,37.1,98,-61.1,992,29.5,8.0,nominal
EVA-0121,150,95,16,37.1,98,-59.7,1037,29.6,7.2,nominal
EVA-0121,155,92,16,37.1,98,-61.4,1065,29.6,5.9,nominal
EVA-0121,160,87,15,37.0,98,-57.0,945,29.6,3.9,nominal
EVA-0121,165,84,15,37.0,98,-59.1,1033,29.6,2.6,nominal
EVA-0121,170,86,15,37.0,98,-58.0,1008,29.5,3.4,nominal
EVA-0121,175,85,15,37.0,99,-55.0,1023,29.6,3.0,nominal
EVA-0121,180,80,13,37.1,98,-55.0,971,29.5,2.0,nominal
EVA-0121,185,78,14,37.0,98,-55.1,1024,29.7,0.9,nominal
EVA-0121,190,80,12,37.0,98,-56.8,1038,29.7,1.5,nominal
EVA-0121,195,81,14,37.0,98,-55.0,1131,29.6,1.5,nominal
EVA-0121,200,76,14,37.0,98,-54.2,1024,29.6,0.5,nominal
EVA-0121,205,83,15,36.9,98,-53.8,978,29.6,3.7,nominal
EVA-0121,210,81,15,37.0,98,-52.1,1095,29.6,2.2,nominal
EVA-0121,215,75,15,37.0,98,-50.8,1048,29.7,0.8,nominal
EVA-0121,220,78,13,37.1,99,-52.4,1107,29.7,1.8,nominal
EVA-0121,225,81,13,37.1,98,-53.7,1153,29.5,2.1,nominal
EVA-0122,0,89,16,36.9,98,-80.3,684,29.6,5.9,heater_failure
EVA-0122,5,91,16,36.8,98,-77.8,635,29.6,7.4,heater_failure
EVA-0122,10,93,16,36.8,98,-80.4,632,29.6,8.7,heater_failure
EVA-0122,15,95,18,36.8,97,-76.2,637,29.6,11.7,heater_failure
EVA-0122,20,97,16,36.8,98,-80.7,627,29.6,8.9,heater_failure
EVA-0122,25,99,17,36.7,98,-83.0,706,29.6,10.6,heater_failure
EVA-0122,30,102,19,36.8,98,-78.9,658,29.6,12.7,heater_failure
EVA-0122,35,106,18,36.6,98,-81.4,572,29.6,14.2,heater_failure
EVA-0122,40,103,19,36.8,98,-81.4,717,29.6,13.1,heater_failure
EVA-0122,45,106,19,36.6,98,-81.5,722,29.6,15.8,heater_failure
EVA-0122,50,107,19,36.5,98,-83.9,694,29.6,17.1,heater_failure
EVA-0122,55,107,18,36.5,98,-85.2,663,29.6,16.0,heater_failure
EVA-0122,60,105,20,36.5,98,-80.5,654,29.6,17.0,heater_failure
EVA-0122,65,110,19,36.3,98,-84.9,678,29.6,20.4,heater_failure
EVA-0122,70,117,19,36.5,98,-81.2,730,29.6,20.3,heater_failure
EVA-0122,75,110,18,36.3,98,-82.7,645,29.7,20.3,heater_failure
EVA-0122,80,115,20,36.4,98,-83.3,754,29.6,21.3,heater_failure
EVA-0122,85,119,20,36.2,98,-84.2,746,29.6,24.7,heater_failure
EVA-0122,90,121,20,36.3,98,-80.9,808,29.6,23.3,heater_failure
EVA-0122,95,125,20,36.0,99,-84.6,788,29.6,27.2,heater_failure
EVA-0122,100,130,21,36.0,98,-84.5,732,29.6,29.5,heater_failure
EVA-0122,105,125,22,36.1,98,-82.9,695,29.6,29.5,heater_failure
EVA-0122,110,127,21,36.0,98,-84.5,742,29.6,29.1,heater_failure
EVA-0122,115,132,21,35.9,98,-84.8,848,29.6,31.1,heater_failure
EVA-0122,120,134,21,35.9,98,-83.6,806,29.6,31.0,heater_failure
EVA-0122,125,129,21,35.9,98,-82.5,827,29.6,31.0,heater_failure
EVA-0122,130,126,20,36.1,98,-80.9,779,29.6,27.5,heater_failure
EVA-0122,135,129,20,35.9,98,-80.5,837,29.5,30.1,heater_failure
EVA-0122,140,136,22,35.7,98,-84.9,754,29.5,35.0,heater_failure
EVA-0122,145,133,21,35.8,98,-81.3,871,29.6,32.6,heater_failure
EVA-0122,150,128,20,35.6,98,-83.5,785,29.5,33.9,heater_failure
EVA-0122,155,132,20,35.6,98,-83.1,755,29.6,34.4,heater_failure
EVA-0122,160,137,21,35.6,98,-82.3,953,29.6,36.2,heater_failure
EVA-0122,165,133,20,35.6,98,-82.0,864,29.6,34.3,heater_failure
EVA-0122,170,136,21,35.4,98,-82.2,870,29.6,38.2,heater_failure
EVA-0122,175,141,22,35.4,98,-83.4,789,29.6,40.4,heater_failure
EVA-0122,180,143,21,35.7,98,-78.4,908,29.6,36.0,heater_failure
EVA-0122,185,140,21,35.7,98,-78.7,927,29.5,37.4,heater_failure
EVA-0122,190,142,22,35.5,98,-79.4,886,29.6,38.9,heater_failure
EVA-0122,195,142,22,35.5,98,-80.1,942,29.7,38.9,heater_failure
EVA-0122,200,144,22,35.7,98,-77.0,962,29.6,36.8,heater_failure
EVA-0122,205,142,23,35.6,98,-78.0,940,29.6,38.7,heater_failure
EVA-0122,210,141,21,35.5,98,-78.2,826,29.6,38.2,heater_failure
EVA-0122,215,145,22,35.4,98,-79.0,879,29.7,41.0,heater_failure
EVA-0122,220,139,21,35.6,98,-75.9,1014,29.6,36.9,heater_failure
EVA-0122,225,137,21,35.5,98,-76.5,949,29.6,38.2,heater_failure
EVA-0122,230,138,23,35.6,98,-75.3,956,29.5,38.8,heater_failure
EVA-0122,235,141,20,35.6,98,-74.9,922,29.6,35.7,heater_failure
EVA-0122,240,132,21,35.7,98,-73.8,938,29.6,34.0,heater_failure
EVA-0122,245,133,21,35.6,98,-73.9,1028,29.6,36.0,heater_failure
EVA-0122,250,137,20,35.6,98,-74.0,1049,29.6,36.0,heater_failure
EVA-0122,255,135,20,35.7,98,-72.5,1024,29.7,33.4,heater_failure
EVA-0122,260,131,20,35.7,98,-71.6,1021,29.5,32.3,heater_failure
EVA-0122,265,123,19,35.9,98,-70.5,1031,29.6,27.2,heater_failure
EVA-0122,270,128,20,35.6,98,-73.2,1007,29.6,33.3,heater_failure
EVA-0122,275,119,20,35.9,98,-70.2,963,29.6,27.5,heater_failure
EVA-0122,280,129,19,35.5,98,-73.0,961,29.7,34.4,heater_failure
EVA-0122,285,128,21,36.0,98,-69.5,1091,29.6,29.1,heater_failure
EVA-0122,290,127,21,35.7,98,-71.1,1038,29.7,32.4,heater_failure
EVA-0123,0,89,19,36.8,98,-77.9,656,29.6,10.5,nominal
EVA-0123,5,97,21,36.8,98,-72.5,691,29.5,13.9,nominal
EVA-0123,10,103,23,36.9,98,-69.0,701,29.6,15.1,nominal
EVA-0123,15,96,22,36.8,98,-66.3,829,29.7,14.4,nominal
EVA-0123,20,107,23,36.9,98,-62.0,709,29.6,15.9,nominal
EVA-0123,25,108,24,37.0,98,-57.6,759,29.6,16.5,nominal
EVA-0123,30,110,23,37.0,98,-55.0,760,29.5,16.3,nominal
EVA-0123,35,111,24,37.0,99,-49.5,852,29.6,17.1,nominal
EVA-0123,40,110,24,36.8,98,-46.2,797,29.6,18.1,nominal
EVA-0123,45,108,24,37.0,98,-43.8,952,29.6,16.3,nominal
EVA-0123,50,109,23,37.0,98,-41.6,896,29.6,15.2,nominal
EVA-0123,55,106,22,37.0,98,-38.1,933,29.6,14.6,nominal
EVA-0123,60,106,23,36.9,98,-33.4,957,29.6,15.0,nominal
EVA-0123,65,105,24,36.9,98,-35.3,958,29.7,16.4,nominal
EVA-0123,70,110,23,37.0,98,-31.6,986,29.6,15.7,nominal
EVA-0123,75,102,23,36.9,98,-35.2,1007,29.6,14.8,nominal
EVA-0123,80,99,21,36.8,98,-34.4,1048,29.6,13.8,nominal
EVA-0123,85,101,21,36.9,98,-34.8,1010,29.6,13.5,nominal
EVA-0123,90,96,21,36.8,98,-34.5,1025,29.6,13.0,nominal
EVA-0123,95,94,20,36.8,99,-37.5,1128,29.6,12.1,nominal
EVA-0124,0,76,15,37.0,97,-52.2,664,29.6,3.4,seal_leak
EVA-0124,5,79,17,37.0,97,-52.4,689,29.6,6.2,seal_leak
EVA-0124,10,81,16,37.0,97,-55.2,687,29.6,5.1,seal_leak
EVA-0124,15,85,17,37.1,97,-53.8,775,29.6,8.8,seal_leak
EVA-0124,20,82,16,37.1,97,-54.4,728,29.6,7.0,seal_leak
EVA-0124,25,87,18,37.1,97,-52.7,837,29.5,10.5,seal_leak
EVA-0124,30,84,18,37.1,97,-54.9,771,29.6,9.4,seal_leak
EVA-0124,35,89,18,37.1,97,-54.9,816,29.6,10.5,seal_leak
EVA-0124,40,87,18,37.1,97,-55.3,758,29.6,9.7,seal_leak
EVA-0124,45,87,19,37.2,97,-54.0,739,29.6,11.1,seal_leak
EVA-0124,50,93,19,37.3,97,-54.2,788,29.6,14.2,seal_leak
EVA-0124,55,95,20,37.2,97,-55.1,768,29.6,14.7,seal_leak
EVA-0124,60,99,20,37.2,97,-54.7,717,29.6,15.0,seal_leak
EVA-0124,65,94,19,37.2,97,-54.9,861,29.6,13.9,seal_leak
EVA-0124,70,102,19,37.2,97,-59.0,826,29.6,14.8,seal_leak
EVA-0124,75,98,20,37.2,97,-56.5,801,29.6,14.0,seal_leak
EVA-0124,80,95,20,37.3,97,-58.1,858,29.7,17.3,seal_leak
EVA-0124,85,98,20,37.3,97,-59.5,852,29.6,15.4,seal_leak
EVA-0124,90,100,20,37.2,97,-58.8,921,29.6,16.4,seal_leak
EVA-0124,95,101,22,37.2,97,-58.0,873,29.5,17.0,seal_leak
EVA-0124,100,100,20,37.2,97,-57.5,843,29.5,15.7,seal_leak
EVA-0124,105,98,21,37.1,96,-61.3,875,29.2,17.7,seal_leak
EVA-0124,110,104,21,37.3,96,-59.4,839,29.1,21.1,seal_leak
EVA-0124,115,105,20,37.2,96,-58.2,843,28.8,19.9,seal_leak
EVA-0124,120,110,22,37.2,96,-58.8,880,28.6,23.2,seal_leak
EVA-0124,125,110,23,37.1,95,-65.6,777,28.3,25.3,seal_leak
EVA-0124,130,114,23,37.2,95,-59.2,784,28.1,27.0,seal_leak
EVA-0124,135,112,23,37.1,94,-61.1,796,27.9,28.1,seal_leak
EVA-0124,140,118,24,37.1,93,-65.5,796,27.5,32.4,seal_leak
EVA-0124,145,123,23,37.1,93,-64.0,844,27.3,31.1,seal_leak
EVA-0124,150,123,25,37.0,93,-62.0,741,26.8,34.1,seal_leak
EVA-0124,155,123,24,37.1,92,-63.4,785,26.5,35.8,seal_leak
EVA-0124,160,126,25,37.0,91,-64.9,759,26.2,39.4,seal_leak
EVA-0124,165,132,26,36.9,90,-64.5,831,25.8,43.9,seal_leak
EVA-0124,170,135,26,36.8,90,-64.3,794,25.4,47.3,seal_leak
EVA-0124,175,131,27,36.8,89,-66.0,764,25.0,49.7,seal_leak
EVA-0124,180,131,27,36.8,89,-65.8,780,24.7,48.9,seal_leak
EVA-0124,185,134,26,36.7,88,-64.9,696,24.3,52.7,seal_leak
EVA-0124,190,136,26,36.7,88,-67.1,795,23.8,54.3,seal_leak
EVA-0124,195,135,26,36.5,87,-68.2,695,23.4,58.9,seal_leak
EVA-0124,200,138,28,36.5,86,-67.6,751,22.9,64.1,seal_leak
EVA-0124,205,137,27,36.4,85,-68.1,719,22.5,66.8,seal_leak
EVA-0124,210,139,28,36.5,85,-68.0,701,22.0,67.2,seal_leak
EVA-0124,215,149,27,36.2,83,-69.5,718,21.5,71.2,seal_leak
EVA-0124,220,150,28,36.3,83,-67.4,701,21.0,70.6,seal_leak
EVA-0124,225,151,29,36.2,82,-66.8,665,20.5,74.0,seal_leak
EVA-0124,230,159,31,36.0,81,-68.9,641,20.0,79.2,seal_leak
EVA-0124,235,157,29,36.1,80,-68.9,644,19.4,75.6,seal_leak
EVA-0124,240,163,29,36.1,81,-68.4,627,19.0,78.0,seal_leak
EVA-0124,245,157,30,36.0,80,-69.4,627,18.4,78.2,seal_leak
EVA-0125,0,84,18,36.9,99,-49.5,793,29.6,7.3,nominal
EVA-0125,5,85,18,36.8,98,-47.3,753,29.6,7.7,nominal
EVA-0125,10,92,18,37.1,99,-43.1,849,29.5,7.9,nominal
EVA-0125,15,93,17,36.9,98,-42.4,836,29.6,7.8,nominal
EVA-0125,20,93,18,36.9,98,-41.2,858,29.7,7.9,nominal
EVA-0125,25,101,19,37.0,98,-39.7,794,29.7,9.7,nominal
EVA-0125,30,106,19,37.0,99,-37.9,865,29.6,11.3,nominal
EVA-0125,35,106,19,37.1,99,-34.1,951,29.6,11.5,nominal
EVA-0125,40,106,21,37.0,99,-32.2,881,29.6,12.3,nominal
EVA-0125,45,102,21,37.1,99,-31.9,887,29.7,13.3,nominal
EVA-0125,50,114,19,37.1,98,-36.0,884,29.6,14.0,nominal
EVA-0125,55,105,20,37.1,98,-34.3,846,29.6,11.9,nominal
EVA-0125,60,98,20,36.9,99,-31.2,883,29.7,10.9,nominal
EVA-0125,65,103,20,37.0,99,-31.3,907,29.6,11.0,nominal
EVA-0125,70,106,19,37.1,99,-31.3,887,29.6,11.5,nominal
EVA-0125,75,107,20,37.0,99,-30.3,906,29.6,12.3,nominal
EVA-0125,80,104,20,37.0,99,-31.1,880,29.6,11.2,nominal
EVA-0125,85,105,20,37.1,99,-33.3,970,29.6,12.7,nominal
EVA-0125,90,104,19,37.1,99,-36.5,1050,29.7,10.8,nominal
EVA-0125,95,107,20,37.1,99,-37.6,1020,29.5,12.3,nominal
EVA-0125,100,103,20,37.1,99,-37.8,1034,29.6,11.6,nominal
EVA-0125,105,100,19,37.0,99,-39.2,1097,29.6,9.2,nominal
EVA-0125,110,100,19,37.0,99,-43.2,1153,29.6,9.8,nominal
EVA-0125,115,93,18,37.0,99,-43.2,1194,29.6,7.7,nominal
EVA-0125,120,95,19,37.0,99,-48.5,1113,29.6,8.4,nominal
EVA-0125,125,91,17,37.0,99,-52.0,1108,29.6,6.6,nominal
EVA-0125,130,86,18,37.0,99,-52.4,1117,29.6,6.2,nominal
EVA-0125,135,82,17,36.9,99,-52.4,1176,29.6,5.5,nominal
EVA-0125,140,85,17,36.8,99,-54.8,1157,29.6,6.6,nominal
EVA-0125,145,83,17,36.9,99,-61.2,1172,29.6,4.7,nominal
EVA-0126,0,76,16,36.8,98,-75.6,827,29.6,5.3,heater_failure
EVA-0126,5,79,16,36.7,98,-77.5,827,29.6,6.5,heater_failure
EVA-0126,10,84,16,36.6,98,-75.9,970,29.6,8.4,heater_failure
EVA-0126,15,87,19,36.6,98,-76.0,858,29.6,12.6,heater_failure
EVA-0126,20,90,18,36.6,97,-74.6,840,29.6,13.1,heater_failure
EVA-0126,25,98,18,36.3,98,-77.3,852,29.6,17.2,heater_failure
EVA-0126,30,102,18,36.3,98,-77.2,966,29.7,17.8,heater_failure
EVA-0126,35,108,19,36.2,98,-77.9,886,29.5,20.8,heater_failure
EVA-0126,40,101,19,36.2,98,-76.7,924,29.5,20.1,heater_failure
EVA-0126,45,105,20,36.0,98,-77.3,939,29.6,24.8,heater_failure
EVA-0126,50,106,19,36.0,98,-76.0,1041,29.6,24.7,heater_failure
EVA-0126,55,110,19,35.7,98,-77.7,1102,29.7,28.0,heater_failure
EVA-0126,60,112,19,35.7,98,-76.5,1020,29.7,27.8,heater_failure
EVA-0126,65,112,18,35.6,98,-77.3,1103,29.6,29.8,heater_failure
EVA-0126,70,112,18,35.4,97,-79.1,986,29.6,33.3,heater_failure
EVA-0126,75,114,19,35.4,98,-76.0,1092,29.5,32.2,heater_failure
EVA-0126,80,98,16,35.0,98,-78.6,1174,29.6,32.8,heater_failure
EVA-0126,85,96,16,35.1,98,-76.5,1154,29.5,31.0,heater_failure
EVA-0126,90,85,14,34.9,98,-76.3,1233,29.5,28.1,heater_failure
EVA-0126,95,89,14,35.0,98,-75.9,1109,29.6,28.1,heater_failure
EVA-0126,100,81,13,34.8,97,-75.6,1198,29.6,27.6,heater_failure
EVA-0127,0,89,16,36.9,98,-61.7,571,29.6,7.2,nominal
EVA-0127,5,92,16,36.9,98,-60.9,541,29.5,6.4,nominal
EVA-0127,10,96,17,37.0,98,-59.7,552,29.7,8.0,nominal
EVA-0127,15,99,16,37.0,98,-59.8,569,29.6,7.8,nominal
EVA-0127,20,96,18,37.1,97,-59.1,511,29.6,9.9,nominal
EVA-0127,25,94,17,37.0,98,-59.5,574,29.7,8.1,nominal
EVA-0127,30,99,18,37.0,98,-61.5,596,29.6,9.7,nominal
EVA-0127,35,98,17,37.0,97,-63.9,590,29.6,9.3,nominal
EVA-0127,40,94,17,37.0,97,-60.4,577,29.6,8.2,nominal
EVA-0127,45,96,17,36.9,97,-60.1,603,29.6,8.9,nominal
EVA-0127,50,99,16,37.0,97,-61.5,564,29.6,8.3,nominal
EVA-0127,55,98,17,37.0,98,-60.9,654,29.7,8.2,nominal
EVA-0127,60,103,18,37.1,98,-63.4,572,29.6,10.5,nominal
EVA-0127,65,96,16,37.1,98,-63.1,610,29.6,7.7,nominal
EVA-0127,70,100,17,37.1,98,-64.4,687,29.5,10.8,nominal
EVA-0127,75,99,17,37.0,98,-63.0,680,29.6,8.7,nominal
EVA-0127,80,97,17,37.0,97,-65.6,655,29.6,11.6,nominal
EVA-0127,85,98,17,37.0,97,-62.7,610,29.6,9.5,nominal
EVA-0127,90,97,17,37.1,98,-66.5,696,29.6,9.7,nominal
EVA-0127,95,101,18,37.0,97,-65.7,679,29.6,10.7,nominal
EVA-0127,100,100,16,37.1,98,-68.0,740,29.6,8.8,nominal
EVA-0127,105,98,18,37.1,98,-66.6,705,29.6,10.3,nominal
EVA-0127,110,100,17,37.0,97,-67.4,660,29.5,10.0,nominal
EVA-0127,115,99,17,37.0,97,-70.1,687,29.6,10.0,nominal
EVA-0127,120,99,17,37.0,98,-70.2,740,29.6,9.2,nominal
EVA-0127,125,90,15,36.9,98,-69.7,774,29.6,5.7,nominal
EVA-0127,130,91,16,36.9,98,-71.7,727,29.6,6.8,nominal
EVA-0127,135,93,16,37.0,97,-73.9,756,29.6,8.4,nominal
EVA-0127,140,88,17,37.0,97,-73.4,836,29.6,7.1,nominal
EVA-0127,145,83,15,37.0,97,-75.1,860,29.6,4.2,nominal
EVA-0127,150,86,16,36.9,97,-74.7,833,29.6,7.5,nominal
EVA-0127,155,85,14,36.9,97,-76.5,818,29.7,5.3,nominal
EVA-0127,160,82,15,36.9,97,-75.7,813,29.5,5.6,nominal
EVA-0127,165,79,14,36.8,97,-78.8,876,29.6,5.5,nominal
EVA-0127,170,86,14,36.8,97,-78.5,847,29.6,5.7,nominal
EVA-0127,175,77,13,36.8,98,-78.6,913,29.6,3.5,nominal
EVA-0127,180,79,13,36.9,97,-78.3,926,29.5,4.2,nominal
EVA-0127,185,79,14,36.9,97,-80.2,911,29.5,4.8,nominal
EVA-0127,190,73,15,36.8,98,-79.8,880,29.6,3.6,nominal
EVA-0127,195,82,15,36.8,98,-78.0,894,29.5,4.5,nominal
EVA-0127,200,79,14,36.8,98,-78.1,849,29.6,3.8,nominal
EVA-0127,205,78,14,36.9,98,-82.3,931,29.6,3.1,nominal
EVA-0128,0,88,17,36.8,98,-76.3,590,29.6,8.0,nominal
EVA-0128,5,86,17,36.9,98,-76.9,578,29.6,5.9,nominal
EVA-0128,10,89,18,36.8,98,-74.9,534,29.6,10.5,nominal
EVA-0128,15,92,19,36.9,98,-71.6,618,29.6,9.2,nominal
EVA-0128,20,93,18,36.9,98,-71.8,658,29.5,8.6,nominal
EVA-0128,25,98,21,37.0,98,-74.9,687,29.6,11.1,nominal
EVA-0128,30,104,19,37.0,98,-70.0,535,29.6,10.5,nominal
EVA-0128,35,103,21,37.0,98,-66.5,621,29.6,12.0,nominal
EVA-0128,40,107,19,37.1,98,-66.3,602,29.6,13.4,nominal
EVA-0128,45,111,21,37.1,98,-63.5,644,29.6,15.2,nominal
EVA-0128,50,113,22,37.1,98,-62.7,746,29.7,16.8,nominal
EVA-0128,55,110,22,37.0,98,-60.0,661,29.5,15.3,nominal
EVA-0128,60,113,22,37.1,98,-58.1,682,29.6,16.6,nominal
EVA-0128,65,108,22,37.1,98,-56.8,676,29.6,16.1,nominal
EVA-0128,70,116,23,37.1,98,-53.2,797,29.6,17.7,nominal
EVA-0128,75,114,23,36.9,97,-49.9,630,29.6,17.7,nominal
EVA-0128,80,116,23,37.1,98,-49.1,718,29.6,18.6,nominal
EVA-0128,85,111,22,37.1,97,-47.2,715,29.6,17.1,nominal
EVA-0128,90,117,23,37.2,98,-46.2,686,29.6,19.1,nominal
EVA-0128,95,120,21,37.1,98,-41.9,823,29.6,17.1,nominal
EVA-0128,100,116,22,37.1,98,-41.6,702,29.6,17.2,nominal
EVA-0128,105,115,22,37.0,98,-38.3,773,29.7,15.4,nominal
EVA-0128,110,113,23,37.0,97,-36.1,800,29.5,17.5,nominal
EVA-0128,115,112,22,37.2,98,-34.0,780,29.6,17.9,nominal
EVA-0128,120,116,22,37.0,97,-32.2,745,29.5,17.2,nominal
EVA-0128,125,108,22,37.0,98,-30.6,826,29.6,13.8,nominal
EVA-0128,130,109,21,37.0,98,-31.8,809,29.6,13.4,nominal
EVA-0128,135,111,20,37.1,98,-29.9,890,29.6,14.2,nominal
EVA-0128,140,110,20,37.1,98,-29.3,887,29.6,13.8,nominal
EVA-0128,145,106,21,37.1,98,-28.4,961,29.6,14.0,nominal
EVA-0128,150,108,21,37.0,98,-23.9,888,29.6,14.0,nominal
EVA-0128,155,105,20,36.9,97,-26.2,920,29.6,14.3,nominal
EVA-0128,160,104,21,37.0,98,-25.8,887,29.6,13.4,nominal
EVA-0128,165,102,21,37.0,98,-24.1,991,29.6,12.5,nominal
EVA-0128,170,103,21,37.0,97,-24.8,924,29.6,13.8,nominal
EVA-0128,175,102,20,37.0,98,-21.1,929,29.6,12.4,nominal
EVA-0128,180,97,19,37.0,98,-24.3,968,29.6,9.3,nominal
EVA-0128,185,99,18,36.9,98,-23.8,924,29.5,10.1,nominal
EVA-0128,190,97,18,36.9,98,-25.8,941,29.6,10.5,nominal
EVA-0128,195,97,18,36.8,98,-27.6,998,29.6,10.1,nominal
EVA-0128,200,88,18,36.9,98,-27.3,1016,29.7,7.8,nominal
EVA-0128,205,91,19,36.9,97,-28.4,1020,29.5,11.4,nominal
EVA-0128,210,87,18,36.9,98,-29.6,1000,29.6,6.9,nominal
EVA-0129,0,83,16,36.8,98,-65.9,705,29.6,6.1,scrubber_exhaustion
EVA-0129,5,81,14,36.8,98,-63.8,747,29.6,4.8,scrubber_exhaustion
EVA-0129,10,86,16,36.9,97,-62.1,721,29.5,6.7,scrubber_exhaustion
EVA-0129,15,86,14,36.9,98,-60.7,714,29.6,4.4,scrubber_exhaustion
EVA-0129,20,93,17,36.9,97,-59.2,747,29.5,9.4,scrubber_exhaustion
EVA-0129,25,90,18,36.9,98,-57.3,757,29.6,8.7,scrubber_exhaustion
EVA-0129,30,94,17,36.9,98,-58.8,787,29.6,9.9,scrubber_exhaustion
EVA-0129,35,91,17,37.0,97,-56.1,763,29.6,7.4,scrubber_exhaustion
EVA-0129,40,92,17,36.9,97,-56.4,714,29.6,7.9,scrubber_exhaustion
EVA-0129,45,94,17,37.0,98,-57.6,719,29.6,6.8,scrubber_exhaustion
EVA-0129,50,95,18,36.9,98,-55.5,818,29.6,9.2,scrubber_exhaustion
EVA-0129,55,99,18,36.9,98,-54.6,759,29.6,9.8,scrubber_exhaustion
EVA-0129,60,98,19,37.0,98,-55.3,853,29.6,10.6,scrubber_exhaustion
EVA-0129,65,101,18,37.0,98,-55.1,895,29.6,10.0,scrubber_exhaustion
EVA-0129,70,102,19,37.0,98,-54.8,837,29.6,11.6,scrubber_exhaustion
EVA-0129,75,103,19,37.0,98,-53.8,914,29.7,10.1,scrubber_exhaustion
EVA-0129,80,102,19,37.0,98,-54.0,883,29.6,11.0,scrubber_exhaustion
EVA-0129,85,98,19,36.9,98,-51.4,885,29.5,10.9,scrubber_exhaustion
EVA-0129,90,99,17,37.1,98,-55.8,928,29.6,10.2,scrubber_exhaustion
EVA-0129,95,102,18,36.9,97,-52.8,985,29.6,12.2,scrubber_exhaustion
EVA-0129,100,99,19,37.0,98,-52.4,1137,29.6,10.3,scrubber_exhaustion
EVA-0129,105,104,18,37.0,97,-54.4,1328,29.6,12.0,scrubber_exhaustion
EVA-0129,110,104,19,37.0,98,-53.8,1656,29.5,11.3,scrubber_exhaustion
EVA-0129,115,104,20,37.1,97,-54.3,2139,29.6,14.4,scrubber_exhaustion
EVA-0129,120,106,20,37.1,97,-54.4,2397,29.6,15.7,scrubber_exhaustion
EVA-0129,125,110,22,37.2,97,-54.1,2901,29.6,18.9,scrubber_exhaustion
EVA-0129,130,111,23,37.2,97,-54.8,3478,29.6,20.6,scrubber_exhaustion
EVA-0129,135,112,24,37.3,97,-56.8,4111,29.6,23.6,scrubber_exhaustion
EVA-0129,140,119,25,37.3,96,-58.6,4859,29.6,26.8,scrubber_exhaustion
EVA-0129,145,119,29,37.4,97,-57.4,5594,29.6,30.7,scrubber_exhaustion
EVA-0129,150,127,29,37.5,97,-59.3,6459,29.5,34.6,scrubber_exhaustion
EVA-0129,155,141,32,37.7,96,-60.0,7350,29.6,43.9,scrubber_exhaustion
EVA-0129,160,146,34,37.7,96,-60.0,8361,29.6,45.3,scrubber_exhaustion
EVA-0129,165,148,35,37.8,96,-61.8,9448,29.6,48.9,scrubber_exhaustion
EVA-0129,170,157,38,37.9,96,-61.9,10588,29.6,52.4,scrubber_exhaustion
EVA-0130,0,76,19,36.9,98,-29.6,610,29.6,6.0,nominal
EVA-0130,5,85,20,37.0,98,-30.5,531,29.6,8.6,nominal
EVA-0130,10,86,20,37.0,98,-32.1,593,29.6,8.0,nominal
EVA-0130,15,92,21,37.0,98,-32.9,654,29.6,10.8,nominal
EVA-0130,20,92,22,37.1,98,-32.3,593,29.6,12.8,nominal
EVA-0130,25,101,22,37.1,98,-40.9,701,29.6,14.8,nominal
EVA-0130,30,97,22,37.1,97,-38.9,691,29.5,15.8,nominal
EVA-0130,35,108,24,37.2,98,-39.7,763,29.6,17.9,nominal
EVA-0130,40,106,23,37.2,98,-44.1,752,29.5,18.6,nominal
EVA-0130,45,105,23,37.2,98,-45.2,738,29.6,16.4,nominal
EVA-0130,50,107,23,37.2,97,-46.9,777,29.6,19.9,nominal
EVA-0130,55,100,22,37.1,98,-51.1,800,29.6,14.1,nominal
EVA-0130,60,106,21,37.2,98,-54.0,900,29.6,15.0,nominal
EVA-0130,65,101,21,37.1,97,-54.4,833,29.7,14.8,nominal
EVA-0130,70,99,22,37.1,98,-57.1,844,29.6,13.5,nominal
EVA-0130,75,92,22,37.1,98,-59.9,863,29.6,11.5,nominal
EVA-0130,80,92,23,37.1,98,-61.0,901,29.6,13.9,nominal
EVA-0130,85,86,20,37.1,98,-62.3,863,29.6,9.6,nominal
EVA-0130,90,87,19,37.0,98,-65.0,917,29.6,7.7,nominal
EVA-0130,95,82,20,37.0,98,-65.8,910,29.7,7.4,nominal
EVA-0130,100,96,20,37.0,97,-66.6,937,29.7,11.5,nominal
EVA-0131,0,85,17,37.0,98,-75.4,581,29.5,5.0,scrubber_exhaustion
EVA-0131,5,91,16,37.0,98,-73.5,657,29.6,6.1,scrubber_exhaustion
EVA-0131,10,92,16,37.0,98,-74.9,634,29.6,5.9,scrubber_exhaustion
EVA-0131,15,92,17,37.0,97,-76.3,619,29.6,8.1,scrubber_exhaustion
EVA-0131,20,93,19,37.1,97,-77.6,636,29.6,10.3,scrubber_exhaustion
EVA-0131,25,100,18,37.2,97,-79.6,590,29.7,13.4,scrubber_exhaustion
EVA-0131,30,102,18,37.1,97,-81.1,553,29.6,11.4,scrubber_exhaustion
EVA-0131,35,103,18,37.0,97,-82.7,640,29.5,11.4,scrubber_exhaustion
EVA-0131,40,104,19,37.1,97,-80.8,666,29.6,12.9,scrubber_exhaustion
EVA-0131,45,106,19,37.1,97,-83.7,710,29.6,14.8,scrubber_exhaustion
EVA-0131,50,105,19,37.2,98,-86.7,701,29.6,13.5,scrubber_exhaustion
EVA-0131,55,112,20,37.2,98,-85.7,726,29.6,16.3,scrubber_exhaustion
EVA-0131,60,111,21,37.3,98,-89.2,670,29.6,17.1,scrubber_exhaustion
EVA-0131,65,109,21,37.2,98,-87.3,900,29.7,17.3,scrubber_exhaustion
EVA-0131,70,117,21,37.2,98,-88.3,978,29.6,18.2,scrubber_exhaustion
EVA-0131,75,116,21,37.2,98,-90.0,1116,29.6,18.3,scrubber_exhaustion
EVA-0131,80,120,21,37.2,97,-91.2,1211,29.6,21.0,scrubber_exhaustion
EVA-0131,85,125,22,37.3,97,-90.2,1410,29.6,24.2,scrubber_exhaustion
EVA-0131,90,123,22,37.3,97,-91.6,1503,29.6,22.6,scrubber_exhaustion
EVA-0131,95,129,24,37.4,97,-94.5,1714,29.7,26.9,scrubber_exhaustion
EVA-0131,100,124,24,37.4,98,-91.3,1935,29.6,24.6,scrubber_exhaustion
EVA-0131,105,123,23,37.4,97,-94.4,2183,29.6,24.8,scrubber_exhaustion
EVA-0131,110,131,24,37.5,97,-95.0,2421,29.6,28.3,scrubber_exhaustion
EVA-0131,115,130,26,37.5,97,-92.6,2693,29.6,32.0,scrubber_exhaustion
EVA-0131,120,130,26,37.5,97,-93.3,2974,29.6,30.7,scrubber_exhaustion
EVA-0131,125,133,26,37.5,97,-95.0,3264,29.5,31.9,scrubber_exhaustion
EVA-0131,130,132,28,37.5,97,-95.0,3646,29.7,32.3,scrubber_exhaustion
EVA-0131,135,134,27,37.5,97,-95.0,3883,29.6,34.3,scrubber_exhaustion
EVA-0131,140,142,27,37.7,97,-95.0,4304,29.6,36.1,scrubber_exhaustion
EVA-0131,145,140,28,37.6,97,-94.2,4799,29.7,36.5,scrubber_exhaustion
EVA-0131,150,139,30,37.6,96,-94.1,5114,29.6,39.6,scrubber_exhaustion
EVA-0131,155,148,32,37.6,97,-95.0,5579,29.5,42.6,scrubber_exhaustion
EVA-0131,160,146,32,37.7,97,-94.7,6105,29.5,43.3,scrubber_exhaustion
EVA-0131,165,144,32,37.7,96,-95.0,6519,29.6,43.5,scrubber_exhaustion
EVA-0131,170,150,33,37.8,96,-95.0,6990,29.6,48.2,scrubber_exhaustion
EVA-0131,175,154,34,37.8,96,-95.0,7607,29.7,48.7,scrubber_exhaustion
EVA-0131,180,154,34,37.9,96,-94.2,8087,29.6,50.0,scrubber_exhaustion
EVA-0131,185,160,37,37.9,96,-93.1,8660,29.5,53.5,scrubber_exhaustion
EVA-0131,190,167,38,38.1,96,-94.3,9172,29.7,57.1,scrubber_exhaustion
EVA-0131,195,176,40,38.1,96,-91.8,9869,29.6,59.5,scrubber_exhaustion
EVA-0131,200,180,41,38.2,95,-93.1,10541,29.6,61.7,scrubber_exhaustion
EVA-0132,0,86,17,37.2,97,-78.5,522,29.6,9.4,seal_leak
EVA-0132,5,86,17,37.1,97,-77.7,549,29.6,9.1,seal_leak
EVA-0132,10,90,17,37.1,98,-80.0,470,29.7,8.6,seal_leak
EVA-0132,15,84,18,37.2,97,-79.7,503,29.7,10.5,seal_leak
EVA-0132,20,93,18,37.3,97,-83.1,603,29.6,13.4,seal_leak
EVA-0132,25,91,17,37.2,97,-83.8,515,29.6,10.2,seal_leak
EVA-0132,30,93,17,37.1,97,-81.6,588,29.6,9.9,seal_leak
EVA-0132,35,90,19,37.2,97,-81.0,568,29.6,12.4,seal_leak
EVA-0132,40,93,18,37.2,97,-80.3,573,29.6,13.7,seal_leak
EVA-0132,45,97,18,37.4,97,-81.6,626,29.6,16.0,seal_leak
EVA-0132,50,93,18,37.3,97,-80.9,632,29.6,12.1,seal_leak
EVA-0132,55,91,17,37.2,97,-79.9,663,29.5,10.8,seal_leak
EVA-0132,60,90,17,37.2,97,-80.6,597,29.6,11.0,seal_leak
EVA-0132,65,96,19,37.3,97,-79.2,616,29.6,14.9,seal_leak
EVA-0132,70,95,18,37.2,97,-80.6,714,29.6,14.2,seal_leak
EVA-0132,75,96,19,37.3,97,-80.5,662,29.5,14.9,seal_leak
EVA-0132,80,97,19,37.3,97,-78.3,697,29.6,14.4,seal_leak
EVA-0132,85,96,18,37.3,97,-75.8,667,29.6,14.1,seal_leak
EVA-0132,90,102,20,37.3,97,-76.5,718,29.6,17.8,seal_leak
EVA-0132,95,103,18,37.4,97,-73.8,594,29.6,14.7,seal_leak
EVA-0132,100,100,19,37.4,98,-74.6,766,29.6,15.0,seal_leak
EVA-0132,105,99,20,37.3,97,-72.7,702,29.6,18.0,seal_leak
EVA-0132,110,105,19,37.3,97,-70.4,669,29.5,16.9,seal_leak
EVA-0132,115,93,17,37.2,97,-70.1,675,29.5,11.3,seal_leak
EVA-0132,120,102,18,37.2,97,-68.4,707,29.3,14.9,seal_leak
EVA-0132,125,100,19,37.2,96,-69.4,710,29.0,17.7,seal_leak
EVA-0132,130,105,20,37.2,96,-63.7,716,28.8,19.2,seal_leak
EVA-0132,135,104,20,37.2,95,-63.2,657,28.6,20.8,seal_leak
EVA-0132,140,106,20,37.2,95,-62.5,736,28.3,22.0,seal_leak
EVA-0132,145,107,21,37.1,95,-57.5,675,27.9,21.5,seal_leak
EVA-0132,150,108,21,37.0,94,-59.0,669,27.7,23.6,seal_leak
EVA-0132,155,107,21,37.0,93,-57.0,677,27.3,25.1,seal_leak
EVA-0132,160,118,22,37.1,93,-55.8,705,26.9,31.2,seal_leak
EVA-0132,165,115,21,37.0,92,-51.6,673,26.6,30.4,seal_leak
EVA-0132,170,113,22,36.8,92,-49.6,648,26.1,34.4,seal_leak
EVA-0132,175,114,21,36.9,91,-48.0,650,25.7,35.1,seal_leak
EVA-0132,180,120,22,36.7,90,-46.4,697,25.3,41.6,seal_leak
EVA-0132,185,115,22,36.8,89,-47.1,683,24.8,41.4,seal_leak
EVA-0132,190,118,23,36.6,88,-42.9,652,24.3,46.6,seal_leak
EVA-0132,195,125,24,36.6,87,-43.6,637,23.9,52.5,seal_leak
EVA-0132,200,126,25,36.6,87,-43.8,698,23.4,56.1,seal_leak
EVA-0132,205,125,23,36.5,86,-41.1,631,22.8,56.1,seal_leak
EVA-0132,210,133,25,36.3,85,-38.9,613,22.3,64.6,seal_leak
EVA-0132,215,132,25,36.4,85,-38.8,593,21.8,64.5,seal_leak
EVA-0132,220,133,24,36.2,84,-36.7,601,21.2,66.1,seal_leak
EVA-0132,225,140,26,36.1,83,-35.2,495,20.7,69.4,seal_leak
EVA-0132,230,143,25,36.0,82,-34.4,600,20.0,70.4,seal_leak
EVA-0132,235,143,26,36.0,81,-33.2,528,19.4,71.7,seal_leak
EVA-0132,240,145,23,36.0,81,-33.5,533,18.8,70.3,seal_leak
EVA-0132,245,144,26,36.1,80,-33.5,506,18.2,71.6,seal_leak
EVA-0132,250,145,25,36.0,81,-33.8,513,17.6,70.2,seal_leak
EVA-0133,0,93,15,37.0,98,-57.5,669,29.6,5.4,nominal
EVA-0133,5,96,15,37.0,98,-57.1,668,29.6,6.0,nominal
EVA-0133,10,89,13,37.1,98,-60.1,733,29.6,4.6,nominal
EVA-0133,15,97,15,37.1,98,-61.8,692,29.7,7.9,nominal
EVA-0133,20,98,17,37.2,98,-59.6,680,29.6,10.3,nominal
EVA-0133,25,107,16,37.1,97,-63.5,786,29.6,11.6,nominal
EVA-0133,30,100,17,37.2,98,-64.1,742,29.6,11.6,nominal
EVA-0133,35,107,18,37.2,98,-63.8,739,29.5,13.8,nominal
EVA-0133,40,107,18,37.2,98,-65.2,834,29.6,12.8,nominal
EVA-0133,45,109,17,37.2,98,-64.3,878,29.6,11.9,nominal
EVA-0133,50,107,17,37.2,98,-64.9,841,29.6,13.3,nominal
EVA-0133,55,109,19,37.2,97,-64.9,806,29.6,14.4,nominal
EVA-0133,60,111,19,37.2,98,-66.2,940,29.6,14.2,nominal
EVA-0133,65,113,17,37.3,98,-67.2,906,29.6,13.6,nominal
EVA-0133,70,111,19,37.3,98,-65.8,919,29.6,15.2,nominal
EVA-0133,75,109,17,37.2,97,-65.2,910,29.5,13.8,nominal
EVA-0133,80,106,17,37.2,98,-63.3,998,29.6,12.2,nominal
EVA-0133,85,101,17,37.1,98,-63.9,916,29.7,10.1,nominal
EVA-0133,90,104,18,37.1,98,-63.8,931,29.6,10.2,nominal
EVA-0133,95,99,16,37.1,98,-62.4,1089,29.6,7.7,nominal
EVA-0133,100,93,16,37.1,98,-59.5,984,29.6,7.9,nominal
EVA-0133,105,92,16,37.1,98,-57.9,1085,29.6,6.0,nominal
EVA-0133,110,92,15,37.1,98,-58.1,1123,29.6,5.7,nominal
EVA-0134,0,78,17,36.8,98,-37.4,857,29.6,6.3,scrubber_exhaustion
EVA-0134,5,76,17,36.9,98,-40.5,798,29.6,4.8,scrubber_exhaustion
EVA-0134,10,80,19,36.8,98,-41.0,922,29.6,8.2,scrubber_exhaustion
EVA-0134,15,77,18,36.9,97,-39.9,904,29.6,7.2,scrubber_exhaustion
EVA-0134,20,80,18,36.8,98,-42.4,910,29.7,8.0,scrubber_exhaustion
EVA-0134,25,79,19,36.8,98,-43.2,844,29.6,8.2,scrubber_exhaustion
EVA-0134,30,86,19,36.9,98,-47.1,903,29.5,7.9,scrubber_exhaustion
EVA-0134,35,82,19,36.9,98,-47.5,916,29.6,6.9,scrubber_exhaustion
EVA-0134,40,90,20,37.0,97,-47.9,800,29.6,10.6,scrubber_exhaustion
EVA-0134,45,87,19,36.9,98,-49.8,922,29.6,8.7,scrubber_exhaustion
EVA-0134,50,84,19,37.0,98,-52.6,951,29.6,7.8,scrubber_exhaustion
EVA-0134,55,86,20,37.0,97,-51.6,868,29.6,9.5,scrubber_exhaustion
EVA-0134,60,90,21,37.0,97,-52.6,971,29.6,10.9,scrubber_exhaustion
EVA-0134,65,92,23,37.0,98,-55.7,971,29.6,13.2,scrubber_exhaustion
EVA-0134,70,93,20,37.0,98,-55.8,1060,29.6,10.3,scrubber_exhaustion
EVA-0134,75,87,21,36.9,98,-55.7,1021,29.6,9.8,scrubber_exhaustion
EVA-0134,80,94,21,37.0,98,-57.7,1099,29.6,10.9,scrubber_exhaustion
EVA-0134,85,87,21,36.9,98,-61.2,1169,29.6,9.8,scrubber_exhaustion
EVA-0134,90,86,20,37.0,98,-63.6,1101,29.7,9.6,scrubber_exhaustion
EVA-0134,95,87,22,37.0,98,-63.3,1295,29.6,10.2,scrubber_exhaustion
EVA-0134,100,93,21,37.0,97,-62.1,1410,29.6,12.5,scrubber_exhaustion
EVA-0134,105,83,21,37.0,98,-64.6,1407,29.6,8.4,scrubber_exhaustion
EVA-0134,110,89,20,37.0,98,-67.5,1660,29.6,8.7,scrubber_exhaustion
EVA-0134,115,92,22,37.0,98,-66.8,1763,29.6,10.9,scrubber_exhaustion
EVA-0134,120,89,22,37.0,97,-68.5,1903,29.6,12.3,scrubber_exhaustion
EVA-0134,125,100,22,37.2,98,-73.3,2084,29.7,15.1,scrubber_exhaustion
EVA-0134,130,93,22,37.1,97,-70.8,2197,29.6,14.6,scrubber_exhaustion
EVA-0134,135,94,23,37.0,98,-73.0,2392,29.6,13.5,scrubber_exhaustion
EVA-0134,140,99,24,37.2,97,-75.2,2617,29.6,18.1,scrubber_exhaustion
EVA-0134,145,96,24,37.2,98,-75.0,2779,29.6,17.2,scrubber_exhaustion
EVA-0134,150,97,24,37.1,97,-75.5,2905,29.6,17.7,scrubber_exhaustion
EVA-0134,155,96,24,37.1,97,-77.7,3213,29.6,18.1,scrubber_exhaustion
EVA-0134,160,97,25,37.2,97,-77.6,3449,29.6,18.8,scrubber_exhaustion
EVA-0134,165,101,25,37.3,97,-78.6,3734,29.6,20.5,scrubber_exhaustion
EVA-0134,170,100,26,37.3,97,-77.8,3937,29.5,21.5,scrubber_exhaustion
EVA-0134,175,97,26,37.3,97,-79.7,4181,29.6,21.1,scrubber_exhaustion
EVA-0134,180,107,27,37.3,98,-81.8,4465,29.6,23.8,scrubber_exhaustion
EVA-0134,185,107,28,37.4,97,-80.7,4870,29.7,26.7,scrubber_exhaustion
EVA-0134,190,107,29,37.3,96,-81.7,5127,29.6,28.7,scrubber_exhaustion
EVA-0134,195,109,29,37.3,97,-82.3,5498,29.7,28.9,scrubber_exhaustion
EVA-0134,200,111,29,37.5,97,-79.5,5838,29.6,31.1,scrubber_exhaustion
EVA-0134,205,111,31,37.4,97,-80.1,6081,29.6,30.7,scrubber_exhaustion
EVA-0134,210,118,29,37.4,97,-82.2,6437,29.6,31.4,scrubber_exhaustion
EVA-0134,215,113,32,37.6,97,-82.5,6840,29.6,35.2,scrubber_exhaustion
EVA-0134,220,118,31,37.5,97,-81.0,7257,29.6,34.4,scrubber_exhaustion
EVA-0134,225,113,33,37.6,97,-82.2,7563,29.6,36.0,scrubber_exhaustion
EVA-0134,230,118,33,37.6,97,-80.6,8056,29.6,37.8,scrubber_exhaustion
EVA-0134,235,117,34,37.6,96,-79.9,8476,29.7,40.2,scrubber_exhaustion
EVA-0134,240,129,36,37.8,96,-79.2,8843,29.5,45.2,scrubber_exhaustion
EVA-0134,245,124,35,37.8,96,-78.6,9292,29.6,45.0,scrubber_exhaustion
EVA-0134,250,134,36,37.8,96,-79.4,9822,29.6,46.7,scrubber_exhaustion
EVA-0134,255,143,39,37.9,96,-77.7,10369,29.6,50.5,scrubber_exhaustion
EVA-0134,260,144,40,37.9,96,-75.6,10749,29.6,50.0,scrubber_exhaustion
EVA-0135,0,87,18,37.1,98,-44.4,517,29.6,7.8,seal_leak
EVA-0135,5,87,17,37.1,98,-42.0,568,29.6,7.6,seal_leak
EVA-0135,10,90,17,37.2,98,-42.7,586,29.6,9.2,seal_leak
EVA-0135,15,94,18,37.1,98,-41.6,568,29.7,9.2,seal_leak
EVA-0135,20,92,18,37.1,98,-40.0,583,29.6,8.9,seal_leak
EVA-0135,25,97,20,37.2,97,-37.3,621,29.6,13.0,seal_leak
EVA-0135,30,101,20,37.2,98,-36.6,620,29.6,14.1,seal_leak
EVA-0135,35,98,21,37.2,98,-37.1,619,29.6,14.4,seal_leak
EVA-0135,40,100,19,37.4,98,-32.3,613,29.7,14.9,seal_leak
EVA-0135,45,95,19,37.3,98,-31.5,605,29.6,13.1,seal_leak
EVA-0135,50,100,20,37.3,98,-30.0,649,29.6,15.1,seal_leak
EVA-0135,55,105,19,37.2,98,-28.7,642,29.7,14.5,seal_leak
EVA-0135,60,102,20,37.3,98,-29.2,743,29.6,14.4,seal_leak
EVA-0135,65,103,20,37.2,98,-28.4,703,29.6,14.9,seal_leak
EVA-0135,70,99,20,37.3,98,-26.9,634,29.6,14.2,seal_leak
EVA-0135,75,103,19,37.3,98,-29.1,621,29.6,14.1,seal_leak
EVA-0135,80,102,20,37.2,97,-27.7,664,29.6,15.6,seal_leak
EVA-0135,85,107,20,37.3,98,-27.1,642,29.6,16.7,seal_leak
EVA-0135,90,110,20,37.2,98,-25.9,671,29.5,16.4,seal_leak
EVA-0135,95,103,20,37.2,98,-27.7,647,29.4,15.3,seal_leak
EVA-0135,100,98,20,37.2,97,-28.1,674,29.3,13.9,seal_leak
EVA-0135,105,103,21,37.2,97,-28.2,672,29.1,18.3,seal_leak
EVA-0135,110,109,20,37.3,96,-27.6,689,28.9,19.5,seal_leak
EVA-0135,115,105,21,37.2,96,-28.9,672,28.6,18.9,seal_leak
EVA-0135,120,110,22,37.2,96,-31.3,641,28.4,22.4,seal_leak
EVA-0135,125,113,22,37.0,95,-32.0,723,28.1,22.5,seal_leak
EVA-0135,130,115,21,37.2,95,-31.4,687,27.8,25.5,seal_leak
EVA-0135,135,122,22,37.0,94,-32.4,646,27.4,27.8,seal_leak
EVA-0135,140,122,23,37.1,94,-33.9,629,27.2,28.8,seal_leak
EVA-0135,145,118,22,37.1,93,-35.8,604,26.8,28.8,seal_leak
EVA-0135,150,133,25,36.9,93,-35.7,598,26.4,37.2,seal_leak
EVA-0135,155,124,23,36.9,92,-37.7,687,26.2,35.2,seal_leak
EVA-0135,160,121,23,36.9,92,-39.3,678,25.7,35.7,seal_leak
EVA-0135,165,125,25,36.9,91,-40.8,619,25.3,41.1,seal_leak
EVA-0135,170,127,25,36.8,90,-41.0,680,24.9,44.5,seal_leak
EVA-0135,175,129,25,36.8,90,-45.8,648,24.5,46.3,seal_leak
EVA-0135,180,134,25,36.6,89,-46.8,628,24.0,51.7,seal_leak
EVA-0135,185,128,27,36.6,88,-48.4,643,23.5,53.0,seal_leak
EVA-0135,190,137,26,36.5,87,-48.1,628,23.1,58.6,seal_leak
EVA-0135,195,139,27,36.4,86,-51.8,607,22.6,62.6,seal_leak
EVA-0135,200,138,26,36.4,86,-53.9,588,22.1,64.3,seal_leak
EVA-0135,205,148,27,36.3,85,-54.7,584,21.6,70.5,seal_leak
EVA-0135,210,145,28,36.2,84,-55.9,534,21.1,71.2,seal_leak
EVA-0135,215,149,29,36.1,83,-56.1,550,20.6,74.1,seal_leak
EVA-0135,220,156,27,36.1,82,-59.4,613,20.1,74.1,seal_leak
EVA-0135,225,156,28,36.1,81,-61.0,534,19.5,75.0,seal_leak
EVA-0135,230,154,29,36.1,81,-62.5,499,19.0,76.3,seal_leak
EVA-0135,235,153,28,36.0,81,-62.9,561,18.4,75.5,seal_leak
EVA-0135,240,158,28,35.9,82,-60.4,535,17.9,77.0,seal_leak
EVA-0136,0,84,15,37.0,97,-41.2,720,29.6,5.8,scrubber_exhaustion
EVA-0136,5,87,15,36.9,98,-39.8,689,29.6,5.2,scrubber_exhaustion
EVA-0136,10,95,17,37.0,98,-42.1,692,29.6,7.5,scrubber_exhaustion
EVA-0136,15,93,17,37.0,97,-40.8,753,29.6,8.5,scrubber_exhaustion
EVA-0136,20,95,18,37.0,97,-42.1,750,29.6,9.1,scrubber_exhaustion
EVA-0136,25,92,18,37.1,97,-42.6,810,29.7,11.3,scrubber_exhaustion
EVA-0136,30,100,17,37.1,98,-44.9,816,29.7,10.4,scrubber_exhaustion
EVA-0136,35,97,17,37.1,97,-46.0,774,29.5,11.3,scrubber_exhaustion
EVA-0136,40,102,17,37.1,98,-46.3,801,29.6,10.4,scrubber_exhaustion
EVA-0136,45,103,18,37.1,98,-45.8,723,29.6,11.8,scrubber_exhaustion
EVA-0136,50,105,19,37.1,98,-47.2,826,29.6,13.3,scrubber_exhaustion
EVA-0136,55,106,20,37.2,98,-47.3,821,29.6,14.2,scrubber_exhaustion
EVA-0136,60,105,18,37.2,98,-49.5,853,29.6,12.8,scrubber_exhaustion
EVA-0136,65,103,19,37.1,98,-48.9,804,29.6,12.6,scrubber_exhaustion
EVA-0136,70,103,20,37.1,98,-47.9,812,29.6,13.6,scrubber_exhaustion
EVA-0136,75,104,18,37.1,97,-49.8,820,29.6,12.7,scrubber_exhaustion
EVA-0136,80,115,19,37.2,98,-50.3,906,29.6,15.3,scrubber_exhaustion
EVA-0136,85,109,18,37.2,97,-50.8,862,29.6,14.7,scrubber_exhaustion
EVA-0136,90,104,20,37.1,98,-52.5,789,29.5,13.8,scrubber_exhaustion
EVA-0136,95,111,19,37.2,98,-50.4,894,29.5,15.0,scrubber_exhaustion
EVA-0136,100,107,20,37.2,97,-52.4,851,29.6,16.2,scrubber_exhaustion
EVA-0136,105,108,19,37.1,97,-53.1,929,29.6,14.9,scrubber_exhaustion
EVA-0136,110,108,20,37.2,97,-52.9,912,29.6,16.3,scrubber_exhaustion
EVA-0136,115,114,20,37.2,98,-53.0,951,29.7,15.7,scrubber_exhaustion
EVA-0136,120,110,19,37.2,97,-55.9,950,29.5,15.4,scrubber_exhaustion
EVA-0136,125,112,19,37.2,97,-54.7,963,29.5,16.4,scrubber_exhaustion
EVA-0136,130,111,20,37.1,98,-52.3,1007,29.6,15.4,scrubber_exhaustion
EVA-0136,135,104,18,37.1,97,-53.3,1046,29.5,14.5,scrubber_exhaustion
EVA-0136,140,109,20,37.2,97,-55.6,1051,29.6,16.5,scrubber_exhaustion
EVA-0136,145,109,19,37.2,98,-54.8,1123,29.6,14.3,scrubber_exhaustion
EVA-0136,150,105,20,37.2,97,-56.2,1249,29.6,15.6,scrubber_exhaustion
EVA-0136,155,107,20,37.2,97,-55.4,1453,29.6,15.1,scrubber_exhaustion
EVA-0136,160,110,19,37.1,98,-56.5,1474,29.6,14.0,scrubber_exhaustion
EVA-0136,165,117,20,37.3,97,-56.5,1749,29.6,17.7,scrubber_exhaustion
EVA-0136,170,109,22,37.2,97,-56.6,1934,29.6,17.9,scrubber_exhaustion
EVA-0136,175,110,20,37.2,97,-53.8,2220,29.6,16.5,scrubber_exhaustion
EVA-0136,180,113,23,37.2,98,-56.3,2400,29.5,20.3,scrubber_exhaustion
EVA-0136,185,113,22,37.2,97,-54.2,2651,29.5,20.3,scrubber_exhaustion
EVA-0136,190,118,22,37.3,97,-55.9,3011,29.6,21.7,scrubber_exhaustion
EVA-0136,195,121,22,37.4,97,-55.9,3254,29.6,22.9,scrubber_exhaustion
EVA-0136,200,114,24,37.3,97,-54.5,3577,29.7,23.0,scrubber_exhaustion
EVA-0136,205,121,24,37.4,97,-56.2,3918,29.6,26.1,scrubber_exhaustion
EVA-0136,210,114,25,37.5,97,-53.6,4328,29.6,26.3,scrubber_exhaustion
EVA-0136,215,111,26,37.4,96,-54.2,4698,29.6,27.8,scrubber_exhaustion
EVA-0136,220,114,25,37.3,96,-54.3,5119,29.6,26.3,scrubber_exhaustion
EVA-0136,225,118,26,37.5,97,-54.1,5643,29.6,29.8,scrubber_exhaustion
EVA-0136,230,115,27,37.5,96,-50.4,6048,29.6,29.7,scrubber_exhaustion
EVA-0136,235,119,27,37.6,96,-52.3,6516,29.6,32.9,scrubber_exhaustion
EVA-0136,240,121,27,37.6,96,-51.8,7006,29.6,32.5,scrubber_exhaustion
EVA-0136,245,129,30,37.7,97,-50.2,7598,29.6,37.1,scrubber_exhaustion
EVA-0136,250,133,31,37.7,96,-51.6,8126,29.6,41.4,scrubber_exhaustion
EVA-0136,255,140,33,37.8,96,-48.7,8720,29.6,44.3,scrubber_exhaustion
EVA-0136,260,140,34,37.8,96,-49.5,9307,29.6,45.7,scrubber_exhaustion
EVA-0136,265,147,36,37.8,96,-50.4,9988,29.6,49.5,scrubber_exhaustion
EVA-0136,270,157,36,38.1,96,-48.8,10578,29.6,56.5,scrubber_exhaustion
EVA-0137,0,73,17,37.1,98,-53.4,801,29.5,4.0,seal_leak
EVA-0137,5,72,16,37.0,99,-55.2,784,29.6,2.8,seal_leak
EVA-0137,10,75,16,37.0,98,-53.5,757,29.6,2.0,seal_leak
EVA-0137,15,73,15,37.1,99,-52.6,791,29.6,2.3,seal_leak
EVA-0137,20,76,16,37.2,99,-52.3,787,29.7,4.2,seal_leak
EVA-0137,25,74,16,37.1,99,-52.1,806,29.6,3.6,seal_leak
EVA-0137,30,80,17,37.1,98,-50.2,851,29.5,4.4,seal_leak
EVA-0137,35,79,17,37.1,99,-51.3,811,29.6,5.8,seal_leak
EVA-0137,40,82,17,37.1,98,-48.4,741,29.6,6.5,seal_leak
EVA-0137,45,79,17,37.2,99,-49.4,868,29.6,6.8,seal_leak
EVA-0137,50,80,17,37.2,99,-46.7,857,29.7,5.7,seal_leak
EVA-0137,55,85,18,37.1,98,-46.3,854,29.6,6.3,seal_leak
EVA-0137,60,80,17,37.2,99,-46.2,802,29.6,5.8,seal_leak
EVA-0137,65,79,16,37.2,99,-46.3,825,29.6,5.2,seal_leak
EVA-0137,70,84,19,37.2,98,-44.2,838,29.7,8.3,seal_leak
EVA-0137,75,84,17,37.1,99,-44.1,852,29.6,6.7,seal_leak
EVA-0137,80,81,18,37.2,98,-48.0,864,29.6,6.9,seal_leak
EVA-0137,85,77,16,37.1,99,-44.5,841,29.6,4.1,seal_leak
EVA-0137,90,74,18,37.1,99,-42.7,999,29.6,4.5,seal_leak
EVA-0137,95,77,16,37.1,99,-42.0,977,29.6,3.9,seal_leak
EVA-0137,100,79,17,37.1,98,-40.9,920,29.5,5.1,seal_leak
EVA-0137,105,74,17,37.1,98,-39.4,902,29.5,3.7,seal_leak
EVA-0137,110,75,17,37.1,98,-40.1,978,29.3,3.7,seal_leak
EVA-0137,115,83,17,37.0,98,-42.8,964,29.3,5.5,seal_leak
EVA-0137,120,82,17,37.0,98,-39.7,858,29.1,5.5,seal_leak
EVA-0137,125,84,18,37.0,97,-38.1,895,29.0,7.9,seal_leak
EVA-0137,130,87,18,36.9,97,-39.0,872,28.8,9.2,seal_leak
EVA-0137,135,85,19,37.1,96,-38.6,863,28.6,11.1,seal_leak
EVA-0137,140,87,19,37.0,97,-39.2,861,28.4,10.5,seal_leak
EVA-0137,145,89,19,36.9,97,-37.2,859,28.3,12.1,seal_leak
EVA-0137,150,87,18,36.9,96,-38.6,864,28.0,11.4,seal_leak
EVA-0137,155,86,17,36.8,95,-37.4,858,27.8,14.4,seal_leak
EVA-0137,160,87,18,36.8,95,-37.5,897,27.6,16.7,seal_leak
EVA-0137,165,87,18,36.8,95,-37.8,807,27.4,17.1,seal_leak
EVA-0137,170,87,18,36.9,95,-37.3,865,27.1,17.8,seal_leak
EVA-0137,175,90,20,36.8,94,-37.7,784,26.7,23.3,seal_leak
EVA-0137,180,89,20,36.7,94,-36.5,824,26.5,23.9,seal_leak
EVA-0137,185,91,19,36.7,93,-37.3,844,26.2,25.4,seal_leak
EVA-0137,190,92,21,36.7,92,-37.0,820,25.9,30.5,seal_leak
EVA-0137,195,92,19,36.6,92,-39.4,782,25.6,29.6,seal_leak
EVA-0137,200,94,19,36.6,91,-39.7,794,25.4,31.9,seal_leak
EVA-0137,205,89,19,36.5,91,-39.0,829,25.1,32.4,seal_leak
EVA-0137,210,92,18,36.5,90,-38.5,749,24.8,34.2,seal_leak
EVA-0137,215,90,19,36.5,90,-39.1,776,24.4,35.0,seal_leak
EVA-0137,220,96,20,36.3,89,-41.0,779,24.1,42.0,seal_leak
EVA-0137,225,96,21,36.4,89,-39.6,729,23.7,42.6,seal_leak
EVA-0137,230,103,20,36.3,89,-41.8,783,23.4,44.4,seal_leak
EVA-0137,235,97,21,36.4,87,-40.7,782,23.1,47.1,seal_leak
EVA-0137,240,110,22,36.1,87,-41.7,743,22.7,54.4,seal_leak
EVA-0137,245,111,20,36.2,87,-42.9,733,22.3,53.9,seal_leak
EVA-0137,250,111,23,36.1,86,-43.9,646,22.0,58.9,seal_leak
EVA-0137,255,117,23,36.1,85,-43.7,647,21.6,62.9,seal_leak
EVA-0137,260,117,23,36.1,84,-44.4,669,21.3,63.7,seal_leak
EVA-0137,265,123,24,36.0,84,-46.4,644,20.9,66.1,seal_leak
EVA-0137,270,123,22,36.0,84,-45.1,665,20.4,64.7,seal_leak
EVA-0138,0,89,16,37.0,98,-46.6,602,29.6,6.1,scrubber_exhaustion
EVA-0138,5,87,17,37.0,98,-43.9,528,29.6,6.4,scrubber_exhaustion
EVA-0138,10,95,17,37.1,98,-44.4,655,29.6,8.7,scrubber_exhaustion
EVA-0138,15,92,17,37.1,98,-42.0,494,29.7,8.2,scrubber_exhaustion
EVA-0138,20,94,17,37.1,98,-39.8,573,29.6,9.1,scrubber_exhaustion
EVA-0138,25,100,18,37.1,98,-42.3,571,29.6,10.2,scrubber_exhaustion
EVA-0138,30,106,20,37.1,97,-41.3,685,29.6,15.5,scrubber_exhaustion
EVA-0138,35,106,19,37.2,98,-39.3,619,29.6,14.7,scrubber_exhaustion
EVA-0138,40,103,19,37.0,98,-37.7,741,29.5,11.0,scrubber_exhaustion
EVA-0138,45,107,20,37.2,98,-38.4,749,29.5,14.7,scrubber_exhaustion
EVA-0138,50,107,18,37.1,98,-37.6,771,29.6,12.5,scrubber_exhaustion
EVA-0138,55,106,20,37.2,97,-41.2,963,29.6,16.1,scrubber_exhaustion
EVA-0138,60,108,18,37.2,98,-39.3,1327,29.6,13.2,scrubber_exhaustion
EVA-0138,65,108,21,37.3,98,-43.8,2018,29.6,16.9,scrubber_exhaustion
EVA-0138,70,110,22,37.4,97,-39.7,2803,29.7,20.6,scrubber_exhaustion
EVA-0138,75,114,25,37.4,97,-41.0,3919,29.7,24.9,scrubber_exhaustion
EVA-0138,80,124,27,37.6,97,-44.0,5239,29.6,31.7,scrubber_exhaustion
EVA-0138,85,130,30,37.6,96,-47.8,6677,29.6,37.6,scrubber_exhaustion
EVA-0138,90,142,34,37.9,96,-46.7,8505,29.6,48.9,scrubber_exhaustion
EVA-0138,95,161,39,38.1,96,-46.7,10447,29.6,54.7,scrubber_exhaustion
EVA-0139,0,81,18,36.9,98,-72.3,564,29.6,5.8,seal_leak
EVA-0139,5,83,18,37.1,98,-68.5,466,29.6,6.6,seal_leak
EVA-0139,10,85,19,37.0,98,-69.6,569,29.6,7.2,seal_leak
EVA-0139,15,88,19,37.1,98,-67.4,529,29.6,8.2,seal_leak
EVA-0139,20,88,19,37.0,98,-67.4,522,29.5,7.1,seal_leak
EVA-0139,25,90,20,37.0,99,-64.3,557,29.7,9.2,seal_leak
EVA-0139,30,90,20,37.1,98,-62.5,593,29.6,9.0,seal_leak
EVA-0139,35,86,18,37.1,98,-63.4,524,29.6,6.4,seal_leak
EVA-0139,40,92,19,37.1,98,-60.2,605,29.6,9.6,seal_leak
EVA-0139,45,90,20,37.0,98,-57.5,603,29.6,8.7,seal_leak
EVA-0139,50,88,19,37.0,98,-55.8,669,29.6,7.6,seal_leak
EVA-0139,55,87,19,37.0,98,-51.8,603,29.6,7.0,seal_leak
EVA-0139,60,90,19,36.9,98,-51.3,694,29.6,8.7,seal_leak
EVA-0139,65,91,19,37.1,98,-47.3,667,29.6,8.4,seal_leak
EVA-0139,70,94,20,37.2,98,-45.2,657,29.6,11.1,seal_leak
EVA-0139,75,94,19,37.1,98,-43.5,725,29.6,9.8,seal_leak
EVA-0139,80,96,19,37.1,98,-40.1,763,29.6,10.3,seal_leak
EVA-0139,85,96,21,37.2,99,-40.5,677,29.6,12.6,seal_leak
EVA-0139,90,100,22,37.1,98,-36.4,662,29.6,13.8,seal_leak
EVA-0139,95,99,20,37.1,99,-35.0,724,29.6,11.9,seal_leak
EVA-0139,100,96,21,37.1,98,-32.1,649,29.6,13.4,seal_leak
EVA-0139,105,93,20,37.1,98,-30.5,664,29.6,10.6,seal_leak
EVA-0139,110,100,19,37.1,99,-28.0,790,29.6,10.6,seal_leak
EVA-0139,115,99,20,37.2,98,-26.3,760,29.5,12.0,seal_leak
EVA-0139,120,103,22,37.1,98,-24.5,691,29.5,13.6,seal_leak
EVA-0139,125,98,20,37.1,98,-23.0,858,29.3,12.1,seal_leak
EVA-0139,130,98,20,37.0,98,-21.3,659,29.1,11.5,seal_leak
EVA-0139,135,97,21,37.0,98,-22.4,736,28.9,12.3,seal_leak
EVA-0139,140,102,21,37.1,97,-19.4,672,28.6,16.5,seal_leak
EVA-0139,145,101,22,37.0,96,-21.1,767,28.3,17.8,seal_leak
EVA-0139,150,102,23,37.0,95,-22.2,669,27.9,21.0,seal_leak
EVA-0139,155,109,21,36.9,95,-16.2,671,27.6,23.0,seal_leak
EVA-0139,160,110,23,36.7,94,-19.7,607,27.2,28.8,seal_leak
EVA-0139,165,112,23,36.8,94,-19.3,740,26.9,30.1,seal_leak
EVA-0139,170,111,24,36.8,93,-21.4,635,26.4,32.9,seal_leak
EVA-0139,175,109,24,36.6,92,-20.3,664,26.1,37.5,seal_leak
EVA-0139,180,116,23,36.6,92,-20.3,638,25.6,38.3,seal_leak
EVA-0139,185,111,25,36.6,91,-21.3,610,25.2,41.3,seal_leak
EVA-0139,190,120,24,36.5,90,-24.2,547,24.6,47.1,seal_leak
EVA-0139,195,120,25,36.4,89,-24.7,600,24.2,50.0,seal_leak
EVA-0139,200,120,25,36.4,88,-25.3,588,23.7,52.8,seal_leak
EVA-0139,205,128,26,36.1,88,-27.1,594,23.2,60.8,seal_leak
EVA-0139,210,127,26,36.2,87,-29.1,634,22.6,60.9,seal_leak
EVA-0139,215,130,26,36.2,86,-30.3,579,22.0,64.7,seal_leak
EVA-0139,220,139,27,36.1,85,-33.5,571,21.4,70.7,seal_leak
EVA-0139,225,142,27,36.1,84,-33.9,528,21.0,72.0,seal_leak
EVA-0139,230,140,29,35.9,83,-38.2,490,20.4,75.0,seal_leak
EVA-0140,0,76,18,37.3,98,-62.8,547,29.5,8.4,nominal
EVA-0140,5,81,17,37.3,98,-67.5,642,29.6,8.9,nominal
EVA-0140,10,86,19,37.4,98,-68.0,665,29.7,11.0,nominal
EVA-0140,15,82,20,37.4,98,-67.8,580,29.6,12.9,nominal
EVA-0140,20,93,20,37.5,99,-67.5,725,29.6,14.6,nominal
EVA-0140,25,95,20,37.4,98,-71.3,712,29.6,14.7,nominal
EVA-0140,30,93,20,37.4,99,-67.8,707,29.5,13.5,nominal
EVA-0140,35,92,20,37.5,98,-70.3,728,29.6,15.1,nominal
EVA-0140,40,96,20,37.5,98,-64.8,717,29.6,15.2,nominal
EVA-0140,45,94,19,37.5,98,-64.8,815,29.6,14.6,nominal
EVA-0140,50,91,19,37.4,98,-62.9,822,29.6,12.6,nominal
EVA-0140,55,92,20,37.4,98,-58.8,857,29.6,14.9,nominal
EVA-0140,60,94,19,37.5,98,-57.2,856,29.6,14.6,nominal
EVA-0140,65,95,20,37.4,98,-52.1,884,29.6,14.8,nominal
EVA-0140,70,96,20,37.4,98,-49.4,883,29.5,14.7,nominal
EVA-0140,75,91,19,37.4,98,-50.3,967,29.6,13.2,nominal
EVA-0140,80,88,20,37.5,98,-43.3,968,29.6,13.6,nominal
EVA-0140,85,83,17,37.4,98,-38.8,971,29.6,8.9,nominal
EVA-0140,90,80,17,37.3,98,-34.8,979,29.6,7.5,nominal
EVA-0140,95,77,17,37.3,98,-33.0,928,29.6,7.0,nominal
EVA-0141,0,83,18,36.8,98,-54.5,676,29.5,7.6,seal_leak
EVA-0141,5,83,19,37.0,98,-58.1,584,29.6,6.5,seal_leak
EVA-0141,10,82,19,37.0,98,-61.7,611,29.6,6.1,seal_leak
EVA-0141,15,85,19,37.0,98,-61.1,627,29.6,7.4,seal_leak
EVA-0141,20,88,18,37.0,98,-63.3,712,29.7,6.2,seal_leak
EVA-0141,25,93,19,37.0,99,-62.7,681,29.6,8.5,seal_leak
EVA-0141,30,93,20,37.1,98,-63.8,767,29.6,9.5,seal_leak
EVA-0141,35,90,20,37.0,98,-62.8,718,29.4,9.0,seal_leak
EVA-0141,40,100,21,37.0,98,-61.5,736,29.1,12.2,seal_leak
EVA-0141,45,102,22,36.9,97,-60.2,620,28.6,17.5,seal_leak
EVA-0141,50,104,22,36.9,96,-56.8,623,28.2,20.0,seal_leak
EVA-0141,55,110,22,37.0,95,-54.4,622,27.6,22.1,seal_leak
EVA-0141,60,109,22,36.7,94,-49.2,665,26.9,29.5,seal_leak
EVA-0141,65,115,23,36.7,93,-47.7,618,26.3,34.9,seal_leak
EVA-0141,70,120,25,36.6,92,-43.7,711,25.6,41.7,seal_leak
EVA-0141,75,124,26,36.5,91,-39.3,652,24.8,46.3,seal_leak
EVA-0141,80,126,26,36.3,89,-33.7,670,23.9,54.4,seal_leak
EVA-0141,85,131,26,36.2,88,-33.4,623,23.1,59.6,seal_leak
EVA-0141,90,136,26,36.2,86,-31.3,653,22.3,65.8,seal_leak
EVA-0141,95,144,28,36.1,85,-28.6,558,21.4,73.3,seal_leak
EVA-0141,100,151,27,35.9,83,-25.9,601,20.4,75.2,seal_leak
EVA-0141,105,153,29,35.7,82,-24.1,602,19.5,79.5,seal_leak
EVA-0141,110,145,28,35.8,82,-19.6,588,18.3,77.2,seal_leak
EVA-0141,115,152,28,35.7,83,-20.8,549,17.3,78.9,seal_leak
EVA-0142,0,84,15,37.0,99,-63.5,585,29.6,2.7,heater_failure
EVA-0142,5,87,16,37.1,98,-61.3,652,29.5,5.7,heater_failure
EVA-0142,10,87,16,37.1,97,-63.6,640,29.5,8.2,heater_failure
EVA-0142,15,92,16,37.0,98,-65.9,652,29.7,6.2,heater_failure
EVA-0142,20,95,18,37.0,98,-64.9,682,29.6,7.8,heater_failure
EVA-0142,25,93,18,37.0,98,-66.2,742,29.6,7.8,heater_failure
EVA-0142,30,97,18,37.1,98,-65.4,685,29.6,9.9,heater_failure
EVA-0142,35,95,18,37.1,98,-66.8,730,29.6,8.6,heater_failure
EVA-0142,40,94,18,36.8,98,-68.8,755,29.6,9.7,heater_failure
EVA-0142,45,106,19,37.0,98,-67.6,693,29.5,10.9,heater_failure
EVA-0142,50,109,19,36.9,98,-68.2,784,29.6,12.9,heater_failure
EVA-0142,55,102,19,36.8,98,-70.2,810,29.6,12.4,heater_failure
EVA-0142,60,108,18,36.7,98,-71.6,829,29.6,14.5,heater_failure
EVA-0142,65,100,18,36.7,98,-69.4,749,29.6,13.0,heater_failure
EVA-0142,70,101,19,36.7,98,-70.6,764,29.6,13.7,heater_failure
EVA-0142,75,107,19,36.7,98,-71.0,822,29.6,14.4,heater_failure
EVA-0142,80,103,18,36.6,98,-70.3,832,29.5,14.5,heater_failure
EVA-0142,85,110,19,36.4,98,-73.9,850,29.7,19.2,heater_failure
EVA-0142,90,105,19,36.5,98,-71.9,846,29.6,16.4,heater_failure
EVA-0142,95,105,20,36.5,98,-71.5,883,29.6,18.3,heater_failure
EVA-0142,100,108,20,36.4,98,-72.8,773,29.6,19.8,heater_failure
EVA-0142,105,111,20,36.2,98,-74.6,930,29.6,23.0,heater_failure
EVA-0142,110,117,20,36.2,98,-73.9,979,29.6,23.1,heater_failure
EVA-0142,115,120,19,36.0,99,-73.8,901,29.6,25.8,heater_failure
EVA-0142,120,118,19,35.9,98,-75.3,948,29.7,26.6,heater_failure
EVA-0142,125,113,20,36.1,98,-73.1,1027,29.5,24.0,heater_failure
EVA-0142,130,118,19,35.9,99,-73.5,965,29.6,26.8,heater_failure
EVA-0142,135,120,19,35.6,98,-74.3,990,29.6,30.8,heater_failure
EVA-0142,140,112,18,35.8,98,-72.3,1072,29.6,25.6,heater_failure
EVA-0142,145,115,18,35.6,98,-74.0,1094,29.6,28.5,heater_failure
EVA-0142,150,108,17,35.9,98,-71.5,967,29.5,23.6,heater_failure
EVA-0142,155,111,17,35.6,98,-73.4,1009,29.6,27.5,heater_failure
EVA-0142,160,109,16,35.4,98,-74.0,1081,29.6,28.2,heater_failure
EVA-0142,165,105,17,35.4,99,-73.7,1075,29.5,28.9,heater_failure
EVA-0143,0,92,15,37.0,98,-42.8,739,29.7,6.2,nominal
EVA-0143,5,85,14,37.1,98,-42.7,713,29.5,4.7,nominal
EVA-0143,10,88,15,37.2,98,-44.1,760,29.6,6.4,nominal
EVA-0143,15,94,16,37.2,97,-44.6,800,29.6,9.0,nominal
EVA-0143,20,96,15,37.1,98,-46.9,734,29.6,8.0,nominal
EVA-0143,25,100,16,37.1,97,-47.6,744,29.6,9.1,nominal
EVA-0143,30,96,15,37.2,97,-49.3,802,29.6,8.6,nominal
EVA-0143,35,104,16,37.2,97,-51.6,757,29.6,11.2,nominal
EVA-0143,40,101,16,37.1,98,-49.8,758,29.6,9.0,nominal
EVA-0143,45,99,15,37.1,98,-53.9,817,29.6,6.8,nominal
EVA-0143,50,99,17,37.2,97,-54.9,787,29.7,11.3,nominal
EVA-0143,55,103,18,37.2,98,-56.7,870,29.6,11.9,nominal
EVA-0143,60,108,17,37.3,98,-56.5,803,29.7,13.9,nominal
EVA-0143,65,106,16,37.2,97,-58.9,795,29.6,11.6,nominal
EVA-0143,70,109,18,37.3,98,-57.8,840,29.6,14.1,nominal
EVA-0143,75,106,18,37.2,98,-60.3,868,29.6,11.8,nominal
EVA-0143,80,112,18,37.2,98,-62.6,872,29.6,13.7,nominal
EVA-0143,85,111,18,37.1,98,-64.6,890,29.6,12.8,nominal
EVA-0143,90,109,17,37.4,98,-64.9,849,29.6,14.9,nominal
EVA-0143,95,109,18,37.3,98,-65.5,934,29.6,14.7,nominal
EVA-0143,100,107,18,37.3,98,-67.4,816,29.6,13.1,nominal
EVA-0143,105,108,18,37.3,98,-68.7,864,29.6,14.5,nominal
EVA-0143,110,106,17,37.4,98,-71.0,909,29.6,13.5,nominal
EVA-0143,115,106,18,37.2,98,-68.2,885,29.6,13.3,nominal
EVA-0143,120,100,16,37.2,97,-72.3,911,29.6,10.8,nominal
EVA-0143,125,105,17,37.3,98,-74.8,889,29.6,12.5,nominal
EVA-0143,130,99,17,37.1,98,-75.5,932,29.6,9.5,nominal
EVA-0143,135,101,18,37.3,98,-75.6,971,29.7,12.8,nominal
EVA-0143,140,103,17,37.2,98,-73.9,934,29.6,10.9,nominal
EVA-0143,145,101,18,37.2,97,-77.3,927,29.6,13.0,nominal
EVA-0143,150,99,17,37.1,98,-78.5,954,29.6,9.7,nominal
EVA-0143,155,103,16,37.3,98,-77.8,1033,29.7,12.7,nominal
EVA-0143,160,108,16,37.2,98,-78.5,1041,29.6,11.3,nominal
EVA-0143,165,103,16,37.1,98,-79.6,979,29.6,9.3,nominal
EVA-0143,170,102,16,37.2,97,-80.8,1031,29.6,11.0,nominal
EVA-0143,175,95,16,37.1,98,-83.0,1016,29.7,7.5,nominal
EVA-0143,180,98,15,37.2,98,-83.1,1083,29.6,8.0,nominal
EVA-0143,185,98,17,37.1,98,-84.6,1042,29.5,9.2,nominal
EVA-0143,190,99,17,37.1,98,-83.4,1033,29.6,8.9,nominal
EVA-0143,195,95,14,37.1,97,-84.0,1122,29.6,6.4,nominal
EVA-0143,200,92,16,37.1,98,-84.5,1017,29.6,7.0,nominal
EVA-0143,205,85,16,37.0,98,-83.7,1082,29.6,4.7,nominal
EVA-0143,210,84,13,37.1,97,-85.0,1137,29.6,4.8,nominal
EVA-0143,215,86,13,37.0,98,-84.8,1114,29.6,3.4,nominal
EVA-0143,220,82,13,37.0,98,-85.0,1058,29.6,1.5,nominal
EVA-0143,225,84,14,37.1,98,-84.4,1064,29.6,2.6,nominal
EVA-0143,230,83,13,37.1,98,-83.9,1046,29.6,2.6,nominal
EVA-0143,235,83,12,37.0,98,-85.8,1184,29.6,2.2,nominal
EVA-0143,240,81,13,37.0,98,-83.4,1075,29.6,2.1,nominal
EVA-0143,245,82,14,37.0,98,-83.3,1167,29.6,3.1,nominal
EVA-0143,250,86,13,37.0,98,-82.8,1079,29.6,2.1,nominal
EVA-0144,0,79,15,37.2,97,-65.7,612,29.6,6.1,nominal
EVA-0144,5,90,17,37.1,98,-65.6,708,29.6,7.8,nominal
EVA-0144,10,88,17,37.2,98,-64.5,639,29.6,8.6,nominal
EVA-0144,15,95,17,37.1,98,-62.1,600,29.6,9.3,nominal
EVA-0144,20,93,16,37.1,97,-59.9,707,29.6,8.7,nominal
EVA-0144,25,89,16,37.2,98,-62.2,646,29.6,7.6,nominal
EVA-0144,30,94,18,37.1,97,-58.7,657,29.6,10.5,nominal
EVA-0144,35,95,18,37.2,97,-58.2,739,29.6,11.6,nominal
EVA-0144,40,95,18,37.3,98,-55.7,684,29.6,11.5,nominal
EVA-0144,45,92,17,37.2,98,-55.4,706,29.7,9.4,nominal
EVA-0144,50,95,17,37.2,97,-54.6,737,29.6,11.3,nominal
EVA-0144,55,97,18,37.2,97,-52.5,731,29.6,12.4,nominal
EVA-0144,60,102,20,37.2,97,-50.1,734,29.6,14.8,nominal
EVA-0144,65,99,18,37.4,97,-47.4,657,29.6,14.4,nominal
EVA-0144,70,97,18,37.3,97,-47.7,764,29.6,14.3,nominal
EVA-0144,75,96,16,37.3,97,-46.5,853,29.6,11.2,nominal
EVA-0144,80,97,17,37.2,97,-43.7,818,29.6,13.4,nominal
EVA-0144,85,93,18,37.2,98,-42.7,782,29.5,10.3,nominal
EVA-0144,90,99,18,37.3,98,-39.9,829,29.6,12.5,nominal
EVA-0144,95,98,18,37.2,98,-39.9,845,29.6,11.2,nominal
EVA-0144,100,97,17,37.2,98,-41.3,788,29.6,10.6,nominal
EVA-0144,105,94,17,37.2,97,-40.1,892,29.6,10.8,nominal
EVA-0144,110,92,17,37.2,98,-37.7,852,29.6,9.7,nominal
EVA-0144,115,92,17,37.3,97,-39.0,840,29.6,11.3,nominal
EVA-0144,120,96,17,37.2,97,-37.8,934,29.6,11.4,nominal
EVA-0144,125,91,18,37.2,97,-39.1,779,29.5,11.2,nominal
EVA-0144,130,97,17,37.3,98,-38.3,828,29.7,12.4,nominal
EVA-0144,135,96,18,37.3,97,-35.1,919,29.6,12.9,nominal
EVA-0144,140,91,17,37.2,97,-36.3,930,29.7,10.5,nominal
EVA-0144,145,94,17,37.2,97,-37.3,983,29.5,11.0,nominal
EVA-0144,150,98,18,37.2,98,-37.3,816,29.6,11.4,nominal
EVA-0144,155,96,17,37.3,97,-35.0,965,29.5,12.2,nominal
EVA-0144,160,88,18,37.2,98,-38.2,880,29.7,8.9,nominal
EVA-0144,165,95,16,37.1,97,-37.3,964,29.5,8.9,nominal
EVA-0144,170,87,16,37.2,98,-37.5,951,29.7,7.4,nominal
EVA-0144,175,86,17,37.2,97,-37.5,1002,29.6,9.9,nominal
EVA-0144,180,94,17,37.2,98,-41.0,962,29.6,10.0,nominal
EVA-0144,185,85,16,37.2,97,-42.6,1027,29.6,7.1,nominal
EVA-0144,190,91,16,37.2,97,-43.2,953,29.6,8.5,nominal
EVA-0144,195,83,17,37.1,98,-42.1,996,29.6,6.0,nominal
EVA-0144,200,79,15,37.0,97,-41.7,1018,29.6,4.1,nominal
EVA-0144,205,76,16,37.0,97,-44.4,1094,29.6,4.5,nominal
EVA-0144,210,83,16,37.1,97,-47.4,1065,29.6,5.9,nominal
EVA-0144,215,83,15,37.1,98,-46.6,1046,29.7,4.9,nominal
EVA-0144,220,75,14,37.0,98,-49.9,1074,29.6,2.2,nominal
EVA-0144,225,78,14,37.1,97,-51.8,1103,29.6,3.4,nominal
EVA-0144,230,82,15,37.0,97,-52.7,1081,29.6,4.6,nominal
EVA-0145,0,81,16,36.8,98,-49.8,565,29.6,5.0,nominal
EVA-0145,5,77,15,36.8,98,-52.0,437,29.7,3.2,nominal
EVA-0145,10,87,14,36.9,98,-51.7,576,29.6,3.4,nominal
EVA-0145,15,80,16,37.0,99,-54.7,501,29.6,3.4,nominal
EVA-0145,20,85,15,37.0,98,-56.2,536,29.6,3.3,nominal
EVA-0145,25,83,17,37.0,98,-55.9,634,29.7,5.2,nominal
EVA-0145,30,83,16,36.9,98,-58.9,550,29.7,4.9,nominal
EVA-0145,35,90,17,37.0,98,-59.4,659,29.6,6.1,nominal
EVA-0145,40,88,17,37.1,98,-58.3,581,29.6,6.0,nominal
EVA-0145,45,87,16,37.0,98,-59.6,599,29.6,4.6,nominal
EVA-0145,50,92,17,37.0,98,-62.5,649,29.5,8.3,nominal
EVA-0145,55,84,16,37.0,98,-62.2,644,29.6,4.2,nominal
EVA-0145,60,91,16,37.0,98,-64.2,635,29.6,5.4,nominal
EVA-0145,65,87,16,37.0,98,-64.0,615,29.6,4.6,nominal
EVA-0145,70,86,16,37.0,98,-64.9,575,29.5,4.7,nominal
EVA-0145,75,91,17,36.9,98,-63.7,585,29.6,8.0,nominal
EVA-0145,80,90,17,37.1,98,-65.7,720,29.6,6.4,nominal
EVA-0145,85,87,18,36.9,98,-66.4,746,29.5,6.9,nominal
EVA-0145,90,93,17,37.1,97,-67.2,683,29.6,8.0,nominal
EVA-0145,95,93,18,37.0,98,-69.3,606,29.7,7.2,nominal
EVA-0145,100,94,18,37.0,98,-67.7,659,29.6,7.0,nominal
EVA-0145,105,94,18,37.0,98,-67.4,665,29.6,8.3,nominal
EVA-0145,110,95,18,37.1,98,-68.0,685,29.6,8.7,nominal
EVA-0145,115,99,19,37.1,98,-67.7,679,29.5,10.5,nominal
EVA-0145,120,95,18,37.0,98,-67.8,750,29.6,8.0,nominal
EVA-0145,125,92,18,37.0,98,-66.2,746,29.6,7.1,nominal
EVA-0145,130,90,17,37.1,98,-70.2,814,29.6,6.7,nominal
EVA-0145,135,88,18,37.0,98,-68.5,734,29.6,7.2,nominal
EVA-0145,140,88,17,37.0,98,-68.2,769,29.6,6.4,nominal
EVA-0145,145,86,17,37.0,98,-68.8,801,29.6,5.3,nominal
EVA-0145,150,89,16,37.1,98,-69.0,822,29.6,6.6,nominal
EVA-0145,155,88,17,37.0,98,-67.3,729,29.6,5.6,nominal
EVA-0145,160,88,17,37.0,98,-67.0,811,29.6,6.1,nominal
EVA-0145,165,92,17,36.9,98,-68.3,808,29.5,7.4,nominal
EVA-0145,170,87,17,36.9,98,-68.7,823,29.6,5.8,nominal
EVA-0145,175,86,15,37.0,98,-66.5,820,29.6,4.0,nominal
EVA-0145,180,84,16,37.0,98,-66.1,903,29.6,3.9,nominal
EVA-0145,185,87,16,36.9,98,-63.9,794,29.5,5.1,nominal
EVA-0145,190,89,17,37.0,98,-65.0,799,29.6,6.4,nominal
EVA-0145,195,80,15,36.9,98,-63.3,813,29.6,3.1,nominal
EVA-0145,200,82,15,37.0,98,-64.3,846,29.6,2.6,nominal
EVA-0145,205,84,14,36.9,98,-63.3,880,29.6,3.7,nominal
EVA-0145,210,78,16,37.0,99,-61.4,855,29.6,2.8,nominal
EVA-0145,215,82,16,37.0,99,-59.9,929,29.6,4.3,nominal
EVA-0145,220,73,15,36.9,98,-59.6,891,29.6,3.2,nominal
EVA-0145,225,75,15,36.9,98,-57.5,895,29.6,3.0,nominal
EVA-0145,230,75,14,36.9,97,-58.7,848,29.5,3.2,nominal
EVA-0145,235,69,15,36.9,98,-56.0,998,29.6,1.7,nominal
EVA-0145,240,72,13,36.8,98,-55.0,922,29.7,2.6,nominal
EVA-0145,245,71,14,37.0,98,-55.5,1006,29.6,0.6,nominal
EVA-0145,250,69,14,36.9,98,-52.5,913,29.7,2.0,nominal
EVA-0145,255,70,14,36.8,98,-54.4,987,29.6,1.9,nominal
EVA-0146,0,76,13,36.9,98,-77.4,783,29.7,1.8,heater_failure
EVA-0146,5,79,14,37.0,99,-77.2,763,29.6,1.7,heater_failure
EVA-0146,10,82,14,36.9,98,-75.8,922,29.6,3.5,heater_failure
EVA-0146,15,79,16,36.7,98,-76.5,846,29.6,5.5,heater_failure
EVA-0146,20,83,16,36.8,98,-76.0,874,29.6,5.7,heater_failure
EVA-0146,25,82,16,36.7,98,-77.4,826,29.6,7.2,heater_failure
EVA-0146,30,86,17,36.7,98,-75.1,936,29.7,9.0,heater_failure
EVA-0146,35,88,15,36.6,98,-77.8,932,29.6,8.7,heater_failure
EVA-0146,40,87,17,36.6,98,-76.7,897,29.6,11.1,heater_failure
EVA-0146,45,93,14,36.7,98,-75.5,914,29.6,8.8,heater_failure
EVA-0146,50,89,18,36.5,98,-77.0,928,29.6,12.5,heater_failure
EVA-0146,55,92,16,36.6,98,-76.5,929,29.6,11.0,heater_failure
EVA-0146,60,91,17,36.4,98,-76.3,960,29.5,13.5,heater_failure
EVA-0146,65,96,18,36.5,98,-74.6,962,29.5,14.6,heater_failure
EVA-0146,70,91,17,36.4,98,-75.1,947,29.6,13.8,heater_failure
EVA-0146,75,92,17,36.5,98,-73.6,912,29.6,12.9,heater_failure
EVA-0146,80,98,17,36.5,98,-72.4,974,29.6,14.5,heater_failure
EVA-0146,85,92,16,36.3,98,-74.2,1018,29.6,13.8,heater_failure
EVA-0146,90,95,16,36.3,98,-75.0,1025,29.6,14.8,heater_failure
EVA-0146,95,102,17,36.3,98,-73.9,1064,29.6,17.4,heater_failure
EVA-0146,100,102,17,36.1,98,-75.3,1079,29.6,19.3,heater_failure
EVA-0146,105,104,18,36.2,98,-74.3,1056,29.6,18.8,heater_failure
EVA-0146,110,101,19,36.3,98,-71.2,1043,29.7,18.4,heater_failure
EVA-0146,115,106,18,36.1,98,-74.4,1060,29.6,21.2,heater_failure
EVA-0146,120,98,16,36.1,98,-73.7,1029,29.5,18.0,heater_failure
EVA-0146,125,106,17,36.0,98,-74.3,1101,29.6,21.2,heater_failure
EVA-0146,130,102,16,35.9,98,-74.6,1134,29.6,20.8,heater_failure
EVA-0146,135,97,15,35.9,98,-73.6,1132,29.6,19.0,heater_failure
EVA-0146,140,102,15,35.7,98,-75.7,1120,29.6,22.5,heater_failure
EVA-0146,145,100,16,35.8,98,-74.4,1094,29.6,22.3,heater_failure
EVA-0146,150,102,15,35.6,98,-75.9,1099,29.6,24.9,heater_failure
EVA-0146,155,97,16,35.8,98,-72.5,1118,29.6,20.9,heater_failure
EVA-0146,160,98,15,35.8,98,-73.3,1102,29.6,21.1,heater_failure
EVA-0146,165,95,16,35.4,98,-75.5,1157,29.6,25.0,heater_failure
EVA-0146,170,91,15,35.2,98,-76.9,1029,29.6,25.8,heater_failure
EVA-0146,175,94,13,35.5,98,-74.2,1140,29.6,22.7,heater_failure
EVA-0146,180,88,14,35.3,99,-75.0,1178,29.6,24.2,heater_failure
EVA-0146,185,88,14,35.5,98,-72.4,1297,29.6,21.5,heater_failure
EVA-0146,190,90,14,35.3,98,-73.6,1195,29.6,23.7,heater_failure
EVA-0146,195,87,12,35.2,98,-74.7,1207,29.7,25.2,heater_failure
EVA-0146,200,74,12,35.0,98,-76.3,1177,29.6,25.0,heater_failure
EVA-0146,205,66,11,34.8,98,-76.2,1302,29.6,25.8,heater_failure
EVA-0146,210,75,11,35.0,99,-75.8,1198,29.6,25.1,heater_failure
EVA-0147,0,92,14,36.9,98,-79.6,480,29.5,4.5,nominal
EVA-0147,5,94,14,37.0,98,-76.4,554,29.6,4.2,nominal
EVA-0147,10,88,14,37.0,98,-75.2,597,29.6,3.5,nominal
EVA-0147,15,98,16,37.1,98,-74.7,554,29.6,7.2,nominal
EVA-0147,20,97,15,37.0,99,-71.8,587,29.6,5.7,nominal
EVA-0147,25,97,17,37.0,98,-71.7,543,29.5,7.5,nominal
EVA-0147,30,101,17,37.1,98,-70.9,668,29.6,8.3,nominal
EVA-0147,35,102,18,37.2,98,-67.0,589,29.6,10.7,nominal
EVA-0147,40,108,19,37.2,98,-67.0,678,29.6,13.3,nominal
EVA-0147,45,114,19,37.2,98,-63.4,552,29.6,15.2,nominal
EVA-0147,50,108,20,37.2,98,-65.4,601,29.6,14.2,nominal
EVA-0147,55,118,20,37.3,98,-62.1,660,29.6,18.2,nominal
EVA-0147,60,116,20,37.2,98,-59.1,626,29.5,16.7,nominal
EVA-0147,65,112,18,37.2,98,-57.6,651,29.6,14.0,nominal
EVA-0147,70,116,18,37.3,98,-57.0,592,29.6,15.1,nominal
EVA-0147,75,115,19,37.1,98,-54.8,626,29.6,14.1,nominal
EVA-0147,80,115,20,37.2,98,-53.5,613,29.7,16.0,nominal
EVA-0147,85,116,18,37.2,98,-54.1,657,29.6,14.4,nominal
EVA-0147,90,121,20,37.2,98,-51.4,661,29.6,17.1,nominal
EVA-0147,95,118,19,37.3,98,-49.3,654,29.6,16.6,nominal
EVA-0147,100,122,22,37.3,98,-47.8,714,29.6,20.7,nominal
EVA-0147,105,117,21,37.2,98,-47.3,646,29.6,17.4,nominal
EVA-0147,110,120,19,37.3,98,-46.7,605,29.6,17.1,nominal
EVA-0147,115,116,19,37.2,98,-46.6,685,29.6,16.1,nominal
EVA-0147,120,114,20,37.2,98,-43.2,815,29.6,16.1,nominal
EVA-0147,125,114,20,37.2,98,-42.4,750,29.6,16.0,nominal
EVA-0147,130,115,19,37.3,98,-41.2,697,29.6,16.2,nominal
EVA-0147,135,114,20,37.2,98,-43.0,763,29.6,15.5,nominal
EVA-0147,140,108,18,37.2,98,-40.9,745,29.6,12.5,nominal
EVA-0147,145,112,19,37.3,98,-41.4,777,29.6,15.2,nominal
EVA-0147,150,111,20,37.1,98,-40.0,808,29.6,13.0,nominal
EVA-0147,155,111,18,37.1,98,-36.3,785,29.7,12.2,nominal
EVA-0147,160,110,18,37.1,98,-38.5,790,29.6,12.1,nominal
EVA-0147,165,105,17,37.1,98,-40.3,860,29.7,10.7,nominal
EVA-0147,170,109,19,37.2,98,-39.7,825,29.6,13.6,nominal
EVA-0147,175,104,18,37.2,98,-39.9,818,29.6,11.4,nominal
EVA-0147,180,99,17,37.1,98,-39.4,819,29.6,9.1,nominal
EVA-0147,185,110,18,37.2,98,-41.7,800,29.6,13.7,nominal
EVA-0147,190,108,17,37.1,98,-39.8,778,29.6,11.0,nominal
EVA-0147,195,107,18,37.1,98,-43.2,872,29.6,12.1,nominal
EVA-0147,200,107,18,37.1,98,-43.2,908,29.6,12.1,nominal
EVA-0147,205,105,19,37.1,98,-39.5,878,29.6,11.6,nominal
EVA-0147,210,105,18,37.2,98,-43.0,892,29.6,11.6,nominal
EVA-0147,215,103,17,37.2,98,-41.7,835,29.6,11.3,nominal
EVA-0147,220,100,15,37.1,98,-45.3,856,29.6,6.7,nominal
EVA-0147,225,97,16,37.0,99,-47.8,834,29.6,6.3,nominal
EVA-0147,230,93,15,37.0,97,-47.6,888,29.6,6.6,nominal
EVA-0147,235,94,16,37.0,98,-44.3,952,29.6,5.4,nominal
EVA-0147,240,94,15,37.0,98,-50.4,885,29.7,5.2,nominal
EVA-0147,245,94,16,37.0,98,-47.9,921,29.6,5.4,nominal
EVA-0147,250,89,15,36.9,98,-50.9,964,29.6,4.9,nominal
EVA-0147,255,91,16,37.1,98,-52.6,995,29.6,6.0,nominal
EVA-0148,0,83,17,37.3,98,-71.1,574,29.6,7.0,heater_failure
EVA-0148,5,84,17,37.2,98,-72.1,604,29.6,6.5,heater_failure
EVA-0148,10,87,17,37.1,99,-75.3,686,29.5,6.1,heater_failure
EVA-0148,15,90,18,37.1,99,-74.8,649,29.7,7.9,heater_failure
EVA-0148,20,89,19,37.0,99,-74.5,689,29.6,7.5,heater_failure
EVA-0148,25,94,20,37.0,99,-74.5,734,29.6,9.4,heater_failure
EVA-0148,30,99,20,36.9,99,-74.8,741,29.6,11.6,heater_failure
EVA-0148,35,103,20,37.0,99,-73.2,708,29.6,10.9,heater_failure
EVA-0148,40,97,19,36.9,99,-74.2,727,29.5,10.9,heater_failure
EVA-0148,45,103,20,36.8,99,-74.4,720,29.5,13.7,heater_failure
EVA-0148,50,97,21,36.8,98,-73.7,776,29.6,13.8,heater_failure
EVA-0148,55,99,20,36.8,98,-72.9,750,29.6,13.8,heater_failure
EVA-0148,60,101,21,36.5,99,-74.8,800,29.6,17.8,heater_failure
EVA-0148,65,101,22,36.5,99,-75.3,847,29.7,17.8,heater_failure
EVA-0148,70,99,19,36.4,98,-73.5,740,29.6,17.3,heater_failure
EVA-0148,75,98,20,36.5,99,-73.6,748,29.6,16.8,heater_failure
EVA-0148,80,99,19,36.4,98,-72.3,845,29.6,16.1,heater_failure
EVA-0148,85,93,20,36.6,98,-70.2,892,29.5,14.2,heater_failure
EVA-0148,90,93,19,36.6,99,-70.0,891,29.6,14.0,heater_failure
EVA-0148,95,97,18,36.6,98,-67.6,839,29.6,12.0,heater_failure
EVA-0148,100,93,19,36.7,99,-67.1,949,29.6,12.7,heater_failure
EVA-0148,105,90,18,36.7,98,-66.1,1010,29.6,9.9,heater_failure
EVA-0148,110,86,18,36.5,99,-67.1,901,29.6,12.0,heater_failure
EVA-0148,115,90,17,36.6,98,-65.8,923,29.6,10.4,heater_failure
EVA-0148,120,87,18,36.5,98,-66.2,972,29.6,11.7,heater_failure
EVA-0148,125,79,16,36.9,98,-62.5,981,29.7,4.4,heater_failure
EVA-0148,130,80,15,37.1,98,-60.2,1056,29.6,3.9,heater_failure
EVA-0148,135,74,15,37.0,99,-61.7,1031,29.6,1.3,heater_failure
EVA-0149,0,91,17,37.0,98,-71.8,830,29.6,6.6,heater_failure
EVA-0149,5,100,20,37.0,98,-73.6,806,29.6,10.8,heater_failure
EVA-0149,10,98,19,36.9,98,-71.4,882,29.6,10.1,heater_failure
EVA-0149,15,103,20,37.0,98,-71.2,886,29.6,12.0,heater_failure
EVA-0149,20,111,21,36.9,98,-70.9,885,29.5,15.1,heater_failure
EVA-0149,25,117,20,37.0,98,-71.6,936,29.6,14.7,heater_failure
EVA-0149,30,115,21,36.8,98,-72.8,847,29.7,16.6,heater_failure
EVA-0149,35,113,22,36.8,98,-71.3,921,29.6,17.7,heater_failure
EVA-0149,40,117,24,36.9,98,-71.2,923,29.5,19.5,heater_failure
EVA-0149,45,124,24,36.7,98,-70.8,944,29.6,21.8,heater_failure
EVA-0149,50,124,25,36.7,98,-72.0,989,29.6,24.4,heater_failure
EVA-0149,55,130,24,36.8,98,-70.8,972,29.6,24.1,heater_failure
EVA-0149,60,127,24,36.5,98,-74.0,1105,29.7,26.7,heater_failure
EVA-0149,65,127,24,36.7,98,-70.8,1067,29.6,24.7,heater_failure
EVA-0149,70,131,24,36.5,98,-70.4,1027,29.5,27.5,heater_failure
EVA-0149,75,129,25,36.5,98,-71.6,1002,29.6,27.3,heater_failure
EVA-0149,80,126,22,36.4,98,-71.1,1071,29.6,25.7,heater_failure
EVA-0149,85,124,24,36.3,98,-70.8,1099,29.6,27.6,heater_failure
EVA-0149,90,123,23,36.3,98,-70.1,1102,29.6,28.3,heater_failure
EVA-0149,95,124,22,36.2,98,-70.3,1262,29.6,27.9,heater_failure
EVA-0149,100,124,22,36.1,98,-71.5,1090,29.6,27.9,heater_failure
EVA-0149,105,119,20,35.9,98,-72.3,1183,29.6,29.0,heater_failure
EVA-0149,110,125,20,35.9,98,-72.3,1192,29.6,29.2,heater_failure
EVA-0149,115,118,20,35.9,98,-71.0,1203,29.6,28.7,heater_failure
EVA-0149,120,125,20,35.6,98,-73.0,1144,29.6,33.0,heater_failure
EVA-0149,125,131,20,35.3,98,-73.8,1246,29.6,37.5,heater_failure
EVA-0150,0,88,17,37.1,99,-72.1,652,29.6,6.1,heater_failure
EVA-0150,5,92,16,37.0,99,-71.3,730,29.7,5.1,heater_failure
EVA-0150,10,88,18,36.9,99,-70.8,642,29.6,6.9,heater_failure
EVA-0150,15,97,17,36.9,98,-71.5,696,29.6,8.1,heater_failure
EVA-0150,20,93,17,36.9,99,-72.5,733,29.6,7.8,heater_failure
EVA-0150,25,91,18,36.8,99,-73.3,752,29.6,8.7,heater_failure
EVA-0150,30,97,18,36.8,99,-73.4,710,29.6,11.2,heater_failure
EVA-0150,35,98,16,36.7,99,-74.1,687,29.6,9.8,heater_failure
EVA-0150,40,103,19,36.7,99,-73.4,794,29.5,13.8,heater_failure
EVA-0150,45,103,19,36.6,99,-74.3,777,29.6,15.5,heater_failure
EVA-0150,50,104,18,36.5,99,-75.8,782,29.6,16.1,heater_failure
EVA-0150,55,100,19,36.5,99,-74.9,886,29.6,15.9,heater_failure
EVA-0150,60,104,19,36.4,99,-75.8,811,29.6,17.5,heater_failure
EVA-0150,65,100,17,36.4,99,-75.2,814,29.5,15.6,heater_failure
EVA-0150,70,106,18,36.3,99,-75.6,769,29.7,18.4,heater_failure
EVA-0150,75,97,19,36.4,98,-74.9,814,29.6,16.8,heater_failure
EVA-0150,80,106,17,36.1,99,-76.2,915,29.6,19.9,heater_failure
EVA-0150,85,111,18,36.0,99,-78.8,856,29.6,24.2,heater_failure
EVA-0150,90,118,18,35.7,99,-80.6,929,29.6,28.5,heater_failure
EVA-0150,95,117,19,35.8,99,-80.3,856,29.6,27.6,heater_failure
EVA-0150,100,120,17,35.7,99,-79.6,887,29.6,28.3,heater_failure
EVA-0150,105,116,18,35.4,99,-81.4,899,29.6,30.9,heater_failure
EVA-0150,110,112,17,35.4,99,-80.7,973,29.6,29.5,heater_failure
EVA-0150,115,112,16,35.4,99,-80.3,955,29.6,29.9,heater_failure
EVA-0150,120,102,17,35.1,99,-81.5,927,29.6,31.3,heater_failure
EVA-0150,125,99,15,35.1,99,-80.9,1022,29.6,28.9,heater_failure
EVA-0150,130,92,13,34.9,99,-82.4,1025,29.6,28.2,heater_failure
EVA-0150,135,84,13,34.7,99,-83.0,1031,29.6,26.8,heater_failure
EVA-0150,140,83,12,34.8,99,-80.4,1042,29.7,26.6,heater_failure
EVA-0150,145,71,12,34.6,99,-82.9,1003,29.6,25.0,heater_failure
EVA-0150,150,66,10,34.4,98,-83.0,1110,29.5,25.0,heater_failure
EVA-0150,155,64,10,34.3,98,-82.4,1062,29.6,25.0,heater_failure
EVA-0150,160,59,9,34.2,98,-82.7,1091,29.6,25.0,heater_failure
EVA-0150,165,49,9,33.9,98,-84.4,1109,29.6,25.1,heater_failure
EVA-0151,0,81,18,37.1,98,-74.8,552,29.6,5.5,nominal
EVA-0151,5,83,18,37.0,98,-77.2,576,29.6,6.1,nominal
EVA-0151,10,83,19,37.0,98,-76.7,599,29.6,6.5,nominal
EVA-0151,15,85,17,37.0,99,-75.1,482,29.6,5.4,nominal
EVA-0151,20,89,18,37.1,98,-73.5,663,29.6,7.7,nominal
EVA-0151,25,92,17,37.1,99,-73.3,690,29.6,7.2,nominal
EVA-0151,30,89,19,37.1,98,-73.4,691,29.6,8.1,nominal
EVA-0151,35,97,19,37.1,98,-70.1,730,29.6,9.8,nominal
EVA-0151,40,91,19,37.1,99,-69.6,681,29.6,9.5,nominal
EVA-0151,45,96,21,37.1,98,-69.5,796,29.7,11.5,nominal
EVA-0151,50,98,20,37.2,98,-69.0,689,29.6,12.5,nominal
EVA-0151,55,98,20,37.3,98,-62.7,730,29.6,13.7,nominal
EVA-0151,60,99,20,37.2,98,-63.4,739,29.6,12.5,nominal
EVA-0151,65,92,20,37.2,98,-62.5,775,29.6,11.2,nominal
EVA-0151,70,89,19,37.1,98,-62.0,769,29.6,8.8,nominal
EVA-0151,75,95,21,37.2,98,-59.9,788,29.6,13.0,nominal
EVA-0151,80,96,20,37.2,98,-60.8,775,29.6,12.6,nominal
EVA-0151,85,94,20,37.2,98,-58.2,799,29.5,11.9,nominal
EVA-0151,90,86,18,37.1,98,-57.2,732,29.6,7.9,nominal
EVA-0151,95,91,18,37.1,99,-57.8,881,29.6,8.0,nominal
EVA-0151,100,90,18,37.1,98,-55.9,812,29.6,8.3,nominal
EVA-0151,105,88,19,37.0,98,-55.6,849,29.6,7.1,nominal
EVA-0151,110,86,18,37.1,98,-55.5,837,29.6,7.6,nominal
EVA-0151,115,83,18,37.0,98,-54.8,923,29.6,5.9,nominal
EVA-0151,120,81,18,37.1,98,-55.8,886,29.6,5.5,nominal
EVA-0151,125,82,18,37.1,98,-52.3,814,29.6,5.9,nominal
EVA-0151,130,81,17,37.1,98,-51.7,950,29.6,5.2,nominal
EVA-0151,135,78,18,37.1,98,-54.7,917,29.6,6.2,nominal
EVA-0151,140,78,19,37.0,98,-52.5,962,29.6,6.4,nominal
EVA-0151,145,76,16,36.9,98,-54.2,1014,29.6,3.4,nominal
EVA-0151,150,72,16,37.0,98,-54.7,945,29.6,2.4,nominal
EVA-0151,155,75,16,36.9,98,-56.8,1001,29.6,3.3,nominal
EVA-0151,160,76,16,36.9,98,-56.6,981,29.6,2.6,nominal
EVA-0152,0,89,17,37.4,98,-78.3,615,29.6,10.4,heater_failure
EVA-0152,5,98,18,37.2,98,-82.1,530,29.6,10.9,heater_failure
EVA-0152,10,98,20,37.1,98,-78.9,545,29.6,12.1,heater_failure
EVA-0152,15,94,19,37.1,98,-77.7,609,29.6,11.1,heater_failure
EVA-0152,20,101,20,37.0,98,-79.5,546,29.6,11.1,heater_failure
EVA-0152,25,107,21,37.1,98,-80.4,561,29.6,13.4,heater_failure
EVA-0152,30,99,19,37.0,98,-79.6,613,29.6,11.0,heater_failure
EVA-0152,35,99,19,36.9,98,-80.1,625,29.6,11.3,heater_failure
EVA-0152,40,101,20,36.9,98,-76.9,597,29.6,12.6,heater_failure
EVA-0152,45,105,19,36.9,98,-78.1,665,29.5,12.9,heater_failure
EVA-0152,50,99,19,36.9,97,-77.9,664,29.6,12.6,heater_failure
EVA-0152,55,97,21,36.7,98,-76.1,575,29.6,14.7,heater_failure
EVA-0152,60,102,19,36.8,98,-76.9,709,29.6,13.0,heater_failure
EVA-0152,65,103,19,36.7,98,-78.3,659,29.6,15.3,heater_failure
EVA-0152,70,102,20,36.6,98,-77.9,731,29.6,16.0,heater_failure
EVA-0152,75,103,21,36.7,98,-74.8,799,29.5,15.2,heater_failure
EVA-0152,80,104,19,36.5,98,-78.1,712,29.6,16.8,heater_failure
EVA-0152,85,107,21,36.4,98,-77.1,697,29.6,20.2,heater_failure
EVA-0152,90,109,20,36.3,98,-77.8,798,29.6,20.4,heater_failure
EVA-0152,95,110,20,36.4,98,-78.3,708,29.6,21.0,heater_failure
EVA-0152,100,108,20,36.3,98,-76.8,841,29.6,22.1,heater_failure
EVA-0152,105,111,22,36.3,98,-76.4,746,29.6,24.1,heater_failure
EVA-0152,110,108,20,36.3,98,-75.7,749,29.6,20.8,heater_failure
EVA-0152,115,103,19,36.4,98,-73.8,893,29.6,18.5,heater_failure
EVA-0152,120,109,21,36.3,97,-74.2,814,29.6,22.9,heater_failure
EVA-0152,125,103,22,36.4,98,-72.6,880,29.7,21.1,heater_failure
EVA-0152,130,110,20,36.4,98,-73.2,817,29.7,20.4,heater_failure
EVA-0152,135,109,20,36.3,97,-72.8,824,29.6,22.8,heater_failure
EVA-0152,140,107,20,36.2,98,-73.0,707,29.6,21.6,heater_failure
EVA-0152,145,99,18,36.5,98,-69.9,894,29.5,15.3,heater_failure
EVA-0152,150,103,18,36.2,98,-72.4,876,29.6,20.5,heater_failure
EVA-0152,155,98,17,36.3,98,-70.5,864,29.6,16.3,heater_failure
EVA-0152,160,105,18,36.1,98,-72.7,906,29.6,21.0,heater_failure
EVA-0152,165,99,18,36.1,98,-71.2,891,29.6,19.4,heater_failure
EVA-0152,170,88,16,36.5,98,-68.2,857,29.6,11.4,heater_failure
EVA-0152,175,93,17,36.1,98,-69.6,926,29.7,17.5,heater_failure
EVA-0152,180,100,18,36.0,98,-71.8,912,29.6,21.2,heater_failure
EVA-0152,185,102,17,35.9,98,-71.2,964,29.7,22.8,heater_failure
EVA-0152,190,93,16,36.2,98,-67.9,928,29.6,15.5,heater_failure
EVA-0152,195,94,18,36.0,97,-69.5,930,29.6,21.2,heater_failure
EVA-0152,200,94,18,36.0,98,-69.9,937,29.6,20.3,heater_failure
EVA-0152,205,93,16,35.8,98,-70.4,932,29.6,21.1,heater_failure
EVA-0153,0,77,14,37.1,98,-75.3,726,29.5,2.4,heater_failure
EVA-0153,5,81,16,37.0,98,-74.8,860,29.6,3.8,heater_failure
EVA-0153,10,80,15,37.0,98,-73.0,895,29.6,3.1,heater_failure
EVA-0153,15,85,16,37.0,98,-74.8,810,29.6,5.0,heater_failure
EVA-0153,20,91,17,37.0,98,-73.7,824,29.6,6.5,heater_failure
EVA-0153,25,87,16,36.8,98,-73.8,952,29.7,7.5,heater_failure
EVA-0153,30,86,20,36.7,98,-74.8,975,29.6,11.1,heater_failure
EVA-0153,35,92,17,36.5,98,-78.1,999,29.6,12.2,heater_failure
EVA-0153,40,91,18,36.6,98,-76.4,922,29.5,12.5,heater_failure
EVA-0153,45,92,19,36.5,98,-77.6,978,29.6,14.3,heater_failure
EVA-0153,50,97,19,36.6,98,-73.1,999,29.6,13.5,heater_failure
EVA-0153,55,99,18,36.3,97,-78.1,923,29.6,17.7,heater_failure
EVA-0153,60,104,19,36.2,98,-78.9,1023,29.6,21.3,heater_failure
EVA-0153,65,107,17,35.9,98,-80.8,1037,29.6,23.3,heater_failure
EVA-0153,70,106,18,36.0,98,-79.0,1080,29.6,23.0,heater_failure
EVA-0153,75,102,19,36.0,98,-77.9,1036,29.6,21.9,heater_failure
EVA-0153,80,103,17,35.9,98,-77.1,1134,29.5,21.4,heater_failure
EVA-0153,85,109,17,35.6,98,-80.0,1097,29.6,26.9,heater_failure
EVA-0153,90,102,18,35.7,98,-77.7,1186,29.6,26.0,heater_failure
EVA-0153,95,105,17,35.4,98,-79.5,1158,29.6,28.4,heater_failure
EVA-0153,100,105,16,35.3,98,-80.4,1152,29.6,29.1,heater_failure
EVA-0153,105,92,15,35.2,98,-79.9,1102,29.7,27.8,heater_failure
EVA-0153,110,86,14,35.1,98,-78.7,1112,29.7,26.6,heater_failure
EVA-0153,115,77,12,34.9,98,-80.7,1259,29.6,26.2,heater_failure
EVA-0153,120,71,11,34.6,98,-82.4,1242,29.5,26.0,heater_failure
EVA-0153,125,72,13,34.6,98,-80.8,1205,29.5,25.1,heater_failure
EVA-0153,130,56,10,34.4,97,-81.1,1215,29.6,26.7,heater_failure
EVA-0153,135,55,11,34.3,97,-82.1,1259,29.6,27.5,heater_failure
EVA-0154,0,89,18,37.2,98,-29.8,556,29.6,8.7,seal_leak
EVA-0154,5,98,18,37.3,98,-26.5,683,29.6,11.2,seal_leak
EVA-0154,10,92,17,37.2,98,-26.7,709,29.7,9.0,seal_leak
EVA-0154,15,95,19,37.3,98,-27.1,719,29.6,11.7,seal_leak
EVA-0154,20,97,18,37.2,99,-26.6,717,29.6,10.7,seal_leak
EVA-0154,25,98,18,37.2,98,-26.5,711,29.6,10.6,seal_leak
EVA-0154,30,101,19,37.2,98,-26.2,706,29.6,12.3,seal_leak
EVA-0154,35,109,20,37.3,98,-27.1,706,29.6,15.7,seal_leak
EVA-0154,40,105,20,37.4,98,-27.0,782,29.6,17.2,seal_leak
EVA-0154,45,106,20,37.3,98,-28.4,820,29.6,16.0,seal_leak
EVA-0154,50,109,19,37.3,99,-25.5,724,29.6,14.9,seal_leak
EVA-0154,55,112,20,37.4,98,-27.7,787,29.6,18.0,seal_leak
EVA-0154,60,104,20,37.3,98,-29.3,834,29.6,15.1,seal_leak
EVA-0154,65,105,21,37.3,98,-31.4,799,29.6,16.5,seal_leak
EVA-0154,70,107,21,37.4,99,-31.0,849,29.6,16.9,seal_leak
EVA-0154,75,110,20,37.3,98,-32.9,875,29.6,15.6,seal_leak
EVA-0154,80,109,21,37.4,98,-34.4,853,29.6,18.9,seal_leak
EVA-0154,85,112,21,37.4,99,-36.5,822,29.5,18.8,seal_leak
EVA-0154,90,117,22,37.4,98,-37.0,913,29.6,20.3,seal_leak
EVA-0154,95,112,21,37.4,99,-36.8,850,29.6,19.2,seal_leak
EVA-0154,100,111,22,37.3,98,-40.2,860,29.6,18.8,seal_leak
EVA-0154,105,114,22,37.4,98,-42.2,904,29.6,20.1,seal_leak
EVA-0154,110,111,21,37.4,98,-43.2,876,29.7,18.0,seal_leak
EVA-0154,115,114,23,37.3,99,-44.8,875,29.5,20.1,seal_leak
EVA-0154,120,114,22,37.3,98,-47.0,860,29.4,19.3,seal_leak
EVA-0154,125,117,24,37.4,97,-48.7,860,29.1,24.1,seal_leak
EVA-0154,130,116,24,37.3,97,-48.3,867,28.8,23.9,seal_leak
EVA-0154,135,122,22,37.3,96,-49.2,769,28.5,25.1,seal_leak
EVA-0154,140,121,24,37.2,95,-49.2,836,28.2,28.7,seal_leak
EVA-0154,145,123,24,37.2,96,-52.5,761,27.7,27.9,seal_leak
EVA-0154,150,123,24,37.1,95,-54.0,805,27.3,28.7,seal_leak
EVA-0154,155,125,23,37.1,94,-54.1,822,26.9,31.4,seal_leak
EVA-0154,160,126,23,37.1,93,-57.1,787,26.5,32.2,seal_leak
EVA-0154,165,126,24,37.0,93,-56.0,813,26.0,34.0,seal_leak
EVA-0154,170,130,26,36.9,92,-56.2,788,25.5,40.8,seal_leak
EVA-0154,175,132,25,36.8,91,-56.7,691,24.9,44.3,seal_leak
EVA-0154,180,131,25,36.7,90,-56.3,792,24.3,45.3,seal_leak
EVA-0154,185,134,25,36.7,89,-59.2,747,23.9,50.7,seal_leak
EVA-0154,190,141,25,36.6,88,-59.1,708,23.3,55.0,seal_leak
EVA-0154,195,140,28,36.4,87,-58.7,698,22.6,63.3,seal_leak
EVA-0154,200,146,28,36.5,86,-59.6,637,22.0,64.7,seal_leak
EVA-0154,205,148,28,36.3,85,-57.2,691,21.3,71.2,seal_leak
EVA-0154,210,152,28,36.2,83,-56.6,689,20.6,72.7,seal_leak
EVA-0154,215,152,29,36.1,82,-56.1,638,20.0,74.9,seal_leak
EVA-0154,220,154,28,35.9,82,-55.8,617,19.3,76.8,seal_leak
EVA-0154,225,156,29,36.1,82,-53.9,629,18.6,76.0,seal_leak
EVA-0154,230,158,29,36.2,82,-53.4,640,17.8,75.2,seal_leak
EVA-0155,0,102,16,37.1,98,-49.9,667,29.6,8.7,nominal
EVA-0155,5,114,18,37.1,98,-49.6,700,29.6,13.1,nominal
EVA-0155,10,115,19,37.2,98,-51.8,811,29.6,15.4,nominal
EVA-0155,15,117,18,37.2,98,-52.3,844,29.6,15.5,nominal
EVA-0155,20,117,18,37.1,98,-52.8,909,29.6,14.3,nominal
EVA-0155,25,121,18,37.2,98,-55.5,918,29.6,15.4,nominal
EVA-0155,30,121,19,37.2,98,-53.7,834,29.6,15.4,nominal
EVA-0155,35,127,20,37.3,97,-54.4,986,29.6,20.1,nominal
EVA-0155,40,128,20,37.3,98,-54.5,899,29.6,20.3,nominal
EVA-0155,45,130,20,37.2,97,-54.8,1014,29.6,20.8,nominal
EVA-0155,50,129,19,37.4,97,-54.6,979,29.6,21.9,nominal
EVA-0155,55,126,21,37.2,98,-53.6,1144,29.6,19.8,nominal
EVA-0155,60,131,21,37.2,98,-52.8,1019,29.6,21.4,nominal
EVA-0155,65,130,21,37.3,98,-53.4,1066,29.6,22.0,nominal
EVA-0155,70,130,20,37.3,98,-49.0,1099,29.5,20.9,nominal
EVA-0155,75,130,19,37.2,97,-50.6,1105,29.6,19.3,nominal
EVA-0155,80,127,21,37.2,97,-48.3,1094,29.5,20.7,nominal
EVA-0155,85,121,20,37.2,97,-45.6,1261,29.5,18.7,nominal
EVA-0155,90,122,19,37.2,98,-46.0,1158,29.6,17.4,nominal
EVA-0156,0,71,16,37.2,97,-67.5,713,29.6,5.8,nominal
EVA-0156,5,77,16,37.1,98,-72.9,645,29.5,5.5,nominal
EVA-0156,10,77,18,37.2,97,-71.1,654,29.6,9.0,nominal
EVA-0156,15,76,17,37.2,98,-73.4,686,29.6,5.7,nominal
EVA-0156,20,83,18,37.3,98,-74.7,775,29.7,10.1,nominal
EVA-0156,25,81,18,37.2,98,-72.7,757,29.6,9.0,nominal
EVA-0156,30,91,19,37.3,98,-73.9,791,29.5,12.0,nominal
EVA-0156,35,87,20,37.3,98,-73.7,803,29.5,13.3,nominal
EVA-0156,40,90,19,37.3,98,-73.6,716,29.6,12.1,nominal
EVA-0156,45,90,19,37.3,97,-70.5,789,29.6,13.7,nominal
EVA-0156,50,91,19,37.4,97,-70.7,847,29.6,15.0,nominal
EVA-0156,55,89,19,37.3,97,-66.6,895,29.6,12.7,nominal
EVA-0156,60,93,20,37.3,97,-64.8,859,29.5,13.7,nominal
EVA-0156,65,90,17,37.2,97,-62.1,880,29.6,10.9,nominal
EVA-0156,70,85,18,37.2,98,-60.1,934,29.6,9.4,nominal
EVA-0156,75,84,18,37.2,97,-59.1,1029,29.6,10.0,nominal
EVA-0156,80,75,17,37.2,97,-55.4,895,29.7,7.5,nominal
EVA-0156,85,77,16,37.1,97,-52.6,895,29.6,5.0,nominal
EVA-0156,90,69,17,37.2,97,-48.3,1114,29.6,6.1,nominal
EVA-0156,95,69,15,37.2,98,-46.2,989,29.6,4.6,nominal
EVA-0157,0,88,16,37.1,99,-41.4,756,29.6,6.0,nominal
EVA-0157,5,89,15,37.2,99,-40.8,604,29.7,6.1,nominal
EVA-0157,10,89,16,37.2,98,-39.3,668,29.6,7.2,nominal
EVA-0157,15,83,16,37.2,99,-40.8,647,29.6,5.7,nominal
EVA-0157,20,87,15,37.2,99,-40.2,665,29.6,5.1,nominal
EVA-0157,25,90,16,37.2,99,-41.8,765,29.6,7.6,nominal
EVA-0157,30,93,16,37.3,99,-40.7,661,29.6,9.5,nominal
EVA-0157,35,95,17,37.2,99,-40.5,630,29.6,9.1,nominal
EVA-0157,40,92,16,37.3,99,-42.4,719,29.5,8.4,nominal
EVA-0157,45,98,16,37.3,99,-41.8,734,29.6,9.9,nominal
EVA-0157,50,99,17,37.4,99,-43.3,705,29.6,12.0,nominal
EVA-0157,55,96,17,37.2,99,-44.6,701,29.6,9.4,nominal
EVA-0157,60,91,17,37.2,98,-42.9,745,29.6,9.0,nominal
EVA-0157,65,95,18,37.3,99,-43.6,685,29.6,11.3,nominal
EVA-0157,70,97,18,37.3,99,-43.8,771,29.6,11.6,nominal
EVA-0157,75,96,17,37.3,98,-43.9,744,29.7,10.8,nominal
EVA-0157,80,91,19,37.3,99,-45.9,829,29.6,12.1,nominal
EVA-0157,85,98,17,37.3,99,-46.3,788,29.6,10.8,nominal
EVA-0157,90,96,18,37.3,98,-47.0,774,29.6,12.3,nominal
EVA-0157,95,103,18,37.3,99,-46.8,778,29.6,13.0,nominal
EVA-0157,100,101,18,37.3,99,-48.0,708,29.6,12.7,nominal
EVA-0157,105,104,19,37.4,99,-48.2,797,29.6,15.0,nominal
EVA-0157,110,101,17,37.3,99,-49.8,800,29.6,12.2,nominal
EVA-0157,115,102,19,37.4,99,-50.8,819,29.6,15.5,nominal
EVA-0157,120,103,18,37.4,98,-51.3,815,29.6,13.7,nominal
EVA-0157,125,108,18,37.4,98,-50.3,895,29.5,15.5,nominal
EVA-0157,130,105,18,37.2,100,-51.5,826,29.6,13.0,nominal
EVA-0157,135,107,19,37.4,99,-52.7,807,29.6,15.5,nominal
EVA-0157,140,110,19,37.4,98,-51.9,777,29.7,16.4,nominal
EVA-0157,145,113,19,37.4,99,-51.6,839,29.6,17.2,nominal
EVA-0157,150,113,20,37.5,98,-54.6,819,29.6,19.4,nominal
EVA-0157,155,111,19,37.4,99,-56.0,815,29.7,16.5,nominal
EVA-0157,160,112,19,37.3,98,-54.2,867,29.6,15.4,nominal
EVA-0157,165,109,19,37.4,99,-56.0,939,29.6,16.4,nominal
EVA-0157,170,103,20,37.4,98,-56.9,937,29.6,15.7,nominal
EVA-0157,175,107,17,37.3,99,-56.1,844,29.6,13.6,nominal
EVA-0157,180,106,20,37.3,99,-58.3,911,29.6,15.5,nominal
EVA-0157,185,102,18,37.4,99,-58.1,935,29.6,14.0,nominal
EVA-0157,190,103,18,37.4,99,-59.0,950,29.6,13.4,nominal
EVA-0157,195,103,18,37.4,99,-56.0,1003,29.6,14.4,nominal
EVA-0157,200,101,17,37.3,99,-60.6,885,29.6,12.4,nominal
EVA-0157,205,100,18,37.2,98,-60.0,905,29.6,10.7,nominal
EVA-0157,210,98,17,37.3,99,-62.0,922,29.6,11.2,nominal
EVA-0157,215,98,17,37.3,99,-61.7,975,29.5,11.0,nominal
EVA-0157,220,94,16,37.3,99,-63.1,844,29.6,9.6,nominal
EVA-0157,225,93,16,37.3,99,-62.5,963,29.5,8.5,nominal
EVA-0157,230,87,17,37.2,99,-64.1,900,29.6,7.4,nominal
EVA-0157,235,90,15,37.2,99,-63.9,987,29.6,6.9,nominal
EVA-0157,240,90,16,37.2,98,-65.9,1088,29.6,7.8,nominal
EVA-0157,245,95,17,37.3,99,-66.5,1042,29.6,9.9,nominal
EVA-0157,250,89,16,37.3,99,-68.3,954,29.6,7.4,nominal
EVA-0157,255,91,16,37.2,99,-66.0,997,29.6,7.1,nominal
EVA-0157,260,86,15,37.2,99,-67.7,983,29.6,5.9,nominal
EVA-0157,265,92,15,37.1,98,-64.7,1088,29.6,5.8,nominal
EVA-0157,270,94,15,37.3,99,-68.3,938,29.6,7.9,nominal
EVA-0157,275,91,16,37.2,99,-66.7,1025,29.6,7.3,nominal
EVA-0157,280,87,15,37.2,99,-67.1,1020,29.6,6.1,nominal
EVA-0157,285,88,15,37.2,99,-69.2,1006,29.6,5.9,nominal
EVA-0157,290,88,14,37.2,98,-70.1,1140,29.6,5.7,nominal
EVA-0157,295,85,14,37.3,99,-69.6,1002,29.6,5.4,nominal
EVA-0158,0,94,18,37.2,98,-66.0,548,29.5,11.2,nominal
EVA-0158,5,94,18,37.2,98,-64.2,479,29.6,10.2,nominal
EVA-0158,10,94,19,37.3,98,-62.5,479,29.6,12.6,nominal
EVA-0158,15,93,20,37.4,98,-62.0,471,29.6,13.5,nominal
EVA-0158,20,99,20,37.3,98,-60.8,496,29.6,15.0,nominal
EVA-0158,25,94,19,37.3,98,-59.0,517,29.6,12.8,nominal
EVA-0158,30,96,20,37.3,98,-56.8,458,29.6,14.2,nominal
EVA-0158,35,97,21,37.3,98,-56.0,538,29.6,14.3,nominal
EVA-0158,40,93,19,37.3,98,-57.2,525,29.6,13.2,nominal
EVA-0158,45,98,20,37.3,98,-53.6,573,29.7,14.8,nominal
EVA-0158,50,103,20,37.4,98,-51.7,665,29.6,17.1,nominal
EVA-0158,55,100,21,37.3,98,-51.4,526,29.6,14.5,nominal
EVA-0158,60,104,20,37.3,98,-54.0,651,29.6,14.6,nominal
EVA-0158,65,102,21,37.3,98,-49.8,689,29.6,15.5,nominal
EVA-0158,70,103,20,37.3,98,-47.5,666,29.5,15.0,nominal
EVA-0158,75,103,21,37.4,98,-48.7,646,29.5,17.2,nominal
EVA-0158,80,100,21,37.3,97,-43.9,698,29.5,17.4,nominal
EVA-0158,85,99,21,37.3,98,-49.2,676,29.6,16.7,nominal
EVA-0158,90,100,21,37.3,98,-45.7,706,29.7,15.7,nominal
EVA-0158,95,95,20,37.4,98,-44.4,670,29.6,14.6,nominal
EVA-0158,100,103,20,37.3,98,-44.6,625,29.6,15.0,nominal
EVA-0158,105,101,21,37.3,98,-44.2,734,29.6,16.4,nominal
EVA-0158,110,99,21,37.4,98,-45.3,807,29.6,15.8,nominal
EVA-0158,115,97,20,37.4,98,-44.5,683,29.5,13.9,nominal
EVA-0158,120,102,19,37.3,98,-43.0,707,29.6,15.1,nominal
EVA-0158,125,97,17,37.3,97,-46.2,720,29.6,12.0,nominal
EVA-0158,130,95,18,37.4,98,-42.6,657,29.7,13.4,nominal
EVA-0158,135,102,19,37.3,98,-44.0,693,29.6,14.4,nominal
EVA-0158,140,100,20,37.3,98,-43.5,754,29.7,13.3,nominal
EVA-0158,145,97,20,37.2,98,-43.5,744,29.6,13.1,nominal
EVA-0158,150,93,20,37.4,98,-40.6,758,29.7,13.7,nominal
EVA-0158,155,99,21,37.4,98,-43.9,766,29.6,16.5,nominal
EVA-0158,160,93,19,37.3,98,-47.7,768,29.6,11.8,nominal
EVA-0158,165,96,18,37.3,98,-44.4,748,29.6,11.5,nominal
EVA-0158,170,95,19,37.3,98,-51.0,810,29.7,12.4,nominal
EVA-0158,175,97,21,37.3,98,-49.2,814,29.7,15.6,nominal
EVA-0158,180,96,19,37.2,98,-49.4,768,29.6,11.3,nominal
EVA-0158,185,88,20,37.2,97,-51.0,834,29.6,12.8,nominal
EVA-0158,190,90,18,37.3,98,-51.3,796,29.7,10.9,nominal
EVA-0158,195,89,18,37.3,98,-53.0,862,29.6,10.2,nominal
EVA-0158,200,87,17,37.2,98,-52.4,839,29.6,8.7,nominal
EVA-0158,205,85,17,37.2,98,-55.7,867,29.6,7.5,nominal
EVA-0158,210,84,17,37.2,98,-56.4,866,29.6,7.4,nominal
EVA-0158,215,79,17,37.2,98,-55.3,864,29.6,6.1,nominal
EVA-0158,220,75,17,37.1,98,-57.5,889,29.6,4.5,nominal
EVA-0158,225,73,18,37.1,98,-60.1,921,29.6,5.3,nominal
EVA-0158,230,77,16,37.1,98,-60.5,897,29.6,3.7,nominal
EVA-0158,235,79,16,37.2,98,-60.0,904,29.6,5.3,nominal
EVA-0158,240,76,16,37.1,98,-65.0,892,29.6,4.2,nominal
EVA-0158,245,79,16,37.2,98,-65.7,835,29.6,4.5,nominal
EVA-0158,250,77,17,37.1,98,-66.2,926,29.5,5.6,nominal
EVA-0159,0,94,17,37.4,98,-79.7,489,29.5,10.5,heater_failure
EVA-0159,5,100,18,37.2,98,-80.6,523,29.6,11.5,heater_failure
EVA-0159,10,103,19,37.1,99,-79.0,554,29.6,10.8,heater_failure
EVA-0159,15,104,19,37.0,99,-79.8,606,29.6,10.2,heater_failure
EVA-0159,20,111,20,36.9,99,-79.5,618,29.6,13.9,heater_failure
EVA-0159,25,108,19,36.7,99,-79.0,598,29.6,15.2,heater_failure
EVA-0159,30,116,21,36.7,99,-79.5,639,29.6,18.2,heater_failure
EVA-0159,35,109,20,36.6,99,-79.2,674,29.7,17.3,heater_failure
EVA-0159,40,111,20,36.5,98,-78.9,776,29.6,19.1,heater_failure
EVA-0159,45,117,21,36.4,98,-78.0,724,29.5,21.3,heater_failure
EVA-0159,50,116,20,36.2,99,-78.2,905,29.5,24.0,heater_failure
EVA-0159,55,113,20,36.3,98,-76.6,767,29.6,21.8,heater_failure
EVA-0159,60,123,20,35.9,99,-78.9,727,29.6,28.3,heater_failure
EVA-0159,65,118,19,35.8,99,-78.2,842,29.6,28.8,heater_failure
EVA-0159,70,112,19,36.1,98,-73.8,896,29.6,23.6,heater_failure
EVA-0159,75,117,17,35.7,99,-76.3,894,29.6,27.5,heater_failure
EVA-0159,80,115,16,35.6,99,-76.7,905,29.6,27.7,heater_failure
EVA-0159,85,107,16,35.6,99,-75.2,902,29.6,25.6,heater_failure
EVA-0159,90,102,17,35.5,99,-74.1,930,29.6,27.1,heater_failure
EVA-0160,0,84,15,37.0,98,-55.5,894,29.6,3.5,scrubber_exhaustion
EVA-0160,5,86,17,37.0,98,-55.8,940,29.5,4.9,scrubber_exhaustion
EVA-0160,10,86,16,37.0,99,-58.2,856,29.6,4.1,scrubber_exhaustion
EVA-0160,15,87,15,37.0,98,-57.4,898,29.6,4.1,scrubber_exhaustion
EVA-0160,20,84,16,37.0,98,-58.3,834,29.6,3.7,scrubber_exhaustion
EVA-0160,25,92,17,37.0,98,-59.9,861,29.6,6.6,scrubber_exhaustion
EVA-0160,30,93,17,37.0,98,-60.7,919,29.6,6.4,scrubber_exhaustion
EVA-0160,35,91,18,37.1,98,-62.4,804,29.6,7.6,scrubber_exhaustion
EVA-0160,40,92,18,37.1,98,-62.8,957,29.6,8.6,scrubber_exhaustion
EVA-0160,45,97,17,37.1,98,-65.0,908,29.6,7.2,scrubber_exhaustion
EVA-0160,50,96,17,37.1,98,-65.0,896,29.6,7.5,scrubber_exhaustion
EVA-0160,55,97,17,37.1,98,-68.4,974,29.6,9.1,scrubber_exhaustion
EVA-0160,60,97,16,37.1,98,-69.4,1048,29.6,7.0,scrubber_exhaustion
EVA-0160,65,104,19,37.1,98,-68.5,1019,29.6,11.2,scrubber_exhaustion
EVA-0160,70,106,18,37.1,98,-68.5,1121,29.6,10.8,scrubber_exhaustion
EVA-0160,75,110,19,37.1,98,-70.3,1229,29.7,12.6,scrubber_exhaustion
EVA-0160,80,109,19,37.2,98,-69.7,1347,29.6,14.5,scrubber_exhaustion
EVA-0160,85,109,19,37.3,98,-70.5,1445,29.6,15.1,scrubber_exhaustion
EVA-0160,90,117,21,37.2,98,-73.7,1682,29.6,17.7,scrubber_exhaustion
EVA-0160,95,114,21,37.3,98,-68.6,1890,29.6,19.1,scrubber_exhaustion
EVA-0160,100,113,23,37.3,98,-73.0,1997,29.6,19.5,scrubber_exhaustion
EVA-0160,105,122,24,37.3,98,-72.6,2426,29.7,22.3,scrubber_exhaustion
EVA-0160,110,117,23,37.4,98,-69.9,2616,29.6,21.9,scrubber_exhaustion
EVA-0160,115,123,22,37.3,98,-71.0,3014,29.6,21.4,scrubber_exhaustion
EVA-0160,120,123,24,37.5,98,-71.5,3432,29.6,24.9,scrubber_exhaustion
EVA-0160,125,128,27,37.5,97,-70.7,3737,29.6,30.0,scrubber_exhaustion
EVA-0160,130,131,26,37.5,97,-70.6,4115,29.6,30.7,scrubber_exhaustion
EVA-0160,135,131,27,37.5,97,-69.8,4632,29.6,31.9,scrubber_exhaustion
EVA-0160,140,134,28,37.6,97,-67.1,5145,29.6,34.1,scrubber_exhaustion
EVA-0160,145,138,29,37.7,97,-67.7,5538,29.6,38.1,scrubber_exhaustion
EVA-0160,150,138,30,37.7,97,-67.4,6018,29.6,39.0,scrubber_exhaustion
EVA-0160,155,145,31,37.8,97,-66.0,6744,29.6,42.2,scrubber_exhaustion
EVA-0160,160,148,33,37.8,97,-64.2,7328,29.6,44.7,scrubber_exhaustion
EVA-0160,165,147,34,37.8,97,-63.8,7936,29.6,45.5,scrubber_exhaustion
EVA-0160,170,153,35,37.9,97,-62.1,8498,29.5,49.9,scrubber_exhaustion
EVA-0160,175,160,35,38.0,97,-60.1,9299,29.6,52.3,scrubber_exhaustion
EVA-0160,180,167,36,38.1,96,-59.8,10042,29.6,56.5,scrubber_exhaustion
EVA-0160,185,159,37,38.1,96,-59.1,10848,29.6,53.3,scrubber_exhaustion
EVA-0161,0,99,16,37.0,97,-70.4,513,29.6,8.3,scrubber_exhaustion
EVA-0161,5,99,16,36.9,97,-70.5,568,29.7,8.4,scrubber_exhaustion
EVA-0161,10,100,16,37.0,97,-69.9,650,29.6,9.4,scrubber_exhaustion
EVA-0161,15,103,16,36.9,98,-67.6,526,29.7,8.6,scrubber_exhaustion
EVA-0161,20,99,17,37.0,97,-69.2,595,29.7,8.9,scrubber_exhaustion
EVA-0161,25,101,16,37.0,97,-69.4,557,29.6,8.7,scrubber_exhaustion
EVA-0161,30,103,18,36.9,97,-67.6,628,29.6,11.4,scrubber_exhaustion
EVA-0161,35,106,18,37.0,97,-67.7,623,29.6,12.3,scrubber_exhaustion
EVA-0161,40,108,19,37.1,97,-65.3,586,29.7,14.8,scrubber_exhaustion
EVA-0161,45,110,18,37.0,98,-66.2,637,29.6,12.5,scrubber_exhaustion
EVA-0161,50,109,19,37.1,97,-69.4,646,29.6,15.1,scrubber_exhaustion
EVA-0161,55,109,19,37.1,97,-65.7,622,29.6,14.1,scrubber_exhaustion
EVA-0161,60,115,19,37.1,97,-65.4,638,29.6,16.4,scrubber_exhaustion
EVA-0161,65,111,18,37.2,97,-63.8,635,29.6,15.7,scrubber_exhaustion
EVA-0161,70,107,19,37.1,98,-65.6,569,29.6,12.8,scrubber_exhaustion
EVA-0161,75,107,19,37.1,97,-63.6,720,29.7,14.1,scrubber_exhaustion
EVA-0161,80,116,20,37.1,98,-64.9,739,29.6,15.5,scrubber_exhaustion
EVA-0161,85,112,19,37.0,97,-63.7,614,29.6,13.4,scrubber_exhaustion
EVA-0161,90,117,20,37.1,97,-64.8,754,29.5,17.2,scrubber_exhaustion
EVA-0161,95,118,19,37.2,97,-64.7,725,29.6,16.9,scrubber_exhaustion
EVA-0161,100,118,20,37.2,97,-61.5,664,29.6,17.5,scrubber_exhaustion
EVA-0161,105,119,18,37.2,97,-62.0,712,29.6,17.7,scrubber_exhaustion
EVA-0161,110,120,20,37.1,98,-63.0,696,29.6,16.9,scrubber_exhaustion
EVA-0161,115,119,21,37.1,97,-60.0,777,29.6,18.8,scrubber_exhaustion
EVA-0161,120,116,21,37.2,97,-63.8,705,29.6,18.7,scrubber_exhaustion
EVA-0161,125,128,20,37.2,98,-60.9,865,29.5,19.4,scrubber_exhaustion
EVA-0161,130,124,19,37.3,97,-61.5,858,29.6,19.7,scrubber_exhaustion
EVA-0161,135,122,20,37.2,97,-57.5,799,29.6,19.8,scrubber_exhaustion
EVA-0161,140,118,20,37.3,97,-59.0,991,29.6,19.2,scrubber_exhaustion
EVA-0161,145,124,20,37.2,98,-57.9,1026,29.7,18.4,scrubber_exhaustion
EVA-0161,150,123,19,37.3,97,-57.2,1077,29.7,18.4,scrubber_exhaustion
EVA-0161,155,122,21,37.1,97,-56.2,1220,29.5,17.7,scrubber_exhaustion
EVA-0161,160,124,20,37.2,97,-55.9,1351,29.6,19.5,scrubber_exhaustion
EVA-0161,165,127,22,37.2,98,-55.3,1409,29.7,21.1,scrubber_exhaustion
EVA-0161,170,125,20,37.1,97,-56.2,1631,29.6,20.1,scrubber_exhaustion
EVA-0161,175,128,22,37.2,97,-54.5,1738,29.7,23.1,scrubber_exhaustion
EVA-0161,180,131,22,37.2,97,-56.0,1974,29.6,22.5,scrubber_exhaustion
EVA-0161,185,128,21,37.3,97,-55.4,2126,29.6,22.1,scrubber_exhaustion
EVA-0161,190,128,24,37.3,97,-56.4,2298,29.6,25.3,scrubber_exhaustion
EVA-0161,195,129,24,37.3,97,-52.3,2598,29.6,26.0,scrubber_exhaustion
EVA-0161,200,132,25,37.4,97,-55.3,2794,29.6,28.4,scrubber_exhaustion
EVA-0161,205,129,25,37.4,97,-52.2,3076,29.6,28.9,scrubber_exhaustion
EVA-0161,210,139,25,37.5,98,-53.1,3361,29.6,30.3,scrubber_exhaustion
EVA-0161,215,137,26,37.5,97,-53.3,3698,29.6,32.7,scrubber_exhaustion
EVA-0161,220,141,27,37.5,97,-53.0,3918,29.6,34.9,scrubber_exhaustion
EVA-0161,225,142,27,37.5,97,-54.6,4221,29.6,33.8,scrubber_exhaustion
EVA-0161,230,147,27,37.6,97,-51.4,4671,29.6,37.3,scrubber_exhaustion
EVA-0161,235,143,29,37.5,97,-53.7,4951,29.6,36.3,scrubber_exhaustion
EVA-0161,240,150,30,37.7,97,-52.0,5297,29.7,41.7,scrubber_exhaustion
EVA-0161,245,154,31,37.7,97,-54.0,5725,29.6,43.2,scrubber_exhaustion
EVA-0161,250,152,32,37.8,97,-55.1,6096,29.7,45.2,scrubber_exhaustion
EVA-0161,255,157,32,37.8,96,-51.1,6519,29.6,47.9,scrubber_exhaustion
EVA-0161,260,157,32,37.8,97,-54.3,7084,29.6,46.1,scrubber_exhaustion
EVA-0161,265,160,33,37.8,96,-53.2,7376,29.6,49.6,scrubber_exhaustion
EVA-0161,270,169,34,38.0,96,-57.6,7826,29.6,54.8,scrubber_exhaustion
EVA-0161,275,168,36,37.9,96,-54.3,8432,29.6,55.4,scrubber_exhaustion
EVA-0161,280,167,37,37.9,96,-53.7,8863,29.6,54.2,scrubber_exhaustion
EVA-0161,285,174,37,38.1,96,-54.5,9415,29.6,58.2,scrubber_exhaustion
EVA-0161,290,179,38,38.0,96,-55.1,9966,29.6,58.8,scrubber_exhaustion
EVA-0161,295,178,40,38.0,96,-55.6,10413,29.6,59.0,scrubber_exhaustion
EVA-0162,0,83,16,36.8,97,-77.2,627,29.6,8.1,scrubber_exhaustion
EVA-0162,5,84,18,36.8,98,-78.3,565,29.5,9.0,scrubber_exhaustion
EVA-0162,10,90,18,36.9,98,-77.9,598,29.6,8.1,scrubber_exhaustion
EVA-0162,15,100,20,37.0,97,-78.0,626,29.6,11.9,scrubber_exhaustion
EVA-0162,20,98,18,37.0,98,-76.8,638,29.6,8.6,scrubber_exhaustion
EVA-0162,25,105,19,37.0,98,-76.3,655,29.7,10.3,scrubber_exhaustion
EVA-0162,30,101,19,36.9,97,-76.6,672,29.6,12.5,scrubber_exhaustion
EVA-0162,35,104,19,37.0,98,-75.4,625,29.5,10.1,scrubber_exhaustion
EVA-0162,40,109,21,37.0,98,-73.6,786,29.7,13.5,scrubber_exhaustion
EVA-0162,45,110,21,37.0,98,-72.5,873,29.6,13.1,scrubber_exhaustion
EVA-0162,50,108,19,37.0,98,-69.6,1183,29.6,12.4,scrubber_exhaustion
EVA-0162,55,114,21,37.0,97,-69.4,1537,29.6,16.4,scrubber_exhaustion
EVA-0162,60,113,24,37.1,97,-69.8,1960,29.6,19.1,scrubber_exhaustion
EVA-0162,65,120,24,37.2,98,-68.0,2436,29.6,21.8,scrubber_exhaustion
EVA-0162,70,124,25,37.2,97,-65.4,3125,29.6,24.2,scrubber_exhaustion
EVA-0162,75,128,26,37.3,98,-62.9,3838,29.6,26.6,scrubber_exhaustion
EVA-0162,80,128,29,37.3,97,-63.4,4661,29.5,30.3,scrubber_exhaustion
EVA-0162,85,136,29,37.4,96,-60.6,5725,29.5,35.3,scrubber_exhaustion
EVA-0162,90,139,32,37.6,97,-61.4,6641,29.7,41.0,scrubber_exhaustion
EVA-0162,95,142,32,37.7,96,-59.5,7861,29.6,43.6,scrubber_exhaustion
EVA-0162,100,158,38,37.8,96,-58.7,9171,29.7,50.7,scrubber_exhaustion
EVA-0162,105,167,40,38.0,96,-60.3,10492,29.7,54.5,scrubber_exhaustion
EVA-0163,0,90,15,37.0,98,-46.3,857,29.6,4.0,nominal
EVA-0163,5,87,15,37.0,98,-43.7,850,29.6,3.4,nominal
EVA-0163,10,92,15,37.2,99,-46.2,812,29.6,7.1,nominal
EVA-0163,15,92,16,37.1,99,-46.1,870,29.6,6.4,nominal
EVA-0163,20,93,15,37.1,98,-47.4,889,29.6,6.0,nominal
EVA-0163,25,94,17,37.1,99,-47.9,948,29.6,8.3,nominal
EVA-0163,30,102,16,37.2,99,-49.3,901,29.6,9.0,nominal
EVA-0163,35,99,17,37.2,99,-49.9,962,29.7,9.8,nominal
EVA-0163,40,102,18,37.2,98,-47.5,958,29.6,11.1,nominal
EVA-0163,45,106,17,37.3,99,-50.2,1014,29.6,12.3,nominal
EVA-0163,50,101,18,37.1,98,-52.5,1031,29.6,10.5,nominal
EVA-0163,55,110,18,37.3,98,-54.2,1013,29.6,13.7,nominal
EVA-0163,60,109,17,37.2,99,-53.3,1047,29.6,12.1,nominal
EVA-0163,65,110,18,37.2,99,-57.2,1077,29.6,12.9,nominal
EVA-0163,70,112,18,37.3,99,-59.6,1064,29.6,13.9,nominal
EVA-0163,75,111,19,37.2,98,-58.5,1067,29.6,14.6,nominal
EVA-0163,80,113,18,37.2,99,-61.6,1086,29.6,13.9,nominal
EVA-0163,85,111,19,37.4,99,-63.4,1155,29.6,16.2,nominal
EVA-0163,90,110,18,37.3,99,-64.6,1101,29.5,13.5,nominal
EVA-0163,95,100,16,37.2,99,-64.0,1143,29.6,10.1,nominal
EVA-0163,100,102,16,37.2,99,-65.8,1094,29.5,9.8,nominal
EVA-0163,105,99,18,37.1,99,-68.0,1206,29.6,9.9,nominal
EVA-0163,110,102,18,37.2,99,-67.2,1172,29.6,11.4,nominal
EVA-0163,115,91,17,37.1,98,-69.6,1151,29.6,7.4,nominal
EVA-0163,120,92,14,37.0,99,-71.3,1177,29.6,4.0,nominal
EVA-0163,125,95,14,37.2,98,-71.5,1184,29.6,6.4,nominal
EVA-0163,130,87,14,37.1,98,-70.3,1208,29.6,3.4,nominal
EVA-0163,135,86,15,37.0,99,-71.4,1232,29.6,3.7,nominal
EVA-0163,140,91,16,37.1,99,-70.4,1227,29.5,5.8,nominal
EVA-0163,145,86,15,37.0,98,-69.1,1179,29.6,2.9,nominal
EVA-0163,150,88,14,37.0,98,-70.9,1344,29.7,3.0,nominal
EVA-0164,0,74,16,37.4,98,-61.4,743,29.6,7.0,scrubber_exhaustion
EVA-0164,5,77,15,37.2,98,-63.1,855,29.6,5.4,scrubber_exhaustion
EVA-0164,10,78,16,37.3,98,-63.0,809,29.6,7.0,scrubber_exhaustion
EVA-0164,15,73,16,37.2,98,-60.5,790,29.6,5.1,scrubber_exhaustion
EVA-0164,20,74,16,37.2,98,-60.0,799,29.6,4.6,scrubber_exhaustion
EVA-0164,25,77,16,37.2,99,-58.4,837,29.6,5.2,scrubber_exhaustion
EVA-0164,30,75,13,37.1,98,-56.7,861,29.6,1.8,scrubber_exhaustion
EVA-0164,35,73,15,37.2,98,-56.5,787,29.6,3.4,scrubber_exhaustion
EVA-0164,40,75,14,37.2,98,-51.9,842,29.6,2.3,scrubber_exhaustion
EVA-0164,45,77,17,37.2,98,-53.1,858,29.6,6.4,scrubber_exhaustion
EVA-0164,50,79,17,37.2,98,-49.6,877,29.6,6.4,scrubber_exhaustion
EVA-0164,55,80,15,37.3,98,-50.1,936,29.6,4.9,scrubber_exhaustion
EVA-0164,60,80,15,37.2,98,-47.3,822,29.6,4.0,scrubber_exhaustion
EVA-0164,65,77,15,37.2,98,-45.1,939,29.5,3.4,scrubber_exhaustion
EVA-0164,70,75,16,37.1,98,-43.8,921,29.6,3.9,scrubber_exhaustion
EVA-0164,75,78,15,37.3,98,-42.6,892,29.6,5.4,scrubber_exhaustion
EVA-0164,80,78,16,37.3,98,-41.2,960,29.6,6.1,scrubber_exhaustion
EVA-0164,85,83,16,37.2,98,-39.4,916,29.6,5.7,scrubber_exhaustion
EVA-0164,90,85,17,37.3,98,-38.2,861,29.6,9.1,scrubber_exhaustion
EVA-0164,95,83,16,37.3,98,-35.5,797,29.6,7.0,scrubber_exhaustion
EVA-0164,100,85,18,37.3,98,-32.3,906,29.6,9.9,scrubber_exhaustion
EVA-0164,105,84,18,37.3,98,-32.7,946,29.6,8.2,scrubber_exhaustion
EVA-0164,110,81,18,37.2,98,-31.2,991,29.6,7.9,scrubber_exhaustion
EVA-0164,115,81,17,37.2,98,-29.5,1047,29.6,6.9,scrubber_exhaustion
EVA-0164,120,83,18,37.3,98,-30.3,1075,29.6,9.0,scrubber_exhaustion
EVA-0164,125,76,17,37.3,98,-31.0,1122,29.7,6.4,scrubber_exhaustion
EVA-0164,130,83,16,37.2,98,-28.1,1300,29.5,7.5,scrubber_exhaustion
EVA-0164,135,87,17,37.4,98,-26.5,1472,29.5,10.4,scrubber_exhaustion
EVA-0164,140,82,18,37.3,98,-24.7,1759,29.6,9.9,scrubber_exhaustion
EVA-0164,145,93,19,37.3,98,-27.9,1940,29.6,12.9,scrubber_exhaustion
EVA-0164,150,91,19,37.5,98,-25.3,2110,29.6,14.0,scrubber_exhaustion
EVA-0164,155,94,20,37.4,98,-26.3,2476,29.5,14.2,scrubber_exhaustion
EVA-0164,160,93,20,37.4,98,-27.2,2862,29.6,15.2,scrubber_exhaustion
EVA-0164,165,94,21,37.5,98,-28.3,3210,29.6,17.2,scrubber_exhaustion
EVA-0164,170,95,21,37.6,97,-28.2,3551,29.6,19.5,scrubber_exhaustion
EVA-0164,175,100,23,37.6,97,-27.4,4112,29.6,22.7,scrubber_exhaustion
EVA-0164,180,103,24,37.5,97,-27.4,4581,29.6,22.6,scrubber_exhaustion
EVA-0164,185,105,24,37.7,97,-33.0,5085,29.6,25.8,scrubber_exhaustion
EVA-0164,190,109,25,37.7,97,-30.1,5621,29.7,27.6,scrubber_exhaustion
EVA-0164,195,113,27,37.8,97,-32.6,6306,29.6,31.7,scrubber_exhaustion
EVA-0164,200,118,29,37.8,97,-33.7,6820,29.6,36.3,scrubber_exhaustion
EVA-0164,205,122,30,37.9,97,-34.0,7512,29.6,38.6,scrubber_exhaustion
EVA-0164,210,124,32,38.0,97,-33.6,8268,29.6,42.1,scrubber_exhaustion
EVA-0164,215,139,34,38.1,96,-38.3,9073,29.6,49.9,scrubber_exhaustion
EVA-0164,220,142,35,38.1,97,-39.1,9796,29.6,50.5,scrubber_exhaustion
EVA-0164,225,147,36,38.3,96,-42.5,10670,29.5,54.5,scrubber_exhaustion
EVA-0165,0,82,13,37.0,97,-52.1,773,29.6,3.8,nominal
EVA-0165,5,88,14,37.0,97,-56.6,640,29.6,4.8,nominal
EVA-0165,10,80,14,36.9,97,-55.5,739,29.6,4.6,nominal
EVA-0165,15,88,14,37.0,97,-56.5,709,29.6,5.3,nominal
EVA-0165,20,82,15,37.0,97,-57.2,770,29.7,4.3,nominal
EVA-0165,25,94,15,37.1,97,-56.9,725,29.7,7.2,nominal
EVA-0165,30,94,16,37.1,97,-61.2,807,29.6,9.0,nominal
EVA-0165,35,96,16,37.0,98,-62.2,837,29.6,6.8,nominal
EVA-0165,40,98,16,37.0,98,-62.0,798,29.6,8.1,nominal
EVA-0165,45,101,18,37.1,97,-64.8,824,29.7,11.7,nominal
EVA-0165,50,103,17,37.1,98,-60.7,859,29.7,10.4,nominal
EVA-0165,55,101,17,37.1,98,-63.3,858,29.6,10.2,nominal
EVA-0165,60,104,19,37.2,97,-64.8,932,29.6,13.6,nominal
EVA-0165,65,108,17,37.1,98,-65.4,852,29.6,10.7,nominal
EVA-0165,70,109,20,37.2,97,-65.7,918,29.6,16.4,nominal
EVA-0165,75,107,18,37.2,97,-68.8,917,29.6,14.8,nominal
EVA-0165,80,112,19,37.2,98,-69.3,844,29.7,15.5,nominal
EVA-0165,85,111,18,37.1,98,-69.2,931,29.6,13.7,nominal
EVA-0165,90,112,19,37.3,97,-71.0,934,29.6,16.6,nominal
EVA-0165,95,111,18,37.2,98,-72.2,927,29.6,14.2,nominal
EVA-0165,100,111,18,37.2,98,-72.4,1040,29.6,14.0,nominal
EVA-0165,105,107,17,37.2,97,-71.9,1029,29.6,13.0,nominal
EVA-0165,110,106,18,37.1,97,-71.9,948,29.6,13.1,nominal
EVA-0165,115,108,19,37.1,97,-75.0,1022,29.6,13.5,nominal
EVA-0165,120,102,18,37.0,97,-74.2,1038,29.5,10.9,nominal
EVA-0165,125,103,17,37.1,98,-74.4,1022,29.6,10.4,nominal
EVA-0165,130,99,17,37.1,98,-76.4,977,29.6,9.4,nominal
EVA-0165,135,106,17,37.1,97,-74.5,995,29.7,13.4,nominal
EVA-0165,140,108,18,37.1,97,-75.4,1072,29.6,12.2,nominal
EVA-0165,145,103,18,37.2,97,-76.6,1082,29.6,13.2,nominal
EVA-0165,150,101,17,37.1,98,-76.2,1058,29.5,9.0,nominal
EVA-0165,155,98,16,37.1,97,-75.0,1141,29.6,9.6,nominal
EVA-0165,160,93,16,37.0,97,-74.5,1160,29.5,6.9,nominal
EVA-0165,165,98,15,37.1,97,-75.2,1170,29.6,7.9,nominal
EVA-0165,170,90,16,37.1,97,-73.3,1182,29.6,8.5,nominal
EVA-0165,175,93,17,37.0,97,-74.0,1125,29.6,8.0,nominal
EVA-0165,180,85,16,37.1,97,-74.5,1077,29.6,7.1,nominal
EVA-0165,185,87,16,37.0,98,-75.7,1133,29.6,5.7,nominal
EVA-0165,190,87,16,37.0,98,-73.2,1154,29.6,5.1,nominal
EVA-0166,0,78,15,36.7,98,-40.8,680,29.6,6.3,nominal
EVA-0166,5,85,16,36.9,98,-37.8,707,29.6,6.3,nominal
EVA-0166,10,92,16,36.8,98,-36.8,754,29.6,7.3,nominal
EVA-0166,15,98,16,37.0,97,-38.3,833,29.6,8.3,nominal
EVA-0166,20,99,16,36.9,98,-40.2,865,29.5,8.3,nominal
EVA-0166,25,99,17,36.9,98,-42.3,795,29.7,9.6,nominal
EVA-0166,30,103,17,36.9,98,-45.0,838,29.6,9.4,nominal
EVA-0166,35,98,18,37.0,98,-48.3,851,29.6,8.7,nominal
EVA-0166,40,104,17,36.8,98,-53.2,911,29.6,11.6,nominal
EVA-0166,45,93,17,36.9,98,-54.5,991,29.7,8.6,nominal
EVA-0166,50,93,15,36.8,97,-62.3,981,29.6,7.9,nominal
EVA-0166,55,92,16,36.9,98,-64.3,1022,29.6,6.8,nominal
EVA-0166,60,87,15,36.8,97,-72.8,1056,29.6,8.1,nominal
EVA-0166,65,78,12,36.8,98,-74.4,1021,29.6,4.2,nominal
EVA-0166,70,82,14,36.8,98,-77.8,1014,29.6,5.2,nominal
EVA-0166,75,78,15,36.7,97,-79.8,1070,29.6,7.0,nominal
EVA-0166,80,73,13,36.7,97,-82.4,1158,29.5,5.1,nominal
EVA-0166,85,74,13,36.8,97,-81.4,1173,29.6,4.8,nominal
EVA-0167,0,84,17,36.9,97,-74.7,590,29.6,8.3,heater_failure
EVA-0167,5,83,17,36.7,97,-76.4,686,29.7,10.2,heater_failure
EVA-0167,10,83,17,36.7,97,-73.9,818,29.6,10.2,heater_failure
EVA-0167,15,90,19,36.6,97,-72.6,713,29.6,15.0,heater_failure
EVA-0167,20,96,18,36.5,97,-75.5,710,29.6,16.3,heater_failure
EVA-0167,25,98,19,36.4,97,-73.7,734,29.6,18.2,heater_failure
EVA-0167,30,105,20,36.4,97,-73.4,834,29.5,21.2,heater_failure
EVA-0167,35,108,21,36.3,97,-72.2,777,29.6,23.6,heater_failure
EVA-0167,40,104,21,36.2,97,-73.4,900,29.6,23.0,heater_failure
EVA-0167,45,113,22,36.2,97,-73.5,792,29.6,27.6,heater_failure
EVA-0167,50,113,21,36.2,97,-72.0,899,29.6,25.6,heater_failure
EVA-0167,55,114,21,36.1,97,-72.6,945,29.6,26.8,heater_failure
EVA-0167,60,118,20,35.9,97,-72.2,974,29.6,30.8,heater_failure
EVA-0167,65,111,20,35.9,98,-71.1,996,29.6,26.2,heater_failure
EVA-0167,70,113,19,35.5,97,-74.3,1001,29.5,31.9,heater_failure
EVA-0167,75,105,18,35.5,97,-72.8,1066,29.7,29.7,heater_failure
EVA-0167,80,99,16,35.3,97,-73.8,994,29.6,30.2,heater_failure
EVA-0167,85,101,17,35.3,97,-73.5,1034,29.7,30.3,heater_failure
EVA-0168,0,89,15,37.2,98,-66.8,740,29.6,7.2,heater_failure
EVA-0168,5,93,15,37.2,97,-64.1,816,29.6,8.8,heater_failure
EVA-0168,10,100,14,37.2,98,-66.3,783,29.6,8.4,heater_failure
EVA-0168,15,105,15,37.0,97,-63.2,797,29.5,9.1,heater_failure
EVA-0168,20,98,15,37.2,98,-60.8,814,29.7,9.1,heater_failure
EVA-0168,25,105,16,37.3,98,-62.1,845,29.6,11.9,heater_failure
EVA-0168,30,102,17,37.2,98,-65.3,952,29.6,10.4,heater_failure
EVA-0168,35,106,17,37.3,97,-63.0,884,29.6,13.5,heater_failure
EVA-0168,40,107,19,37.2,98,-64.1,897,29.6,13.9,heater_failure
EVA-0168,45,113,18,37.2,97,-62.8,931,29.6,15.4,heater_failure
EVA-0168,50,111,18,37.1,97,-65.3,920,29.6,13.7,heater_failure
EVA-0168,55,110,19,36.9,98,-67.9,901,29.7,13.7,heater_failure
EVA-0168,60,111,17,36.9,98,-67.5,914,29.6,12.4,heater_failure
EVA-0168,65,107,17,36.6,97,-69.4,981,29.6,15.7,heater_failure
EVA-0168,70,110,18,36.4,98,-72.4,1088,29.5,19.2,heater_failure
EVA-0168,75,107,16,36.3,97,-71.4,1108,29.5,18.8,heater_failure
EVA-0168,80,108,17,36.1,97,-72.4,1026,29.6,22.3,heater_failure
EVA-0168,85,109,17,36.0,98,-73.2,1090,29.6,22.3,heater_failure
EVA-0168,90,110,17,35.9,97,-73.6,1124,29.5,25.3,heater_failure
EVA-0168,95,114,17,35.4,98,-76.2,1107,29.6,31.1,heater_failure
EVA-0168,100,100,14,34.9,97,-78.5,1219,29.6,32.1,heater_failure
EVA-0169,0,91,17,36.8,98,-47.0,765,29.6,8.6,scrubber_exhaustion
EVA-0169,5,93,16,36.8,98,-45.5,834,29.7,7.7,scrubber_exhaustion
EVA-0169,10,90,16,36.8,98,-46.0,790,29.6,6.8,scrubber_exhaustion
EVA-0169,15,87,17,36.8,98,-44.1,821,29.6,7.9,scrubber_exhaustion
EVA-0169,20,87,17,36.8,99,-43.8,848,29.6,7.7,scrubber_exhaustion
EVA-0169,25,89,17,36.9,98,-40.7,856,29.6,7.1,scrubber_exhaustion
EVA-0169,30,92,17,36.8,98,-41.7,825,29.6,7.8,scrubber_exhaustion
EVA-0169,35,91,18,36.9,99,-42.7,894,29.6,7.8,scrubber_exhaustion
EVA-0169,40,90,17,36.9,98,-40.0,849,29.6,6.4,scrubber_exhaustion
EVA-0169,45,96,17,36.9,98,-40.6,975,29.6,9.0,scrubber_exhaustion
EVA-0169,50,97,18,37.0,98,-37.7,894,29.6,7.8,scrubber_exhaustion
EVA-0169,55,99,18,36.9,99,-36.9,950,29.6,9.2,scrubber_exhaustion
EVA-0169,60,97,18,36.9,98,-37.7,966,29.6,8.7,scrubber_exhaustion
EVA-0169,65,99,18,36.9,98,-37.4,928,29.6,10.4,scrubber_exhaustion
EVA-0169,70,98,19,36.8,98,-35.3,912,29.7,11.3,scrubber_exhaustion
EVA-0169,75,101,19,37.0,98,-35.8,999,29.6,9.6,scrubber_exhaustion
EVA-0169,80,100,19,37.0,99,-35.1,913,29.7,9.7,scrubber_exhaustion
EVA-0169,85,96,19,37.0,98,-34.0,930,29.6,9.1,scrubber_exhaustion
EVA-0169,90,99,18,37.0,98,-32.1,1025,29.7,8.8,scrubber_exhaustion
EVA-0169,95,101,19,37.0,98,-34.0,1007,29.6,10.3,scrubber_exhaustion
EVA-0169,100,99,20,37.0,99,-32.6,1037,29.6,10.1,scrubber_exhaustion
EVA-0169,105,102,19,37.0,99,-28.4,1138,29.6,9.6,scrubber_exhaustion
EVA-0169,110,102,20,36.9,98,-28.5,1259,29.6,11.4,scrubber_exhaustion
EVA-0169,115,106,20,37.0,98,-29.0,1570,29.6,12.3,scrubber_exhaustion
EVA-0169,120,108,21,37.1,98,-30.1,1739,29.6,13.3,scrubber_exhaustion
EVA-0169,125,108,22,37.1,98,-29.0,1923,29.5,15.9,scrubber_exhaustion
EVA-0169,130,111,22,37.1,98,-30.1,2258,29.6,15.1,scrubber_exhaustion
EVA-0169,135,109,21,37.0,98,-32.7,2657,29.6,13.6,scrubber_exhaustion
EVA-0169,140,108,22,37.0,98,-30.1,2992,29.6,14.8,scrubber_exhaustion
EVA-0169,145,110,23,37.2,98,-29.9,3464,29.5,18.5,scrubber_exhaustion
EVA-0169,150,111,23,37.2,97,-29.3,3977,29.6,19.2,scrubber_exhaustion
EVA-0169,155,109,23,37.3,98,-28.8,4500,29.6,19.3,scrubber_exhaustion
EVA-0169,160,110,26,37.2,97,-27.5,5188,29.6,22.6,scrubber_exhaustion
EVA-0169,165,120,28,37.4,97,-29.6,5754,29.6,29.1,scrubber_exhaustion
EVA-0169,170,120,29,37.4,97,-31.1,6478,29.6,29.0,scrubber_exhaustion
EVA-0169,175,123,30,37.6,97,-30.4,7236,29.6,33.4,scrubber_exhaustion
EVA-0169,180,133,33,37.5,97,-29.7,8099,29.6,38.6,scrubber_exhaustion
EVA-0169,185,149,34,37.7,97,-31.0,8872,29.6,45.9,scrubber_exhaustion
EVA-0169,190,145,36,37.8,97,-32.2,9871,29.6,47.1,scrubber_exhaustion
EVA-0169,195,154,38,37.9,96,-31.1,10708,29.6,50.6,scrubber_exhaustion
EVA-0170,0,91,21,37.0,98,-34.9,907,29.6,9.8,nominal
EVA-0170,5,92,18,37.0,98,-36.2,793,29.6,7.5,nominal
EVA-0170,10,96,20,37.0,97,-32.0,793,29.6,12.4,nominal
EVA-0170,15,98,19,37.1,98,-35.8,736,29.6,10.9,nominal
EVA-0170,20,97,19,37.0,98,-33.8,857,29.6,10.0,nominal
EVA-0170,25,98,20,37.1,97,-34.9,872,29.5,13.0,nominal
EVA-0170,30,102,20,37.2,97,-33.9,900,29.7,15.2,nominal
EVA-0170,35,100,20,37.1,98,-35.6,939,29.5,13.1,nominal
EVA-0170,40,104,21,37.1,98,-37.2,841,29.6,14.0,nominal
EVA-0170,45,100,20,37.1,98,-36.9,982,29.6,12.8,nominal
EVA-0170,50,101,21,37.1,98,-33.6,896,29.5,13.1,nominal
EVA-0170,55,100,21,37.1,98,-36.4,936,29.6,13.1,nominal
EVA-0170,60,101,20,37.1,98,-34.5,927,29.6,13.1,nominal
EVA-0170,65,100,21,37.0,97,-38.0,906,29.7,13.6,nominal
EVA-0170,70,98,20,37.0,98,-37.1,898,29.6,11.5,nominal
EVA-0170,75,98,20,37.1,98,-39.9,972,29.6,12.0,nominal
EVA-0170,80,100,20,37.1,98,-38.8,930,29.5,11.8,nominal
EVA-0170,85,105,21,37.2,98,-36.6,974,29.6,14.8,nominal
EVA-0170,90,99,22,37.1,98,-40.7,976,29.6,15.6,nominal
EVA-0170,95,107,22,37.1,98,-41.1,989,29.6,14.4,nominal
EVA-0170,100,107,21,37.1,98,-39.8,935,29.6,13.8,nominal
EVA-0170,105,98,20,37.1,98,-41.2,885,29.6,12.4,nominal
EVA-0170,110,103,22,37.1,98,-39.6,1076,29.6,14.4,nominal
EVA-0170,115,104,21,37.1,98,-42.7,1099,29.7,13.6,nominal
EVA-0170,120,100,20,37.1,98,-42.8,944,29.7,13.2,nominal
EVA-0170,125,102,20,37.2,97,-43.1,1089,29.6,15.5,nominal
EVA-0170,130,101,22,37.1,98,-45.3,1091,29.6,14.7,nominal
EVA-0170,135,102,21,37.1,98,-46.2,1032,29.6,12.7,nominal
EVA-0170,140,97,21,37.1,98,-46.8,1143,29.6,11.7,nominal
EVA-0170,145,99,20,37.0,98,-49.7,1165,29.6,11.7,nominal
EVA-0170,150,94,20,37.0,98,-46.4,1172,29.6,10.2,nominal
EVA-0170,155,91,19,37.0,97,-48.4,1213,29.6,9.7,nominal
EVA-0170,160,93,20,37.0,97,-48.0,1191,29.6,11.2,nominal
EVA-0170,165,90,19,37.0,98,-46.7,1119,29.6,8.0,nominal
EVA-0170,170,83,18,37.0,98,-49.6,1168,29.6,5.3,nominal
EVA-0170,175,78,18,37.0,98,-48.1,1195,29.6,4.6,nominal
EVA-0170,180,85,18,36.9,98,-51.4,1257,29.6,7.1,nominal
EVA-0170,185,82,18,36.9,98,-50.8,1188,29.6,6.2,nominal
EVA-0170,190,81,18,36.9,98,-48.3,1182,29.5,6.8,nominal
EVA-0170,195,80,17,37.0,98,-51.4,1147,29.6,4.6,nominal
EVA-0171,0,86,17,37.1,98,-77.3,540,29.6,5.9,heater_failure
EVA-0171,5,92,18,37.0,98,-76.3,586,29.6,7.6,heater_failure
EVA-0171,10,95,18,36.9,98,-74.2,588,29.6,8.8,heater_failure
EVA-0171,15,91,17,37.0,98,-75.0,526,29.6,7.0,heater_failure
EVA-0171,20,94,19,36.8,98,-76.4,515,29.6,11.6,heater_failure
EVA-0171,25,99,18,36.8,98,-78.2,574,29.6,11.3,heater_failure
EVA-0171,30,100,18,36.8,97,-76.1,666,29.5,13.3,heater_failure
EVA-0171,35,102,20,36.8,97,-72.9,586,29.6,15.4,heater_failure
EVA-0171,40,98,20,36.8,98,-74.8,637,29.6,12.1,heater_failure
EVA-0171,45,106,19,36.8,98,-73.2,646,29.5,14.5,heater_failure
EVA-0171,50,104,20,36.7,97,-73.0,657,29.6,16.2,heater_failure
EVA-0171,55,103,21,36.7,98,-73.6,691,29.6,16.2,heater_failure
EVA-0171,60,107,19,36.6,97,-73.5,586,29.5,18.4,heater_failure
EVA-0171,65,106,20,36.6,98,-74.1,613,29.6,18.0,heater_failure
EVA-0171,70,115,20,36.7,98,-70.6,670,29.6,17.8,heater_failure
EVA-0171,75,111,20,36.6,98,-74.4,734,29.6,18.1,heater_failure
EVA-0171,80,112,19,36.6,98,-71.9,746,29.6,18.1,heater_failure
EVA-0171,85,107,19,36.5,97,-72.3,700,29.6,19.7,heater_failure
EVA-0171,90,107,20,36.4,98,-72.6,758,29.6,18.8,heater_failure
EVA-0171,95,114,20,36.4,98,-73.6,705,29.6,21.6,heater_failure
EVA-0171,100,110,19,36.2,98,-75.4,698,29.6,22.7,heater_failure
EVA-0171,105,111,20,36.1,98,-75.2,687,29.6,23.6,heater_failure
EVA-0171,110,115,18,36.1,98,-75.0,752,29.7,23.2,heater_failure
EVA-0171,115,107,18,36.1,98,-73.9,754,29.6,22.2,heater_failure
EVA-0171,120,111,19,36.0,98,-73.6,826,29.6,24.8,heater_failure
EVA-0171,125,112,18,35.8,98,-74.6,818,29.6,26.5,heater_failure
EVA-0171,130,109,18,35.7,98,-75.0,806,29.6,27.9,heater_failure
EVA-0171,135,112,17,35.7,98,-74.4,818,29.6,26.6,heater_failure
EVA-0171,140,107,17,35.3,98,-78.6,808,29.6,32.1,heater_failure
EVA-0171,145,112,18,35.3,98,-79.1,758,29.6,32.8,heater_failure
EVA-0171,150,107,16,35.2,98,-78.8,796,29.6,32.1,heater_failure
EVA-0171,155,113,17,35.4,98,-76.2,896,29.6,30.7,heater_failure
EVA-0171,160,94,16,34.9,97,-80.2,866,29.7,32.1,heater_failure
EVA-0171,165,103,16,35.1,98,-78.2,824,29.6,31.9,heater_failure
EVA-0171,170,96,16,34.8,97,-79.7,956,29.5,33.4,heater_failure
EVA-0171,175,84,13,34.8,98,-78.9,982,29.6,28.0,heater_failure
EVA-0171,180,81,13,34.7,98,-79.7,972,29.6,27.1,heater_failure
EVA-0171,185,81,14,34.6,98,-79.6,948,29.6,27.4,heater_failure
EVA-0172,0,79,19,36.9,99,-66.6,515,29.6,7.3,heater_failure
EVA-0172,5,79,18,36.9,98,-67.0,587,29.6,5.7,heater_failure
EVA-0172,10,85,19,36.9,98,-65.4,519,29.6,8.5,heater_failure
EVA-0172,15,81,19,36.8,99,-64.8,528,29.7,8.8,heater_failure
EVA-0172,20,81,19,36.8,98,-66.0,572,29.7,8.6,heater_failure
EVA-0172,25,84,20,36.7,98,-68.2,627,29.6,10.7,heater_failure
EVA-0172,30,85,19,36.8,98,-69.5,612,29.6,8.8,heater_failure
EVA-0172,35,84,21,36.9,98,-69.3,582,29.6,9.9,heater_failure
EVA-0172,40,87,21,36.8,99,-69.1,665,29.6,11.7,heater_failure
EVA-0172,45,87,21,36.8,99,-69.8,648,29.6,12.0,heater_failure
EVA-0172,50,90,21,36.7,99,-71.4,688,29.6,13.5,heater_failure
EVA-0172,55,94,20,36.7,98,-69.0,609,29.6,12.9,heater_failure
EVA-0172,60,87,19,36.8,98,-69.4,721,29.6,9.6,heater_failure
EVA-0172,65,89,21,36.7,98,-69.1,736,29.6,13.6,heater_failure
EVA-0172,70,85,20,36.4,98,-73.7,713,29.6,14.7,heater_failure
EVA-0172,75,86,20,36.5,98,-73.0,702,29.6,14.9,heater_failure
EVA-0172,80,84,21,36.5,98,-72.0,710,29.5,15.1,heater_failure
EVA-0172,85,89,19,36.4,98,-72.6,711,29.6,14.4,heater_failure
EVA-0172,90,90,21,36.4,98,-73.3,642,29.6,16.8,heater_failure
EVA-0172,95,87,19,36.3,98,-74.0,684,29.7,16.0,heater_failure
EVA-0172,100,89,20,36.2,99,-74.3,714,29.7,17.9,heater_failure
EVA-0172,105,88,20,36.4,99,-70.8,680,29.6,15.5,heater_failure
EVA-0172,110,91,19,36.2,99,-75.1,799,29.6,18.5,heater_failure
EVA-0172,115,98,19,36.2,98,-75.3,765,29.5,19.4,heater_failure
EVA-0172,120,93,20,36.2,98,-74.8,830,29.7,19.1,heater_failure
EVA-0172,125,89,21,36.3,98,-73.2,793,29.6,17.9,heater_failure
EVA-0172,130,95,21,36.1,98,-73.7,703,29.6,21.4,heater_failure
EVA-0172,135,97,21,36.1,98,-72.7,832,29.5,21.9,heater_failure
EVA-0172,140,96,20,36.0,98,-73.9,761,29.6,21.7,heater_failure
EVA-0172,145,96,21,36.1,98,-72.8,850,29.7,21.6,heater_failure
EVA-0172,150,98,21,36.1,99,-72.6,865,29.6,22.4,heater_failure
EVA-0172,155,96,21,36.2,98,-70.6,865,29.6,20.7,heater_failure
EVA-0172,160,98,21,36.3,98,-70.1,861,29.6,20.2,heater_failure
EVA-0172,165,103,21,36.1,98,-72.1,840,29.6,22.4,heater_failure
EVA-0172,170,95,21,36.2,99,-70.5,827,29.6,20.4,heater_failure
EVA-0172,175,104,22,36.1,98,-71.0,920,29.6,23.3,heater_failure
EVA-0172,180,99,21,36.1,98,-69.9,856,29.6,22.4,heater_failure
EVA-0172,185,97,22,36.2,98,-69.9,834,29.6,22.4,heater_failure
EVA-0172,190,97,20,36.3,98,-69.1,879,29.6,19.5,heater_failure
EVA-0172,195,99,20,36.3,98,-68.5,918,29.6,19.4,heater_failure
EVA-0172,200,90,21,36.2,98,-68.6,925,29.6,19.2,heater_failure
EVA-0172,205,91,19,36.2,98,-68.4,833,29.6,17.6,heater_failure
EVA-0172,210,87,21,36.3,99,-66.9,939,29.6,17.6,heater_failure
EVA-0172,215,90,19,36.2,98,-67.8,929,29.6,17.5,heater_failure
EVA-0172,220,91,19,36.1,98,-67.8,890,29.6,18.6,heater_failure
EVA-0172,225,95,19,36.1,99,-68.5,876,29.6,20.2,heater_failure
EVA-0172,230,79,18,36.4,99,-65.6,986,29.6,12.3,heater_failure
EVA-0172,235,80,17,36.4,98,-64.8,998,29.6,11.4,heater_failure
EVA-0172,240,84,17,36.1,98,-67.2,1007,29.6,15.8,heater_failure
EVA-0172,245,86,19,36.3,99,-65.4,886,29.6,15.6,heater_failure
EVA-0172,250,74,18,36.5,98,-63.3,943,29.6,9.4,heater_failure
EVA-0172,255,76,18,36.3,99,-63.9,963,29.6,11.9,heater_failure
EVA-0172,260,75,18,36.5,99,-63.2,1035,29.6,9.4,heater_failure
EVA-0172,265,73,18,36.6,98,-61.8,1012,29.5,8.1,heater_failure
EVA-0172,270,75,17,36.5,99,-62.6,973,29.6,9.1,heater_failure
EVA-0173,0,90,18,37.1,99,-33.4,568,29.6,7.8,nominal
EVA-0173,5,89,18,37.1,99,-34.7,633,29.6,7.0,nominal
EVA-0173,10,95,18,37.2,99,-35.5,692,29.6,10.0,nominal
EVA-0173,15,98,19,37.1,99,-36.2,655,29.6,10.3,nominal
EVA-0173,20,91,18,37.2,99,-38.7,610,29.5,9.3,nominal
EVA-0173,25,96,19,37.2,98,-40.9,765,29.6,11.1,nominal
EVA-0173,30,104,19,37.2,99,-40.7,653,29.7,12.5,nominal
EVA-0173,35,101,19,37.2,99,-43.3,724,29.6,12.2,nominal
EVA-0173,40,98,20,37.2,99,-48.5,754,29.6,12.4,nominal
EVA-0173,45,105,20,37.3,98,-48.7,746,29.7,14.8,nominal
EVA-0173,50,95,20,37.2,99,-53.1,726,29.6,11.9,nominal
EVA-0173,55,106,20,37.2,99,-53.4,664,29.6,14.1,nominal
EVA-0173,60,103,21,37.1,99,-57.3,809,29.6,13.7,nominal
EVA-0173,65,111,23,37.3,99,-58.3,713,29.6,18.5,nominal
EVA-0173,70,111,22,37.2,99,-58.7,819,29.6,17.6,nominal
EVA-0173,75,110,21,37.2,99,-61.7,835,29.6,15.9,nominal
EVA-0173,80,112,21,37.2,99,-64.0,740,29.7,16.8,nominal
EVA-0173,85,109,21,37.3,99,-65.0,749,29.6,15.9,nominal
EVA-0173,90,109,22,37.3,98,-66.6,797,29.6,17.7,nominal
EVA-0173,95,112,22,37.3,98,-66.0,866,29.6,18.1,nominal
EVA-0173,100,111,22,37.3,99,-66.0,807,29.6,18.3,nominal
EVA-0173,105,107,20,37.3,99,-68.4,848,29.6,16.4,nominal
EVA-0173,110,107,21,37.2,98,-67.5,831,29.6,15.1,nominal
EVA-0173,115,106,21,37.2,99,-69.8,899,29.6,15.6,nominal
EVA-0173,120,104,21,37.3,99,-69.3,845,29.6,15.1,nominal
EVA-0173,125,102,19,37.2,99,-67.0,850,29.6,13.1,nominal
EVA-0173,130,95,18,37.2,99,-69.1,846,29.6,10.8,nominal
EVA-0173,135,100,19,37.1,99,-67.1,855,29.6,11.2,nominal
EVA-0173,140,93,18,37.2,99,-68.6,960,29.6,9.7,nominal
EVA-0173,145,90,18,37.1,98,-66.9,906,29.6,8.2,nominal
EVA-0173,150,94,18,37.2,98,-66.8,889,29.5,9.5,nominal
EVA-0173,155,91,18,37.2,99,-64.5,866,29.6,8.8,nominal
EVA-0173,160,92,18,37.1,99,-62.9,939,29.7,8.5,nominal
EVA-0173,165,89,17,37.1,98,-60.7,924,29.6,6.6,nominal
EVA-0173,170,89,18,37.1,99,-60.7,925,29.6,7.3,nominal
EVA-0173,175,89,17,37.1,98,-58.4,946,29.6,7.4,nominal
EVA-0173,180,87,18,37.1,99,-54.9,996,29.6,7.4,nominal
EVA-0173,185,91,17,36.9,99,-55.8,948,29.6,7.0,nominal
EVA-0173,190,82,17,37.1,99,-55.2,996,29.6,5.2,nominal
EVA-0173,195,86,16,37.1,99,-51.0,1059,29.6,5.0,nominal
EVA-0173,200,84,16,37.0,99,-47.3,1004,29.5,4.3,nominal
EVA-0173,205,82,16,37.1,99,-45.8,991,29.5,4.4,nominal
EVA-0173,210,83,17,37.0,99,-45.0,1096,29.6,4.7,nominal
EVA-0173,215,82,16,37.0,99,-41.7,1055,29.6,3.8,nominal
EVA-0174,0,78,15,37.0,98,-40.2,665,29.6,1.5,nominal
EVA-0174,5,87,15,37.0,99,-38.4,714,29.7,3.6,nominal
EVA-0174,10,91,16,37.1,98,-43.0,568,29.6,6.7,nominal
EVA-0174,15,86,16,37.2,98,-44.2,714,29.6,5.4,nominal
EVA-0174,20,99,17,37.1,98,-44.1,700,29.6,9.1,nominal
EVA-0174,25,95,16,37.1,99,-45.6,701,29.6,7.2,nominal
EVA-0174,30,94,18,37.0,98,-46.6,715,29.6,7.1,nominal
EVA-0174,35,98,18,37.1,98,-46.1,701,29.5,8.7,nominal
EVA-0174,40,95,17,37.1,98,-46.8,672,29.6,7.9,nominal
EVA-0174,45,93,17,37.1,98,-50.4,687,29.6,8.4,nominal
EVA-0174,50,99,19,37.2,98,-48.2,753,29.6,12.0,nominal
EVA-0174,55,99,18,37.3,98,-52.5,819,29.5,12.5,nominal
EVA-0174,60,100,19,37.3,98,-52.5,818,29.6,12.3,nominal
EVA-0174,65,103,19,37.2,98,-49.5,786,29.6,13.6,nominal
EVA-0174,70,104,19,37.2,98,-52.7,762,29.5,13.4,nominal
EVA-0174,75,105,19,37.2,98,-54.5,885,29.6,13.5,nominal
EVA-0174,80,109,19,37.1,98,-53.9,831,29.7,12.7,nominal
EVA-0174,85,108,21,37.2,99,-53.8,835,29.6,14.9,nominal
EVA-0174,90,107,19,37.2,98,-54.6,756,29.6,13.7,nominal
EVA-0174,95,102,21,37.3,98,-53.7,836,29.6,16.0,nominal
EVA-0174,100,105,20,37.2,98,-56.4,777,29.6,14.5,nominal
EVA-0174,105,103,19,37.1,98,-56.2,934,29.5,11.4,nominal
EVA-0174,110,101,19,37.2,98,-56.5,811,29.7,12.1,nominal
EVA-0174,115,106,19,37.2,99,-56.3,829,29.6,13.0,nominal
EVA-0174,120,101,19,37.2,98,-55.0,836,29.6,12.4,nominal
EVA-0174,125,108,19,37.2,98,-56.0,856,29.6,14.1,nominal
EVA-0174,130,105,20,37.2,98,-54.0,911,29.5,14.2,nominal
EVA-0174,135,103,18,37.3,98,-53.2,889,29.6,12.1,nominal
EVA-0174,140,111,19,37.3,98,-54.9,899,29.6,15.0,nominal
EVA-0174,145,104,19,37.2,99,-53.5,938,29.6,12.7,nominal
EVA-0174,150,105,19,37.2,99,-52.7,845,29.5,12.8,nominal
EVA-0174,155,105,18,37.2,99,-51.6,955,29.6,11.8,nominal
EVA-0174,160,107,20,37.3,98,-50.7,935,29.6,15.1,nominal
EVA-0174,165,109,19,37.2,98,-48.5,906,29.6,13.8,nominal
EVA-0174,170,104,18,37.1,98,-47.5,951,29.6,11.2,nominal
EVA-0174,175,103,19,37.2,98,-48.6,959,29.5,13.5,nominal
EVA-0174,180,104,20,37.2,98,-45.8,844,29.5,14.1,nominal
EVA-0174,185,101,18,37.2,99,-43.9,1032,29.6,10.9,nominal
EVA-0174,190,106,18,37.3,98,-43.0,1032,29.5,13.2,nominal
EVA-0174,195,99,17,37.1,99,-43.0,927,29.6,9.5,nominal
EVA-0174,200,99,18,37.2,98,-42.2,960,29.6,11.2,nominal
EVA-0174,205,95,18,37.0,99,-42.7,1063,29.5,8.1,nominal
EVA-0174,210,97,18,37.1,98,-40.3,1040,29.5,9.5,nominal
EVA-0174,215,96,17,37.1,98,-40.5,1036,29.5,7.9,nominal
EVA-0174,220,96,16,37.1,98,-36.1,1046,29.6,7.3,nominal
EVA-0174,225,93,17,37.1,98,-36.7,1051,29.6,7.7,nominal
EVA-0174,230,92,17,37.0,98,-35.4,995,29.6,6.5,nominal
EVA-0174,235,88,17,37.1,98,-34.9,1025,29.6,6.5,nominal
EVA-0174,240,93,17,37.1,98,-34.8,1103,29.6,7.1,nominal
EVA-0174,245,88,15,37.2,98,-31.3,1096,29.6,7.3,nominal
EVA-0174,250,86,17,37.1,98,-30.6,1088,29.5,5.4,nominal
EVA-0174,255,96,15,37.1,98,-29.2,1054,29.6,5.9,nominal
EVA-0174,260,85,16,37.1,98,-31.6,1135,29.6,5.0,nominal
EVA-0175,0,88,17,37.0,98,-63.5,707,29.7,5.8,seal_leak
EVA-0175,5,93,20,37.0,98,-65.1,832,29.6,9.5,seal_leak
EVA-0175,10,88,19,37.0,98,-64.5,788,29.6,7.1,seal_leak
EVA-0175,15,94,18,37.0,98,-64.3,878,29.6,8.2,seal_leak
EVA-0175,20,92,20,37.0,98,-63.5,826,29.7,9.3,seal_leak
EVA-0175,25,106,20,37.1,98,-68.7,763,29.6,12.3,seal_leak
EVA-0175,30,104,21,37.0,98,-68.5,820,29.5,13.2,seal_leak
EVA-0175,35,103,21,37.2,98,-71.4,883,29.6,13.8,seal_leak
EVA-0175,40,104,21,37.1,98,-69.0,825,29.6,14.2,seal_leak
EVA-0175,45,99,22,37.1,98,-72.2,851,29.5,13.7,seal_leak
EVA-0175,50,107,20,37.1,98,-71.0,893,29.6,12.5,seal_leak
EVA-0175,55,98,20,37.2,98,-70.5,731,29.5,13.3,seal_leak
EVA-0175,60,106,20,37.1,98,-73.1,867,29.6,13.1,seal_leak
EVA-0175,65,107,22,37.1,98,-74.4,894,29.5,14.6,seal_leak
EVA-0175,70,106,22,37.2,98,-72.4,800,29.5,15.2,seal_leak
EVA-0175,75,109,23,37.1,98,-73.7,877,29.4,16.0,seal_leak
EVA-0175,80,105,22,37.1,98,-76.5,830,29.3,15.4,seal_leak
EVA-0175,85,112,21,37.0,97,-75.6,757,29.1,16.2,seal_leak
EVA-0175,90,108,22,37.0,97,-77.3,861,29.0,16.7,seal_leak
EVA-0175,95,110,21,37.0,97,-75.5,825,28.9,16.8,seal_leak
EVA-0175,100,107,22,37.0,97,-77.1,821,28.8,16.6,seal_leak
EVA-0175,105,110,21,36.9,97,-75.9,848,28.6,18.3,seal_leak
EVA-0175,110,107,22,36.9,96,-79.3,781,28.5,19.3,seal_leak
EVA-0175,115,115,22,37.0,96,-78.4,848,28.3,21.0,seal_leak
EVA-0175,120,115,23,37.0,96,-79.0,779,28.1,22.2,seal_leak
EVA-0175,125,114,23,36.8,95,-79.1,871,28.0,25.9,seal_leak
EVA-0175,130,118,23,36.9,95,-80.4,853,27.8,24.9,seal_leak
EVA-0175,135,127,23,36.9,95,-82.8,865,27.7,27.6,seal_leak
EVA-0175,140,115,23,36.9,94,-79.5,821,27.4,27.6,seal_leak
EVA-0175,145,118,23,36.8,94,-80.5,784,27.2,29.5,seal_leak
EVA-0175,150,115,23,36.8,94,-81.8,770,27.1,28.5,seal_leak
EVA-0175,155,117,24,36.8,94,-81.6,765,26.9,31.6,seal_leak
EVA-0175,160,120,24,36.7,93,-82.6,783,26.6,33.8,seal_leak
EVA-0175,165,124,24,36.7,93,-83.6,761,26.4,35.8,seal_leak
EVA-0175,170,122,24,36.7,93,-80.2,793,26.2,35.9,seal_leak
EVA-0175,175,125,25,36.7,92,-80.9,750,26.0,38.5,seal_leak
EVA-0175,180,115,25,36.6,92,-83.2,752,25.8,39.6,seal_leak
EVA-0175,185,125,25,36.7,92,-78.6,757,25.5,40.4,seal_leak
EVA-0175,190,121,24,36.6,91,-83.0,739,25.3,42.4,seal_leak
EVA-0175,195,122,23,36.5,91,-80.7,749,25.0,43.0,seal_leak
EVA-0175,200,121,24,36.5,91,-81.5,775,24.8,43.2,seal_leak
EVA-0175,205,120,23,36.4,90,-83.0,723,24.5,46.3,seal_leak
EVA-0175,210,122,23,36.4,89,-80.9,708,24.3,48.8,seal_leak
EVA-0175,215,120,24,36.3,89,-81.4,735,24.0,50.3,seal_leak
EVA-0175,220,121,24,36.2,89,-81.8,700,23.8,53.4,seal_leak
EVA-0175,225,123,23,36.3,88,-79.2,771,23.5,53.6,seal_leak
EVA-0175,230,123,24,36.2,88,-79.8,704,23.2,55.8,seal_leak
EVA-0175,235,123,24,36.2,87,-79.4,720,22.9,57.3,seal_leak
EVA-0175,240,129,24,36.2,87,-80.2,726,22.6,59.7,seal_leak
EVA-0175,245,129,24,36.1,86,-79.2,671,22.4,62.3,seal_leak
EVA-0175,250,136,25,36.1,86,-79.3,677,22.1,66.9,seal_leak
EVA-0175,255,131,26,36.0,85,-78.3,677,21.9,68.5,seal_leak
EVA-0175,260,142,25,35.9,85,-79.7,710,21.5,71.3,seal_leak
EVA-0175,265,141,25,35.9,84,-81.0,731,21.2,71.6,seal_leak
EVA-0175,270,143,27,35.9,84,-76.0,724,20.9,73.5,seal_leak
EVA-0175,275,146,26,35.9,83,-77.2,702,20.6,73.5,seal_leak
EVA-0175,280,143,26,35.9,83,-76.0,630,20.3,72.4,seal_leak
EVA-0175,285,152,27,35.9,82,-77.0,632,20.0,76.0,seal_leak
EVA-0175,290,153,28,35.8,82,-75.9,682,19.7,79.0,seal_leak
EVA-0176,0,93,15,37.2,98,-76.3,821,29.6,6.7,heater_failure
EVA-0176,5,89,15,37.1,98,-76.7,830,29.6,4.8,heater_failure
EVA-0176,10,93,15,37.2,98,-78.2,798,29.6,7.2,heater_failure
EVA-0176,15,94,15,37.0,98,-79.0,784,29.6,4.7,heater_failure
EVA-0176,20,101,18,37.0,98,-78.3,886,29.6,10.0,heater_failure
EVA-0176,25,100,16,37.0,98,-78.3,823,29.6,7.1,heater_failure
EVA-0176,30,105,17,36.9,98,-79.8,856,29.7,9.4,heater_failure
EVA-0176,35,110,18,36.9,98,-79.6,782,29.6,12.2,heater_failure
EVA-0176,40,113,18,37.1,98,-75.7,844,29.6,12.2,heater_failure
EVA-0176,45,110,19,36.9,98,-79.7,905,29.6,13.2,heater_failure
EVA-0176,50,115,20,36.8,98,-78.2,804,29.6,15.4,heater_failure
EVA-0176,55,113,18,36.7,98,-79.7,873,29.6,14.7,heater_failure
EVA-0176,60,117,19,36.7,98,-79.1,903,29.6,17.7,heater_failure
EVA-0176,65,119,20,36.7,98,-79.8,958,29.6,18.2,heater_failure
EVA-0176,70,120,19,36.7,98,-79.6,947,29.7,17.4,heater_failure
EVA-0176,75,118,19,36.7,98,-77.5,989,29.6,17.0,heater_failure
EVA-0176,80,126,20,36.7,98,-77.4,960,29.6,20.1,heater_failure
EVA-0176,85,123,22,36.7,98,-75.5,972,29.5,20.4,heater_failure
EVA-0176,90,122,19,36.5,98,-77.3,899,29.6,21.0,heater_failure
EVA-0176,95,119,20,36.5,98,-76.8,907,29.6,20.4,heater_failure
EVA-0176,100,122,22,36.5,98,-76.7,1036,29.6,22.7,heater_failure
EVA-0176,105,117,21,36.4,98,-77.4,950,29.6,22.7,heater_failure
EVA-0176,110,124,19,36.5,98,-75.2,956,29.6,20.5,heater_failure
EVA-0176,115,125,20,36.4,98,-75.7,886,29.6,24.0,heater_failure
EVA-0176,120,124,20,36.2,98,-76.8,1047,29.6,25.2,heater_failure
EVA-0176,125,122,21,36.4,98,-73.3,958,29.6,22.4,heater_failure
EVA-0176,130,126,21,36.3,98,-74.9,981,29.6,25.3,heater_failure
EVA-0176,135,119,20,36.4,98,-73.5,1077,29.6,23.7,heater_failure
EVA-0176,140,123,20,36.3,98,-73.0,938,29.6,24.3,heater_failure
EVA-0176,145,119,18,36.4,98,-72.8,1108,29.6,20.3,heater_failure
EVA-0176,150,119,18,36.2,98,-73.9,1019,29.6,22.5,heater_failure
EVA-0176,155,114,18,36.4,98,-70.7,1059,29.6,19.3,heater_failure
EVA-0176,160,121,19,36.1,98,-72.9,1040,29.7,24.7,heater_failure
EVA-0176,165,121,18,35.9,98,-74.7,1025,29.7,26.3,heater_failure
EVA-0176,170,116,18,36.3,98,-70.4,1060,29.6,19.8,heater_failure
EVA-0176,175,110,19,36.3,98,-70.2,1067,29.5,20.1,heater_failure
EVA-0176,180,119,18,36.0,98,-72.4,1058,29.6,24.6,heater_failure
EVA-0176,185,107,18,36.2,98,-70.8,1193,29.6,20.8,heater_failure
EVA-0176,190,111,18,36.2,98,-69.3,1089,29.6,20.1,heater_failure
EVA-0176,195,107,17,36.1,97,-68.8,1057,29.6,21.5,heater_failure
EVA-0176,200,107,16,36.1,98,-69.7,1059,29.5,18.6,heater_failure
EVA-0176,205,109,17,36.2,98,-69.4,1181,29.6,19.9,heater_failure
EVA-0176,210,108,17,36.1,98,-69.5,1093,29.6,20.4,heater_failure
EVA-0176,215,108,16,36.0,98,-70.5,1172,29.5,21.8,heater_failure
EVA-0176,220,117,17,35.7,98,-71.7,1279,29.6,26.4,heater_failure
EVA-0177,0,84,17,37.0,98,-58.8,699,29.6,4.8,scrubber_exhaustion
EVA-0177,5,87,17,37.0,98,-61.8,693,29.6,5.3,scrubber_exhaustion
EVA-0177,10,88,16,37.1,98,-60.3,605,29.7,5.8,scrubber_exhaustion
EVA-0177,15,92,17,37.0,98,-62.0,645,29.6,6.1,scrubber_exhaustion
EVA-0177,20,82,17,37.0,98,-64.4,737,29.6,4.7,scrubber_exhaustion
EVA-0177,25,88,17,37.1,99,-64.7,750,29.6,7.0,scrubber_exhaustion
EVA-0177,30,96,18,37.0,98,-64.7,760,29.6,7.8,scrubber_exhaustion
EVA-0177,35,88,17,37.1,98,-68.8,748,29.5,6.6,scrubber_exhaustion
EVA-0177,40,89,17,36.9,99,-69.8,702,29.6,6.4,scrubber_exhaustion
EVA-0177,45,96,17,37.0,99,-69.1,717,29.6,7.4,scrubber_exhaustion
EVA-0177,50,95,18,37.0,98,-72.0,675,29.5,7.7,scrubber_exhaustion
EVA-0177,55,95,20,37.0,99,-73.1,783,29.6,9.4,scrubber_exhaustion
EVA-0177,60,97,18,37.1,98,-74.0,871,29.5,8.9,scrubber_exhaustion
EVA-0177,65,96,18,37.1,98,-72.6,788,29.6,8.3,scrubber_exhaustion
EVA-0177,70,95,18,37.0,98,-75.9,765,29.6,7.8,scrubber_exhaustion
EVA-0177,75,96,18,37.1,99,-74.5,808,29.6,9.5,scrubber_exhaustion
EVA-0177,80,100,19,37.1,99,-78.7,808,29.6,10.8,scrubber_exhaustion
EVA-0177,85,104,20,37.1,98,-74.5,743,29.6,12.7,scrubber_exhaustion
EVA-0177,90,102,19,37.0,98,-74.8,840,29.6,9.9,scrubber_exhaustion
EVA-0177,95,105,19,37.2,99,-76.0,831,29.6,12.5,scrubber_exhaustion
EVA-0177,100,97,17,37.1,98,-74.6,835,29.7,7.8,scrubber_exhaustion
EVA-0177,105,92,17,37.1,99,-75.2,939,29.6,7.5,scrubber_exhaustion
EVA-0177,110,96,19,37.1,98,-77.2,853,29.6,10.1,scrubber_exhaustion
EVA-0177,115,102,18,37.1,98,-77.4,946,29.6,9.8,scrubber_exhaustion
EVA-0177,120,95,19,37.1,98,-75.2,834,29.6,10.5,scrubber_exhaustion
EVA-0177,125,91,18,37.1,99,-75.3,811,29.6,7.3,scrubber_exhaustion
EVA-0177,130,96,18,37.1,98,-76.3,850,29.5,8.7,scrubber_exhaustion
EVA-0177,135,92,19,37.1,98,-77.8,946,29.6,8.7,scrubber_exhaustion
EVA-0177,140,100,18,37.1,98,-74.3,876,29.6,10.4,scrubber_exhaustion
EVA-0177,145,96,17,37.1,98,-74.9,878,29.7,8.4,scrubber_exhaustion
EVA-0177,150,95,20,37.0,98,-74.6,1007,29.7,9.4,scrubber_exhaustion
EVA-0177,155,92,17,37.0,98,-77.4,1042,29.6,6.1,scrubber_exhaustion
EVA-0177,160,98,20,37.1,98,-72.7,1171,29.6,10.4,scrubber_exhaustion
EVA-0177,165,97,18,37.2,98,-72.7,1220,29.6,10.7,scrubber_exhaustion
EVA-0177,170,99,17,37.1,98,-72.6,1333,29.6,9.4,scrubber_exhaustion
EVA-0177,175,98,19,37.1,98,-72.1,1593,29.6,9.7,scrubber_exhaustion
EVA-0177,180,98,19,37.1,99,-70.1,1644,29.6,10.1,scrubber_exhaustion
EVA-0177,185,104,19,37.1,98,-68.8,1827,29.6,12.5,scrubber_exhaustion
EVA-0177,190,100,20,37.2,98,-68.9,2090,29.6,13.0,scrubber_exhaustion
EVA-0177,195,100,21,37.2,98,-66.7,2168,29.5,14.0,scrubber_exhaustion
EVA-0177,200,100,22,37.2,98,-67.7,2571,29.6,14.8,scrubber_exhaustion
EVA-0177,205,99,21,37.3,98,-66.0,2884,29.6,14.7,scrubber_exhaustion
EVA-0177,210,102,21,37.3,98,-63.3,3129,29.6,16.3,scrubber_exhaustion
EVA-0177,215,100,21,37.2,98,-63.4,3351,29.6,14.9,scrubber_exhaustion
EVA-0177,220,107,22,37.3,97,-59.7,3694,29.5,18.8,scrubber_exhaustion
EVA-0177,225,108,23,37.3,98,-60.2,4079,29.6,18.7,scrubber_exhaustion
EVA-0177,230,109,23,37.3,97,-60.6,4465,29.6,20.6,scrubber_exhaustion
EVA-0177,235,111,27,37.4,98,-59.9,4914,29.6,24.1,scrubber_exhaustion
EVA-0177,240,108,26,37.5,98,-55.7,5327,29.6,23.6,scrubber_exhaustion
EVA-0177,245,116,27,37.6,98,-56.1,5683,29.6,28.1,scrubber_exhaustion
EVA-0177,250,120,28,37.5,97,-53.0,6127,29.6,30.5,scrubber_exhaustion
EVA-0177,255,123,27,37.6,97,-53.4,6597,29.6,30.4,scrubber_exhaustion
EVA-0177,260,122,31,37.6,97,-51.1,7163,29.6,34.7,scrubber_exhaustion
EVA-0177,265,130,30,37.7,97,-50.5,7708,29.6,36.2,scrubber_exhaustion
EVA-0177,270,136,31,37.9,97,-48.5,8209,29.6,42.0,scrubber_exhaustion
EVA-0177,275,130,33,37.8,97,-46.6,8775,29.6,41.1,scrubber_exhaustion
EVA-0177,280,146,35,38.0,96,-46.2,9462,29.6,50.9,scrubber_exhaustion
EVA-0177,285,147,38,37.9,97,-44.2,10012,29.5,49.0,scrubber_exhaustion
EVA-0177,290,150,38,38.0,96,-45.7,10526,29.7,50.9,scrubber_exhaustion
EVA-0178,0,84,14,37.0,98,-74.3,571,29.6,2.1,seal_leak
EVA-0178,5,82,15,37.1,98,-74.4,550,29.6,3.2,seal_leak
EVA-0178,10,84,14,36.9,98,-74.7,460,29.7,3.0,seal_leak
EVA-0178,15,84,15,37.0,98,-76.6,606,29.5,3.3,seal_leak
EVA-0178,20,84,15,37.0,98,-76.2,692,29.6,3.1,seal_leak
EVA-0178,25,87,13,37.0,97,-77.0,673,29.6,4.4,seal_leak
EVA-0178,30,86,16,37.0,98,-72.2,621,29.5,4.4,seal_leak
EVA-0178,35,94,17,37.0,97,-74.3,647,29.3,8.0,seal_leak
EVA-0178,40,94,16,37.1,97,-67.5,621,29.1,8.7,seal_leak
EVA-0178,45,101,17,36.9,96,-65.9,655,28.6,13.9,seal_leak
EVA-0178,50,107,19,36.9,96,-65.6,620,28.2,18.1,seal_leak
EVA-0178,55,106,19,37.0,95,-58.9,691,27.6,19.4,seal_leak
EVA-0178,60,109,19,36.7,94,-56.0,636,27.1,25.6,seal_leak
EVA-0178,65,111,19,36.6,93,-53.0,635,26.5,29.9,seal_leak
EVA-0178,70,108,18,36.5,91,-49.6,590,25.9,35.0,seal_leak
EVA-0178,75,112,22,36.5,91,-46.4,597,25.2,40.3,seal_leak
EVA-0178,80,119,20,36.5,89,-43.8,565,24.5,44.0,seal_leak
EVA-0178,85,119,22,36.4,89,-43.4,636,23.8,48.8,seal_leak
EVA-0178,90,129,23,36.3,87,-39.6,566,23.0,57.7,seal_leak
EVA-0178,95,133,23,36.1,86,-39.5,574,22.2,63.8,seal_leak
EVA-0178,100,141,23,36.0,84,-36.7,514,21.3,68.6,seal_leak
EVA-0178,105,141,24,35.9,83,-37.8,510,20.5,71.0,seal_leak
EVA-0178,110,151,25,35.8,82,-38.4,520,19.6,74.4,seal_leak
EVA-0179,0,73,18,37.0,98,-67.6,461,29.7,4.2,seal_leak
EVA-0179,5,80,17,37.1,98,-65.1,550,29.6,5.2,seal_leak
EVA-0179,10,79,17,37.1,98,-65.7,438,29.6,5.5,seal_leak
EVA-0179,15,84,18,37.1,98,-62.1,523,29.7,7.0,seal_leak
EVA-0179,20,87,19,37.1,98,-59.0,515,29.6,8.4,seal_leak
EVA-0179,25,86,19,37.2,98,-59.4,631,29.7,8.5,seal_leak
EVA-0179,30,86,19,37.0,98,-54.9,652,29.7,8.2,seal_leak
EVA-0179,35,92,20,37.2,98,-54.0,604,29.6,11.4,seal_leak
EVA-0179,40,93,19,37.2,97,-54.8,571,29.5,12.3,seal_leak
EVA-0179,45,98,22,37.1,98,-51.4,686,29.6,13.9,seal_leak
EVA-0179,50,96,22,37.2,98,-46.7,589,29.7,15.6,seal_leak
EVA-0179,55,95,21,37.2,98,-47.0,570,29.6,13.4,seal_leak
EVA-0179,60,102,22,37.3,97,-42.2,554,29.6,17.6,seal_leak
EVA-0179,65,101,22,37.3,98,-40.6,660,29.6,16.8,seal_leak
EVA-0179,70,105,22,37.3,98,-38.8,590,29.6,18.8,seal_leak
EVA-0179,75,101,21,37.3,98,-37.9,742,29.6,15.1,seal_leak
EVA-0179,80,105,22,37.2,97,-34.9,664,29.5,17.4,seal_leak
EVA-0179,85,105,23,37.3,98,-31.4,644,29.6,19.0,seal_leak
EVA-0179,90,106,22,37.3,98,-32.3,749,29.5,18.4,seal_leak
EVA-0179,95,103,22,37.3,97,-29.6,732,29.3,19.4,seal_leak
EVA-0179,100,106,22,37.2,97,-26.7,757,29.1,20.3,seal_leak
EVA-0179,105,111,23,37.3,96,-27.7,611,28.7,22.8,seal_leak
EVA-0179,110,111,23,37.1,96,-27.8,597,28.3,22.9,seal_leak
EVA-0179,115,110,25,37.2,95,-27.1,725,28.1,26.1,seal_leak
EVA-0179,120,108,23,37.0,95,-28.6,550,27.6,24.5,seal_leak
EVA-0179,125,115,24,36.9,94,-27.4,602,27.1,31.1,seal_leak
EVA-0179,130,118,25,36.8,93,-25.6,639,26.6,34.7,seal_leak
EVA-0179,135,119,24,36.8,92,-25.1,581,26.0,36.7,seal_leak
EVA-0179,140,118,25,36.8,91,-27.3,623,25.6,40.8,seal_leak
EVA-0179,145,121,25,36.6,90,-26.4,567,25.0,45.7,seal_leak
EVA-0179,150,123,27,36.6,89,-27.5,632,24.4,49.8,seal_leak
EVA-0179,155,128,26,36.5,88,-30.6,601,23.7,53.6,seal_leak
EVA-0179,160,126,27,36.4,87,-31.8,574,23.0,59.1,seal_leak
EVA-0179,165,138,27,36.3,86,-34.3,543,22.3,65.1,seal_leak
EVA-0179,170,137,25,36.3,85,-33.5,510,21.8,65.0,seal_leak
EVA-0179,175,142,28,36.1,84,-36.2,520,21.0,72.1,seal_leak
EVA-0179,180,147,28,36.0,82,-37.1,477,20.3,74.2,seal_leak
EVA-0180,0,85,15,37.1,98,-35.3,774,29.6,4.4,nominal
EVA-0180,5,86,15,37.2,98,-36.9,617,29.6,5.3,nominal
EVA-0180,10,90,16,37.2,98,-38.3,754,29.6,8.1,nominal
EVA-0180,15,91,16,37.3,98,-39.0,704,29.7,9.0,nominal
EVA-0180,20,89,15,37.3,98,-40.2,630,29.6,8.3,nominal
EVA-0180,25,99,17,37.2,98,-39.6,690,29.7,10.3,nominal
EVA-0180,30,100,16,37.4,98,-39.8,705,29.6,12.7,nominal
EVA-0180,35,101,17,37.4,98,-43.3,774,29.5,13.3,nominal
EVA-0180,40,98,19,37.3,98,-42.2,703,29.6,13.2,nominal
EVA-0180,45,103,17,37.3,98,-42.4,819,29.6,12.7,nominal
EVA-0180,50,102,18,37.2,98,-40.9,810,29.6,11.8,nominal
EVA-0180,55,106,20,37.4,97,-43.4,847,29.7,18.3,nominal
EVA-0180,60,101,19,37.3,98,-45.4,783,29.6,13.4,nominal
EVA-0180,65,108,18,37.4,97,-45.2,842,29.6,16.9,nominal
EVA-0180,70,110,18,37.3,98,-42.3,790,29.6,15.0,nominal
EVA-0180,75,108,19,37.5,98,-45.4,879,29.7,17.7,nominal
EVA-0180,80,108,19,37.5,98,-46.7,850,29.6,17.7,nominal
EVA-0180,85,113,20,37.4,98,-48.0,866,29.6,18.1,nominal
EVA-0180,90,111,19,37.5,98,-46.5,883,29.7,19.3,nominal
EVA-0180,95,117,20,37.4,97,-46.8,818,29.6,21.2,nominal
EVA-0180,100,118,21,37.4,98,-47.0,962,29.5,21.5,nominal
EVA-0180,105,111,20,37.4,98,-44.7,924,29.6,17.7,nominal
EVA-0180,110,114,19,37.5,98,-49.9,986,29.6,17.9,nominal
EVA-0180,115,112,20,37.4,98,-49.3,995,29.5,17.5,nominal
EVA-0180,120,112,20,37.5,97,-48.9,920,29.6,21.5,nominal
EVA-0180,125,108,18,37.4,98,-50.1,956,29.5,14.9,nominal
EVA-0180,130,109,20,37.5,98,-52.4,911,29.6,19.1,nominal
EVA-0180,135,108,19,37.5,98,-49.7,1048,29.6,17.2,nominal
EVA-0180,140,105,19,37.3,98,-51.4,1019,29.6,14.4,nominal
EVA-0180,145,107,18,37.3,97,-52.2,1026,29.5,16.6,nominal
EVA-0180,150,102,18,37.3,98,-52.2,1016,29.7,14.3,nominal
EVA-0180,155,101,17,37.5,98,-49.5,997,29.6,14.5,nominal
EVA-0180,160,101,18,37.3,98,-50.0,1110,29.6,12.9,nominal
EVA-0180,165,97,19,37.2,98,-53.0,1155,29.6,12.4,nominal
EVA-0180,170,96,19,37.3,98,-53.9,1136,29.7,12.7,nominal
EVA-0180,175,97,16,37.3,98,-50.8,1081,29.6,9.6,nominal
EVA-0181,0,82,16,37.2,98,-82.8,705,29.6,6.0,heater_failure
EVA-0181,5,85,17,37.3,98,-78.7,786,29.6,9.0,heater_failure
EVA-0181,10,94,16,37.1,98,-78.9,783,29.6,6.1,heater_failure
EVA-0181,15,93,17,36.9,98,-78.6,788,29.6,7.6,heater_failure
EVA-0181,20,94,17,36.8,97,-76.7,814,29.6,10.7,heater_failure
EVA-0181,25,99,18,36.9,98,-76.5,828,29.6,10.9,heater_failure
EVA-0181,30,103,17,36.8,98,-75.0,864,29.6,12.0,heater_failure
EVA-0181,35,101,20,36.8,98,-73.7,899,29.7,13.8,heater_failure
EVA-0181,40,100,19,36.7,98,-74.6,953,29.6,14.7,heater_failure
EVA-0181,45,100,18,36.6,98,-75.4,1014,29.6,14.8,heater_failure
EVA-0181,50,103,19,36.5,97,-73.3,995,29.6,17.5,heater_failure
EVA-0181,55,106,18,36.3,98,-74.8,998,29.5,19.2,heater_failure
EVA-0181,60,102,17,36.1,97,-74.8,926,29.6,20.6,heater_failure
EVA-0181,65,103,16,36.0,98,-74.3,1149,29.7,19.5,heater_failure
EVA-0181,70,100,15,36.1,98,-72.8,1031,29.6,18.7,heater_failure
EVA-0181,75,90,15,36.0,97,-73.7,1056,29.6,18.5,heater_failure
EVA-0181,80,100,16,35.7,98,-74.1,1167,29.6,22.7,heater_failure
EVA-0181,85,96,14,35.4,97,-75.6,1083,29.6,25.1,heater_failure
EVA-0181,90,98,16,35.3,98,-75.8,1173,29.6,28.0,heater_failure
EVA-0182,0,84,17,37.2,98,-61.0,845,29.6,6.4,scrubber_exhaustion
EVA-0182,5,87,15,37.2,99,-58.6,804,29.6,6.2,scrubber_exhaustion
EVA-0182,10,88,16,37.2,98,-59.7,811,29.6,6.7,scrubber_exhaustion
EVA-0182,15,84,15,37.3,98,-59.5,865,29.6,6.7,scrubber_exhaustion
EVA-0182,20,91,16,37.2,98,-62.1,830,29.6,7.5,scrubber_exhaustion
EVA-0182,25,93,16,37.3,98,-59.4,848,29.6,8.8,scrubber_exhaustion
EVA-0182,30,92,17,37.3,99,-59.3,843,29.7,9.9,scrubber_exhaustion
EVA-0182,35,92,15,37.3,98,-60.0,770,29.6,8.6,scrubber_exhaustion
EVA-0182,40,97,16,37.3,99,-60.9,876,29.6,9.6,scrubber_exhaustion
EVA-0182,45,90,17,37.3,98,-58.7,879,29.6,8.8,scrubber_exhaustion
EVA-0182,50,92,16,37.3,99,-60.4,860,29.6,8.9,scrubber_exhaustion
EVA-0182,55,99,17,37.3,99,-58.5,771,29.7,11.8,scrubber_exhaustion
EVA-0182,60,98,17,37.3,99,-59.4,923,29.7,11.4,scrubber_exhaustion
EVA-0182,65,99,18,37.2,98,-59.8,866,29.6,11.1,scrubber_exhaustion
EVA-0182,70,103,17,37.3,98,-58.7,863,29.6,12.0,scrubber_exhaustion
EVA-0182,75,106,19,37.4,98,-55.4,868,29.6,15.6,scrubber_exhaustion
EVA-0182,80,107,19,37.3,98,-58.7,844,29.5,14.5,scrubber_exhaustion
EVA-0182,85,109,18,37.3,98,-55.7,963,29.6,14.2,scrubber_exhaustion
EVA-0182,90,106,19,37.4,98,-55.4,1057,29.7,15.8,scrubber_exhaustion
EVA-0182,95,103,20,37.3,98,-56.1,935,29.6,14.3,scrubber_exhaustion
EVA-0182,100,103,19,37.4,98,-56.0,1007,29.6,15.6,scrubber_exhaustion
EVA-0182,105,109,20,37.4,98,-56.3,975,29.6,17.3,scrubber_exhaustion
EVA-0182,110,110,18,37.4,98,-52.6,1011,29.6,16.0,scrubber_exhaustion
EVA-0182,115,110,19,37.4,98,-55.0,1041,29.6,17.0,scrubber_exhaustion
EVA-0182,120,113,19,37.4,98,-56.3,1156,29.6,16.9,scrubber_exhaustion
EVA-0182,125,108,19,37.3,98,-52.0,1173,29.6,15.3,scrubber_exhaustion
EVA-0182,130,107,19,37.4,98,-53.3,1371,29.6,16.3,scrubber_exhaustion
EVA-0182,135,108,18,37.5,98,-51.2,1589,29.6,16.1,scrubber_exhaustion
EVA-0182,140,112,21,37.4,98,-52.0,1775,29.6,19.0,scrubber_exhaustion
EVA-0182,145,114,19,37.4,98,-50.4,1997,29.6,17.6,scrubber_exhaustion
EVA-0182,150,116,22,37.5,98,-48.9,2261,29.5,21.9,scrubber_exhaustion
EVA-0182,155,114,21,37.5,98,-47.9,2549,29.7,20.8,scrubber_exhaustion
EVA-0182,160,115,22,37.6,98,-45.9,2892,29.6,22.5,scrubber_exhaustion
EVA-0182,165,119,22,37.6,98,-46.8,3217,29.6,24.1,scrubber_exhaustion
EVA-0182,170,120,24,37.6,98,-46.0,3725,29.6,26.6,scrubber_exhaustion
EVA-0182,175,129,25,37.7,97,-45.7,4215,29.5,32.5,scrubber_exhaustion
EVA-0182,180,128,26,37.7,97,-43.5,4654,29.6,32.2,scrubber_exhaustion
EVA-0182,185,133,27,37.8,97,-45.3,5166,29.6,35.0,scrubber_exhaustion
EVA-0182,190,136,28,37.9,97,-43.7,5753,29.7,37.6,scrubber_exhaustion
EVA-0182,195,146,29,38.0,97,-42.5,6229,29.6,41.5,scrubber_exhaustion
EVA-0182,200,153,32,38.0,97,-42.8,6937,29.6,48.0,scrubber_exhaustion
EVA-0182,205,146,32,38.0,97,-39.4,7629,29.6,46.3,scrubber_exhaustion
EVA-0182,210,163,33,38.2,97,-39.9,8266,29.7,51.4,scrubber_exhaustion
EVA-0182,215,163,36,38.2,97,-41.1,9099,29.6,55.2,scrubber_exhaustion
EVA-0182,220,174,38,38.4,96,-38.4,9795,29.6,60.7,scrubber_exhaustion
EVA-0182,225,183,38,38.4,96,-36.7,10734,29.5,62.0,scrubber_exhaustion
EVA-0183,0,86,18,36.9,98,-64.6,519,29.6,7.4,nominal
EVA-0183,5,89,18,36.9,98,-64.4,437,29.6,7.7,nominal
EVA-0183,10,85,18,36.9,98,-64.3,574,29.6,7.1,nominal
EVA-0183,15,87,19,36.9,98,-66.0,475,29.6,8.7,nominal
EVA-0183,20,95,18,36.9,99,-63.1,508,29.6,8.9,nominal
EVA-0183,25,94,18,36.9,98,-64.0,548,29.6,8.1,nominal
EVA-0183,30,90,18,37.0,99,-62.3,518,29.6,7.3,nominal
EVA-0183,35,94,20,37.1,98,-62.2,467,29.6,10.2,nominal
EVA-0183,40,94,20,37.0,98,-62.7,507,29.6,9.6,nominal
EVA-0183,45,99,19,37.0,98,-62.9,574,29.5,9.7,nominal
EVA-0183,50,97,19,37.0,98,-59.2,645,29.6,9.7,nominal
EVA-0183,55,100,22,37.0,98,-63.7,649,29.6,12.0,nominal
EVA-0183,60,96,21,37.0,98,-61.2,610,29.6,11.3,nominal
EVA-0183,65,103,22,37.0,98,-62.2,608,29.6,12.9,nominal
EVA-0183,70,103,21,37.1,98,-59.8,644,29.6,13.4,nominal
EVA-0183,75,101,21,37.1,98,-59.0,675,29.7,13.6,nominal
EVA-0183,80,106,21,37.0,98,-59.6,629,29.7,13.0,nominal
EVA-0183,85,106,21,37.1,98,-59.0,638,29.6,13.4,nominal
EVA-0183,90,104,20,37.0,98,-59.3,648,29.6,12.3,nominal
EVA-0183,95,106,21,37.1,98,-56.6,692,29.6,13.3,nominal
EVA-0183,100,107,22,37.0,98,-57.2,592,29.6,14.1,nominal
EVA-0183,105,112,22,37.0,98,-55.5,662,29.5,15.2,nominal
EVA-0183,110,101,22,37.0,98,-56.1,687,29.5,13.1,nominal
EVA-0183,115,107,22,37.1,98,-54.7,592,29.6,14.2,nominal
EVA-0183,120,103,22,37.0,98,-53.5,726,29.6,12.8,nominal
EVA-0183,125,101,22,36.9,98,-53.3,741,29.6,12.9,nominal
EVA-0183,130,100,22,37.0,98,-53.1,612,29.6,12.5,nominal
EVA-0183,135,103,21,37.0,98,-53.0,689,29.6,11.8,nominal
EVA-0183,140,98,22,37.0,98,-51.9,698,29.6,12.1,nominal
EVA-0183,145,95,20,37.0,98,-52.7,683,29.6,9.9,nominal
EVA-0183,150,97,21,37.0,99,-51.8,697,29.6,10.6,nominal
EVA-0183,155,91,20,36.9,98,-50.7,715,29.7,9.6,nominal
EVA-0183,160,100,18,37.0,98,-48.9,773,29.6,9.2,nominal
EVA-0183,165,91,20,37.1,99,-51.1,809,29.6,10.0,nominal
EVA-0183,170,92,19,36.9,98,-51.1,786,29.6,8.5,nominal
EVA-0183,175,100,19,37.0,98,-49.4,727,29.7,10.3,nominal
EVA-0183,180,92,20,37.0,98,-48.0,812,29.6,9.2,nominal
EVA-0183,185,99,20,37.0,98,-48.2,811,29.6,10.5,nominal
EVA-0183,190,98,20,37.0,98,-49.0,659,29.6,10.5,nominal
EVA-0183,195,97,20,37.0,99,-47.3,855,29.6,10.5,nominal
EVA-0183,200,94,19,37.0,98,-50.8,813,29.6,9.3,nominal
EVA-0183,205,98,20,36.9,98,-47.3,822,29.6,10.6,nominal
EVA-0183,210,99,19,37.0,98,-48.8,744,29.5,10.3,nominal
EVA-0183,215,89,20,37.0,98,-47.6,902,29.6,8.8,nominal
EVA-0183,220,93,21,36.9,99,-47.1,852,29.6,11.2,nominal
EVA-0183,225,92,19,37.0,98,-48.1,880,29.7,7.8,nominal
EVA-0183,230,89,19,36.9,98,-48.2,793,29.6,9.0,nominal
EVA-0183,235,91,18,36.9,98,-48.9,883,29.6,8.2,nominal
EVA-0183,240,83,18,36.9,98,-46.5,892,29.6,6.5,nominal
EVA-0183,245,86,19,37.0,98,-48.2,868,29.6,7.4,nominal
EVA-0183,250,88,18,36.9,98,-48.5,825,29.6,7.6,nominal
EVA-0183,255,80,17,36.9,98,-47.2,888,29.7,5.0,nominal
EVA-0183,260,84,17,36.9,98,-49.8,855,29.6,5.8,nominal
EVA-0183,265,81,18,36.9,98,-49.8,875,29.7,6.5,nominal
EVA-0183,270,80,17,36.8,98,-48.6,966,29.6,5.9,nominal
EVA-0183,275,80,17,36.9,98,-47.9,925,29.6,5.2,nominal
EVA-0184,0,101,18,37.0,99,-23.6,653,29.5,9.6,seal_leak
EVA-0184,5,98,19,36.9,99,-20.1,571,29.6,11.0,seal_leak
EVA-0184,10,97,19,36.8,99,-19.8,653,29.6,11.0,seal_leak
EVA-0184,15,101,19,36.9,99,-18.9,724,29.6,11.3,seal_leak
EVA-0184,20,108,20,37.0,99,-19.9,684,29.5,11.9,seal_leak
EVA-0184,25,96,21,36.9,98,-18.6,617,29.6,11.0,seal_leak
EVA-0184,30,109,19,37.0,98,-17.5,709,29.6,11.2,seal_leak
EVA-0184,35,105,21,37.1,99,-17.8,745,29.6,13.4,seal_leak
EVA-0184,40,117,20,37.1,99,-15.6,720,29.6,14.3,seal_leak
EVA-0184,45,109,20,37.0,99,-19.0,731,29.6,11.8,seal_leak
EVA-0184,50,112,21,37.1,99,-20.9,723,29.6,15.6,seal_leak
EVA-0184,55,109,20,37.0,99,-21.7,769,29.5,12.2,seal_leak
EVA-0184,60,121,21,37.0,98,-23.4,706,29.3,17.0,seal_leak
EVA-0184,65,116,22,37.0,98,-24.7,763,29.2,16.7,seal_leak
EVA-0184,70,123,21,36.9,98,-25.5,727,29.0,16.5,seal_leak
EVA-0184,75,125,23,37.0,97,-28.0,788,28.9,20.1,seal_leak
EVA-0184,80,123,20,36.9,97,-27.9,715,28.7,18.8,seal_leak
EVA-0184,85,118,23,36.9,97,-30.6,688,28.5,20.1,seal_leak
EVA-0184,90,122,21,37.0,96,-32.8,754,28.2,20.1,seal_leak
EVA-0184,95,127,22,36.9,96,-36.5,746,28.0,23.6,seal_leak
EVA-0184,100,126,23,36.9,96,-37.5,739,27.8,25.3,seal_leak
EVA-0184,105,124,23,36.8,96,-39.9,751,27.5,27.0,seal_leak
EVA-0184,110,126,23,36.8,95,-41.6,679,27.3,29.3,seal_leak
EVA-0184,115,128,22,36.7,95,-46.7,683,26.9,30.9,seal_leak
EVA-0184,120,122,24,36.8,94,-48.4,754,26.7,33.2,seal_leak
EVA-0184,125,125,22,36.6,93,-51.7,718,26.4,34.2,seal_leak
EVA-0184,130,128,22,36.6,93,-49.9,682,26.3,35.9,seal_leak
EVA-0184,135,131,24,36.6,92,-55.5,633,25.8,40.3,seal_leak
EVA-0184,140,129,23,36.5,92,-55.7,646,25.6,41.6,seal_leak
EVA-0184,145,129,25,36.5,91,-58.9,650,25.2,45.1,seal_leak
EVA-0184,150,132,24,36.6,91,-59.8,658,24.9,45.1,seal_leak
EVA-0184,155,135,25,36.4,90,-62.4,678,24.5,50.9,seal_leak
EVA-0184,160,139,25,36.3,90,-62.6,621,24.1,53.9,seal_leak
EVA-0184,165,140,25,36.3,89,-64.4,640,23.9,55.4,seal_leak
EVA-0184,170,150,25,36.2,89,-63.6,611,23.4,59.9,seal_leak
EVA-0184,175,137,24,36.4,88,-65.9,629,23.2,57.0,seal_leak
EVA-0184,180,147,25,36.3,87,-67.5,699,22.7,62.2,seal_leak
EVA-0184,185,147,26,36.2,87,-66.1,657,22.3,66.2,seal_leak
EVA-0184,190,144,26,36.1,86,-66.6,632,21.9,68.4,seal_leak
EVA-0184,195,152,26,36.0,86,-67.5,594,21.6,71.8,seal_leak
EVA-0184,200,156,27,36.0,85,-65.2,571,21.1,75.8,seal_leak
EVA-0184,205,160,27,35.9,83,-65.6,587,20.7,77.2,seal_leak
EVA-0185,0,84,17,36.8,98,-38.2,610,29.6,6.6,seal_leak
EVA-0185,5,92,16,36.8,98,-36.1,647,29.5,7.4,seal_leak
EVA-0185,10,88,16,36.9,98,-37.4,696,29.6,7.2,seal_leak
EVA-0185,15,91,17,36.9,98,-36.7,629,29.6,7.6,seal_leak
EVA-0185,20,87,17,36.9,97,-35.6,713,29.6,7.8,seal_leak
EVA-0185,25,91,17,36.9,98,-34.8,642,29.6,7.8,seal_leak
EVA-0185,30,91,18,36.9,98,-34.0,717,29.6,7.9,seal_leak
EVA-0185,35,91,17,36.9,98,-32.3,764,29.6,7.4,seal_leak
EVA-0185,40,98,18,36.9,98,-32.3,652,29.6,9.2,seal_leak
EVA-0185,45,94,19,36.9,98,-31.1,713,29.5,10.3,seal_leak
EVA-0185,50,100,20,37.0,98,-28.2,739,29.6,10.0,seal_leak
EVA-0185,55,99,19,37.0,98,-31.0,667,29.6,9.6,seal_leak
EVA-0185,60,104,18,37.0,98,-28.9,751,29.6,10.6,seal_leak
EVA-0185,65,103,19,37.0,98,-30.3,711,29.6,10.9,seal_leak
EVA-0185,70,100,19,37.0,98,-27.4,698,29.5,10.5,seal_leak
EVA-0185,75,103,18,37.0,97,-26.8,716,29.4,10.9,seal_leak
EVA-0185,80,108,20,37.0,97,-28.9,712,29.3,14.6,seal_leak
EVA-0185,85,106,19,37.0,97,-28.5,766,29.2,13.5,seal_leak
EVA-0185,90,108,19,36.9,97,-26.8,731,29.1,15.2,seal_leak
EVA-0185,95,112,20,36.9,97,-27.8,825,28.8,17.1,seal_leak
EVA-0185,100,114,20,37.0,97,-25.8,705,28.7,17.7,seal_leak
EVA-0185,105,108,20,37.0,96,-29.0,744,28.6,17.7,seal_leak
EVA-0185,110,112,21,36.9,96,-26.4,716,28.4,22.1,seal_leak
EVA-0185,115,119,23,36.9,96,-25.2,670,28.2,23.2,seal_leak
EVA-0185,120,114,22,36.9,95,-27.7,778,28.0,23.7,seal_leak
EVA-0185,125,119,21,36.9,95,-29.2,718,27.8,24.0,seal_leak
EVA-0185,130,114,22,36.9,94,-29.8,681,27.6,25.6,seal_leak
EVA-0185,135,118,22,36.8,94,-29.5,722,27.3,29.5,seal_leak
EVA-0185,140,116,22,36.7,94,-29.0,741,27.0,30.0,seal_leak
EVA-0185,145,126,23,36.7,93,-32.2,669,26.8,35.2,seal_leak
EVA-0185,150,118,22,36.7,93,-31.4,697,26.6,32.5,seal_leak
EVA-0185,155,123,23,36.7,92,-31.6,727,26.3,36.8,seal_leak
EVA-0185,160,116,23,36.6,92,-30.6,692,26.0,37.5,seal_leak
EVA-0185,165,119,23,36.5,92,-31.0,700,25.8,38.7,seal_leak
EVA-0185,170,119,23,36.5,91,-34.2,668,25.5,41.3,seal_leak
EVA-0185,175,123,24,36.5,90,-36.3,620,25.2,45.6,seal_leak
EVA-0185,180,128,25,36.5,90,-35.7,658,24.8,49.2,seal_leak
EVA-0185,185,131,25,36.6,90,-36.7,643,24.6,49.0,seal_leak
EVA-0185,190,135,26,36.5,90,-36.5,651,24.3,52.7,seal_leak
EVA-0185,195,133,25,36.4,88,-39.5,632,23.9,55.3,seal_leak
EVA-0185,200,139,25,36.3,89,-41.2,647,23.7,57.4,seal_leak
EVA-0185,205,141,26,36.2,87,-41.2,626,23.3,63.3,seal_leak
EVA-0185,210,146,25,36.2,87,-42.7,652,22.9,63.7,seal_leak
EVA-0185,215,144,25,36.2,87,-43.9,640,22.7,63.6,seal_leak
EVA-0185,220,133,25,36.3,86,-45.7,590,22.3,62.8,seal_leak
EVA-0185,225,141,25,36.1,85,-47.4,642,22.0,69.7,seal_leak
EVA-0185,230,148,25,36.0,85,-46.4,581,21.6,71.2,seal_leak
EVA-0185,235,149,25,35.9,84,-48.1,564,21.2,73.6,seal_leak
EVA-0185,240,150,26,35.9,83,-50.6,612,20.8,74.1,seal_leak
EVA-0185,245,151,26,35.9,83,-49.9,562,20.5,74.8,seal_leak
EVA-0186,0,94,13,36.8,98,-53.4,753,29.6,6.2,nominal
EVA-0186,5,101,15,36.8,98,-51.9,839,29.6,9.1,nominal
EVA-0186,10,100,16,36.9,98,-51.8,800,29.6,8.3,nominal
EVA-0186,15,105,18,37.0,98,-49.9,922,29.6,11.0,nominal
EVA-0186,20,109,17,37.0,97,-52.7,904,29.6,11.6,nominal
EVA-0186,25,108,17,37.0,98,-56.9,936,29.6,9.5,nominal
EVA-0186,30,111,17,37.0,98,-57.6,901,29.6,10.7,nominal
EVA-0186,35,114,18,37.0,98,-57.6,914,29.6,11.6,nominal
EVA-0186,40,110,17,37.0,98,-61.5,965,29.6,10.0,nominal
EVA-0186,45,114,18,37.1,98,-65.2,933,29.6,12.0,nominal
EVA-0186,50,119,17,37.1,97,-66.9,1029,29.7,14.4,nominal
EVA-0186,55,114,17,37.0,98,-67.9,1072,29.6,12.2,nominal
EVA-0186,60,108,17,37.0,98,-69.0,1021,29.6,10.9,nominal
EVA-0186,65,111,17,37.0,98,-74.0,1106,29.7,10.5,nominal
EVA-0186,70,105,15,36.9,98,-75.2,1108,29.6,8.5,nominal
EVA-0186,75,107,16,36.9,98,-77.5,1169,29.6,9.1,nominal
EVA-0186,80,101,16,36.9,98,-78.1,1215,29.5,9.1,nominal
EVA-0186,85,97,16,36.9,98,-80.0,1198,29.6,8.5,nominal
EVA-0186,90,93,15,36.9,98,-77.2,1182,29.6,6.1,nominal
EVA-0186,95,96,17,36.9,98,-79.0,1261,29.5,9.3,nominal
EVA-0187,0,90,15,36.9,98,-37.6,714,29.6,4.7,seal_leak
EVA-0187,5,90,15,37.0,98,-41.7,665,29.6,4.6,seal_leak
EVA-0187,10,86,15,37.0,98,-41.9,712,29.6,3.5,seal_leak
EVA-0187,15,95,13,37.0,97,-43.8,698,29.6,5.2,seal_leak
EVA-0187,20,94,16,37.0,98,-50.7,663,29.6,6.9,seal_leak
EVA-0187,25,95,17,37.0,98,-50.4,713,29.5,7.4,seal_leak
EVA-0187,30,97,16,37.1,98,-53.9,787,29.6,7.2,seal_leak
EVA-0187,35,97,17,37.1,98,-56.4,805,29.6,8.2,seal_leak
EVA-0187,40,102,16,37.0,98,-57.8,828,29.6,8.7,seal_leak
EVA-0187,45,104,17,37.0,97,-60.9,830,29.6,10.4,seal_leak
EVA-0187,50,107,18,37.0,98,-62.4,811,29.6,10.2,seal_leak
EVA-0187,55,108,18,37.1,98,-65.2,752,29.6,11.9,seal_leak
EVA-0187,60,106,18,37.1,98,-64.7,796,29.5,11.8,seal_leak
EVA-0187,65,113,17,37.1,97,-68.2,891,29.4,13.1,seal_leak
EVA-0187,70,113,18,37.1,97,-70.1,799,29.2,14.8,seal_leak
EVA-0187,75,113,18,37.1,97,-69.7,823,28.9,15.1,seal_leak
EVA-0187,80,119,20,37.0,96,-71.8,820,28.5,19.7,seal_leak
EVA-0187,85,119,19,37.0,95,-71.0,753,28.1,21.2,seal_leak
EVA-0187,90,125,20,36.9,95,-69.5,811,27.6,24.8,seal_leak
EVA-0187,95,127,21,36.8,93,-71.4,845,27.1,31.0,seal_leak
EVA-0187,100,130,21,36.9,92,-72.6,775,26.5,34.3,seal_leak
EVA-0187,105,131,23,36.8,91,-70.8,754,25.9,39.0,seal_leak
EVA-0187,110,136,24,36.6,91,-68.5,711,25.3,46.0,seal_leak
EVA-0187,115,134,24,36.5,90,-68.2,729,24.7,48.6,seal_leak
EVA-0187,120,143,25,36.5,89,-66.0,741,23.9,54.9,seal_leak
EVA-0187,125,145,25,36.4,87,-66.0,709,23.2,59.7,seal_leak
EVA-0187,130,154,25,36.3,86,-63.9,681,22.4,67.4,seal_leak
EVA-0187,135,165,27,36.2,85,-60.6,707,21.6,74.5,seal_leak
EVA-0187,140,166,28,36.2,83,-57.3,654,20.8,75.8,seal_leak
EVA-0187,145,171,28,36.1,82,-57.3,633,20.1,78.5,seal_leak
EVA-0187,150,178,28,35.9,81,-54.4,630,19.1,81.7,seal_leak
EVA-0187,155,176,28,36.0,81,-50.5,640,18.2,79.4,seal_leak
EVA-0188,0,85,15,37.0,97,-48.7,655,29.7,6.6,nominal
EVA-0188,5,88,17,37.0,97,-44.7,608,29.7,8.6,nominal
EVA-0188,10,97,17,37.0,97,-42.5,559,29.7,9.1,nominal
EVA-0188,15,105,16,37.0,97,-43.2,679,29.6,10.8,nominal
EVA-0188,20,101,18,37.1,97,-39.9,585,29.6,13.1,nominal
EVA-0188,25,100,18,37.2,97,-37.7,653,29.6,14.0,nominal
EVA-0188,30,102,18,37.1,97,-38.1,675,29.6,12.3,nominal
EVA-0188,35,105,18,37.1,97,-39.4,669,29.6,13.8,nominal
EVA-0188,40,107,20,37.2,97,-37.9,700,29.5,16.3,nominal
EVA-0188,45,110,18,37.1,97,-41.8,726,29.6,13.6,nominal
EVA-0188,50,106,18,37.1,97,-41.1,692,29.6,13.7,nominal
EVA-0188,55,106,19,37.2,97,-44.1,770,29.6,15.8,nominal
EVA-0188,60,106,20,37.2,97,-45.4,775,29.6,16.6,nominal
EVA-0188,65,105,20,37.1,97,-48.9,880,29.6,16.1,nominal
EVA-0188,70,103,20,37.2,97,-51.0,877,29.5,15.6,nominal
EVA-0188,75,106,20,37.2,97,-53.0,795,29.6,16.5,nominal
EVA-0188,80,109,17,37.1,97,-57.0,839,29.6,13.6,nominal
EVA-0188,85,105,17,37.1,97,-60.1,832,29.5,12.8,nominal
EVA-0188,90,99,18,37.1,97,-63.1,869,29.6,10.7,nominal
EVA-0188,95,98,18,37.2,97,-68.6,936,29.6,12.8,nominal
EVA-0188,100,97,17,37.1,97,-68.8,911,29.5,12.0,nominal
EVA-0188,105,89,15,37.1,97,-70.6,910,29.6,7.3,nominal
EVA-0188,110,84,15,37.1,97,-71.8,977,29.6,6.3,nominal
EVA-0188,115,82,15,37.0,98,-73.6,881,29.6,4.3,nominal
EVA-0188,120,85,15,36.9,97,-73.2,968,29.5,6.6,nominal
EVA-0189,0,75,14,37.1,98,-80.3,535,29.7,2.4,nominal
EVA-0189,5,82,15,37.0,98,-81.5,564,29.6,3.3,nominal
EVA-0189,10,86,14,37.1,98,-80.9,609,29.6,4.8,nominal
EVA-0189,15,88,16,37.0,98,-79.8,702,29.6,5.0,nominal
EVA-0189,20,82,16,37.1,98,-75.8,593,29.6,4.6,nominal
EVA-0189,25,93,17,37.1,98,-74.7,633,29.6,8.0,nominal
EVA-0189,30,91,17,37.2,98,-75.6,521,29.6,7.5,nominal
EVA-0189,35,96,16,37.1,98,-74.7,631,29.6,7.5,nominal
EVA-0189,40,95,19,37.2,98,-72.9,638,29.6,10.5,nominal
EVA-0189,45,102,20,37.3,98,-72.2,694,29.7,14.3,nominal
EVA-0189,50,102,19,37.3,98,-71.2,635,29.6,14.2,nominal
EVA-0189,55,106,19,37.3,98,-70.7,613,29.6,13.9,nominal
EVA-0189,60,111,20,37.2,97,-69.6,689,29.6,16.9,nominal
EVA-0189,65,113,20,37.3,98,-67.0,618,29.7,17.5,nominal
EVA-0189,70,116,20,37.3,98,-66.1,662,29.6,18.8,nominal
EVA-0189,75,112,20,37.3,98,-63.1,711,29.6,18.1,nominal
EVA-0189,80,112,20,37.4,98,-63.8,611,29.6,18.9,nominal
EVA-0189,85,117,21,37.3,98,-63.2,717,29.6,19.8,nominal
EVA-0189,90,108,20,37.2,98,-62.5,810,29.6,15.5,nominal
EVA-0189,95,110,21,37.3,98,-60.2,676,29.6,17.6,nominal
EVA-0189,100,111,20,37.3,98,-59.6,728,29.6,16.3,nominal
EVA-0189,105,108,20,37.3,97,-55.1,795,29.5,17.3,nominal
EVA-0189,110,109,20,37.3,98,-55.6,815,29.6,15.9,nominal
EVA-0189,115,107,20,37.3,97,-54.6,791,29.6,17.2,nominal
EVA-0189,120,114,20,37.3,98,-51.7,790,29.7,17.5,nominal
EVA-0189,125,110,20,37.2,98,-48.6,883,29.6,16.1,nominal
EVA-0189,130,112,20,37.4,98,-50.1,828,29.6,18.2,nominal
EVA-0189,135,107,19,37.3,98,-49.6,781,29.7,16.4,nominal
EVA-0189,140,109,21,37.2,98,-47.4,844,29.6,16.5,nominal
EVA-0189,145,111,21,37.4,98,-47.9,842,29.6,17.7,nominal
EVA-0189,150,109,19,37.2,98,-43.8,839,29.6,14.7,nominal
EVA-0189,155,107,20,37.2,98,-42.5,793,29.7,14.8,nominal
EVA-0189,160,110,20,37.2,98,-42.6,878,29.6,15.0,nominal
EVA-0189,165,108,19,37.2,98,-42.3,915,29.6,15.2,nominal
EVA-0189,170,103,18,37.3,97,-37.0,932,29.6,15.3,nominal
EVA-0189,175,107,18,37.3,98,-40.3,909,29.6,14.4,nominal
EVA-0189,180,109,19,37.2,98,-38.7,920,29.6,14.8,nominal
EVA-0189,185,105,20,37.3,98,-36.9,903,29.6,16.5,nominal
EVA-0189,190,105,18,37.2,98,-35.0,982,29.6,13.1,nominal
EVA-0189,195,107,19,37.3,98,-35.4,895,29.6,14.7,nominal
EVA-0189,200,101,18,37.2,98,-34.4,935,29.6,12.3,nominal
EVA-0189,205,98,20,37.3,98,-33.0,932,29.6,13.2,nominal
EVA-0189,210,102,18,37.2,98,-29.2,973,29.6,11.9,nominal
EVA-0190,0,89,17,37.1,98,-62.0,453,29.6,7.0,seal_leak
EVA-0190,5,85,17,37.0,98,-62.1,482,29.5,5.5,seal_leak
EVA-0190,10,86,16,37.0,98,-64.6,535,29.6,4.2,seal_leak
EVA-0190,15,89,18,37.0,98,-64.4,564,29.7,6.1,seal_leak
EVA-0190,20,90,17,37.0,98,-68.1,555,29.6,6.1,seal_leak
EVA-0190,25,87,16,37.1,98,-67.6,589,29.6,5.7,seal_leak
EVA-0190,30,92,16,37.0,98,-69.9,572,29.6,6.2,seal_leak
EVA-0190,35,87,17,37.1,98,-70.3,573,29.6,5.8,seal_leak
EVA-0190,40,89,17,37.1,98,-70.5,700,29.6,6.5,seal_leak
EVA-0190,45,87,18,37.2,98,-72.5,589,29.7,8.0,seal_leak
EVA-0190,50,92,17,37.0,98,-73.9,655,29.6,6.5,seal_leak
EVA-0190,55,96,18,37.2,98,-71.6,559,29.6,9.5,seal_leak
EVA-0190,60,96,19,37.1,98,-75.5,632,29.6,10.0,seal_leak
EVA-0190,65,100,18,37.1,98,-72.0,605,29.6,10.9,seal_leak
EVA-0190,70,102,19,37.1,98,-75.5,733,29.6,11.6,seal_leak
EVA-0190,75,101,20,37.2,98,-74.2,628,29.6,13.6,seal_leak
EVA-0190,80,101,19,37.1,98,-74.5,660,29.6,11.0,seal_leak
EVA-0190,85,106,19,37.2,98,-76.8,634,29.7,13.8,seal_leak
EVA-0190,90,103,19,37.2,98,-75.2,640,29.7,12.0,seal_leak
EVA-0190,95,102,20,37.2,99,-75.6,685,29.6,14.0,seal_leak
EVA-0190,100,103,18,37.1,98,-75.1,707,29.6,11.3,seal_leak
EVA-0190,105,104,19,37.1,98,-74.4,734,29.5,11.7,seal_leak
EVA-0190,110,112,20,37.1,98,-74.7,660,29.3,14.6,seal_leak
EVA-0190,115,116,20,37.1,97,-76.6,657,29.1,17.4,seal_leak
EVA-0190,120,107,21,37.1,97,-75.4,733,29.0,16.0,seal_leak
EVA-0190,125,110,20,37.1,97,-75.9,741,28.6,17.8,seal_leak
EVA-0190,130,115,21,37.0,96,-75.2,668,28.3,20.2,seal_leak
EVA-0190,135,119,22,37.0,96,-73.4,686,28.0,22.4,seal_leak
EVA-0190,140,116,21,37.0,95,-72.7,728,27.7,23.7,seal_leak
EVA-0190,145,119,21,36.9,95,-72.1,760,27.4,25.3,seal_leak
EVA-0190,150,121,23,36.9,94,-71.8,669,27.0,27.8,seal_leak
EVA-0190,155,119,22,36.9,93,-70.8,676,26.6,32.5,seal_leak
EVA-0190,160,127,23,36.9,93,-71.1,648,26.2,35.3,seal_leak
EVA-0190,165,126,24,36.7,92,-68.1,585,25.8,38.9,seal_leak
EVA-0190,170,127,23,36.7,91,-68.0,643,25.4,40.4,seal_leak
EVA-0190,175,123,23,36.7,90,-67.9,672,24.9,42.4,seal_leak
EVA-0190,180,127,24,36.5,90,-65.5,593,24.5,46.9,seal_leak
EVA-0190,185,129,24,36.5,89,-66.5,551,24.0,50.4,seal_leak
EVA-0190,190,136,25,36.4,88,-64.7,623,23.5,57.5,seal_leak
EVA-0190,195,140,26,36.4,87,-62.7,542,23.0,60.3,seal_leak
EVA-0190,200,144,25,36.2,86,-64.1,542,22.5,64.6,seal_leak
EVA-0190,205,143,26,36.2,85,-58.9,533,22.0,67.9,seal_leak
EVA-0190,210,141,26,36.2,85,-61.2,515,21.5,68.6,seal_leak
EVA-0190,215,154,27,36.1,84,-59.9,595,20.9,73.7,seal_leak
EVA-0190,220,157,27,36.0,83,-58.2,560,20.4,76.1,seal_leak
EVA-0190,225,152,27,35.9,82,-56.3,602,19.8,75.8,seal_leak
EVA-0190,230,162,29,35.9,81,-55.1,557,19.2,79.5,seal_leak
EVA-0190,235,160,28,36.0,82,-53.3,580,18.6,76.7,seal_leak
EVA-0190,240,152,28,36.0,82,-54.1,502,18.0,76.0,seal_leak
EVA-0191,0,80,18,37.2,98,-60.4,778,29.6,7.7,nominal
EVA-0191,5,85,16,37.3,98,-61.4,752,29.6,7.7,nominal
EVA-0191,10,87,17,37.2,98,-62.9,834,29.6,8.0,nominal
EVA-0191,15,83,16,37.3,99,-64.8,782,29.6,7.1,nominal
EVA-0191,20,88,18,37.3,98,-65.8,849,29.5,10.7,nominal
EVA-0191,25,92,19,37.3,99,-65.9,746,29.5,11.6,nominal
EVA-0191,30,89,20,37.3,99,-66.9,887,29.6,12.6,nominal
EVA-0191,35,88,18,37.3,98,-67.7,801,29.7,10.6,nominal
EVA-0191,40,93,21,37.3,99,-68.8,788,29.6,14.5,nominal
EVA-0191,45,95,20,37.3,99,-70.2,808,29.6,13.5,nominal
EVA-0191,50,100,21,37.3,98,-70.0,888,29.6,15.5,nominal
EVA-0191,55,101,21,37.4,99,-73.4,995,29.6,16.2,nominal
EVA-0191,60,96,19,37.4,99,-73.6,896,29.6,13.9,nominal
EVA-0191,65,94,20,37.4,98,-75.3,912,29.6,13.4,nominal
EVA-0191,70,97,19,37.3,98,-72.7,964,29.7,12.5,nominal
EVA-0191,75,96,21,37.4,99,-75.6,917,29.6,15.0,nominal
EVA-0191,80,93,19,37.3,98,-76.2,949,29.6,11.1,nominal
EVA-0191,85,91,19,37.3,99,-77.8,952,29.6,11.1,nominal
EVA-0191,90,90,18,37.4,99,-79.2,1069,29.6,11.8,nominal
EVA-0191,95,90,20,37.3,99,-76.7,997,29.6,12.4,nominal
EVA-0191,100,89,18,37.3,99,-79.2,1040,29.6,10.2,nominal
EVA-0191,105,80,17,37.3,98,-81.7,987,29.6,8.1,nominal
EVA-0191,110,81,18,37.2,98,-82.3,980,29.6,7.9,nominal
EVA-0191,115,84,17,37.3,99,-82.3,1074,29.6,8.5,nominal
EVA-0191,120,80,18,37.3,98,-83.7,1069,29.5,8.0,nominal
EVA-0191,125,75,17,37.2,99,-84.0,1116,29.6,4.6,nominal
EVA-0191,130,76,16,37.2,99,-85.8,1043,29.6,4.3,nominal
EVA-0191,135,71,16,37.1,98,-87.2,1091,29.7,3.3,nominal
EVA-0191,140,71,16,37.2,98,-82.3,1050,29.6,3.6,nominal
EVA-0191,145,70,15,37.2,99,-85.5,1099,29.6,3.5,nominal
EVA-0191,150,64,15,37.1,99,-85.4,1068,29.6,2.1,nominal
EVA-0191,155,66,15,37.1,99,-85.1,1133,29.6,1.5,nominal
EVA-0191,160,65,14,37.1,99,-84.4,1218,29.7,1.3,nominal
EVA-0191,165,68,15,37.1,98,-84.3,1133,29.6,1.7,nominal
EVA-0192,0,84,14,36.9,97,-75.1,642,29.6,4.6,scrubber_exhaustion
EVA-0192,5,79,14,36.9,98,-74.5,685,29.6,3.4,scrubber_exhaustion
EVA-0192,10,83,15,36.8,97,-75.0,630,29.7,6.7,scrubber_exhaustion
EVA-0192,15,85,14,36.9,97,-77.3,748,29.7,4.3,scrubber_exhaustion
EVA-0192,20,82,14,36.8,98,-76.8,658,29.6,4.9,scrubber_exhaustion
EVA-0192,25,85,14,36.8,97,-76.9,671,29.7,5.6,scrubber_exhaustion
EVA-0192,30,83,14,36.9,97,-77.2,753,29.6,5.0,scrubber_exhaustion
EVA-0192,35,87,15,37.0,98,-78.0,735,29.6,4.8,scrubber_exhaustion
EVA-0192,40,85,15,36.9,97,-76.8,741,29.6,6.0,scrubber_exhaustion
EVA-0192,45,92,16,37.0,98,-79.2,679,29.6,7.0,scrubber_exhaustion
EVA-0192,50,89,15,36.9,98,-80.0,791,29.6,6.1,scrubber_exhaustion
EVA-0192,55,93,15,36.9,98,-78.3,708,29.5,6.6,scrubber_exhaustion
EVA-0192,60,84,15,36.8,98,-79.1,684,29.6,6.0,scrubber_exhaustion
EVA-0192,65,89,15,36.9,98,-76.5,786,29.6,6.4,scrubber_exhaustion
EVA-0192,70,90,15,36.9,97,-79.3,767,29.6,6.0,scrubber_exhaustion
EVA-0192,75,96,15,37.0,98,-77.5,773,29.6,7.2,scrubber_exhaustion
EVA-0192,80,93,17,37.0,97,-78.1,821,29.6,7.8,scrubber_exhaustion
EVA-0192,85,94,15,37.0,98,-80.2,784,29.6,5.1,scrubber_exhaustion
EVA-0192,90,98,16,37.0,98,-77.7,727,29.6,6.9,scrubber_exhaustion
EVA-0192,95,96,16,37.1,98,-79.0,798,29.7,7.0,scrubber_exhaustion
EVA-0192,100,95,16,37.1,97,-75.2,834,29.6,8.6,scrubber_exhaustion
EVA-0192,105,99,17,37.0,98,-78.8,836,29.6,8.4,scrubber_exhaustion
EVA-0192,110,94,16,37.0,98,-78.7,835,29.6,7.2,scrubber_exhaustion
EVA-0192,115,103,18,37.0,98,-79.9,978,29.6,9.9,scrubber_exhaustion
EVA-0192,120,98,16,36.9,97,-77.9,984,29.6,9.5,scrubber_exhaustion
EVA-0192,125,92,16,37.1,98,-75.8,908,29.7,6.3,scrubber_exhaustion
EVA-0192,130,96,16,37.0,98,-77.5,966,29.6,7.5,scrubber_exhaustion
EVA-0192,135,97,16,37.0,98,-75.2,1167,29.6,6.5,scrubber_exhaustion
EVA-0192,140,94,15,37.1,98,-75.1,1249,29.6,5.7,scrubber_exhaustion
EVA-0192,145,93,16,37.0,97,-76.1,1375,29.7,8.0,scrubber_exhaustion
EVA-0192,150,96,16,37.1,98,-74.6,1411,29.6,7.5,scrubber_exhaustion
EVA-0192,155,97,15,36.9,98,-75.1,1561,29.6,7.5,scrubber_exhaustion
EVA-0192,160,99,15,37.1,98,-72.4,1640,29.6,7.4,scrubber_exhaustion
EVA-0192,165,100,17,37.0,97,-75.1,1893,29.5,9.3,scrubber_exhaustion
EVA-0192,170,104,18,37.0,97,-71.5,2039,29.6,11.4,scrubber_exhaustion
EVA-0192,175,110,19,37.1,97,-72.6,2230,29.6,15.0,scrubber_exhaustion
EVA-0192,180,101,19,37.2,97,-71.0,2518,29.6,13.5,scrubber_exhaustion
EVA-0192,185,104,20,37.1,97,-70.0,2697,29.6,15.4,scrubber_exhaustion
EVA-0192,190,110,21,37.2,97,-69.7,2984,29.6,18.1,scrubber_exhaustion
EVA-0192,195,110,22,37.2,97,-66.7,3200,29.6,17.9,scrubber_exhaustion
EVA-0192,200,107,22,37.2,97,-69.0,3503,29.6,19.6,scrubber_exhaustion
EVA-0192,205,111,23,37.3,97,-69.5,3709,29.7,22.0,scrubber_exhaustion
EVA-0192,210,121,23,37.3,97,-64.5,4029,29.5,23.6,scrubber_exhaustion
EVA-0192,215,114,23,37.2,97,-66.0,4415,29.6,22.6,scrubber_exhaustion
EVA-0192,220,119,24,37.4,96,-65.5,4808,29.7,27.9,scrubber_exhaustion
EVA-0192,225,125,25,37.4,96,-62.2,5106,29.7,29.7,scrubber_exhaustion
EVA-0192,230,121,24,37.4,97,-65.8,5455,29.6,27.8,scrubber_exhaustion
EVA-0192,235,126,27,37.5,97,-63.5,5907,29.6,31.3,scrubber_exhaustion
EVA-0192,240,125,27,37.6,96,-64.0,6231,29.6,34.0,scrubber_exhaustion
EVA-0192,245,123,28,37.6,96,-62.0,6623,29.6,33.7,scrubber_exhaustion
EVA-0192,250,129,29,37.7,96,-62.9,7093,29.6,37.3,scrubber_exhaustion
EVA-0192,255,135,29,37.7,97,-60.3,7560,29.6,38.4,scrubber_exhaustion
EVA-0192,260,137,30,37.7,96,-59.6,7954,29.6,40.1,scrubber_exhaustion
EVA-0192,265,137,32,37.7,96,-58.9,8500,29.6,43.3,scrubber_exhaustion
EVA-0192,270,147,33,37.8,96,-60.8,8916,29.5,47.2,scrubber_exhaustion
EVA-0192,275,144,34,37.9,96,-56.4,9497,29.6,48.8,scrubber_exhaustion
EVA-0192,280,160,37,38.0,95,-56.8,10037,29.6,55.2,scrubber_exhaustion
EVA-0192,285,161,36,38.1,96,-52.6,10592,29.6,56.4,scrubber_exhaustion
EVA-0193,0,96,16,37.0,99,-74.9,728,29.6,5.8,heater_failure
EVA-0193,5,100,15,36.9,99,-76.9,773,29.7,6.7,heater_failure
EVA-0193,10,100,13,36.8,99,-76.7,765,29.6,7.2,heater_failure
EVA-0193,15,102,14,36.7,99,-78.4,634,29.6,8.9,heater_failure
EVA-0193,20,104,16,36.7,98,-78.9,753,29.6,11.2,heater_failure
EVA-0193,25,103,16,36.8,99,-77.7,727,29.7,9.8,heater_failure
EVA-0193,30,107,15,36.6,99,-75.8,820,29.6,11.7,heater_failure
EVA-0193,35,113,18,36.5,99,-79.0,808,29.6,16.9,heater_failure
EVA-0193,40,113,15,36.5,99,-75.7,896,29.6,14.1,heater_failure
EVA-0193,45,112,16,36.4,99,-77.2,819,29.7,16.2,heater_failure
EVA-0193,50,118,17,36.4,99,-76.4,853,29.6,18.4,heater_failure
EVA-0193,55,119,16,36.3,99,-76.3,859,29.6,19.4,heater_failure
EVA-0193,60,119,18,36.3,99,-75.0,912,29.6,20.2,heater_failure
EVA-0193,65,114,17,36.3,98,-74.1,851,29.6,18.7,heater_failure
EVA-0193,70,126,17,36.2,99,-75.2,864,29.6,23.0,heater_failure
EVA-0193,75,123,17,36.2,99,-73.7,899,29.7,22.4,heater_failure
EVA-0193,80,124,18,36.3,98,-72.2,966,29.6,21.7,heater_failure
EVA-0193,85,119,17,36.3,99,-72.2,1001,29.5,20.4,heater_failure
EVA-0193,90,122,16,36.0,99,-73.1,965,29.6,23.6,heater_failure
EVA-0193,95,123,18,36.0,98,-72.3,1011,29.7,25.1,heater_failure
EVA-0193,100,127,18,36.0,99,-72.7,1022,29.6,26.0,heater_failure
EVA-0193,105,113,16,36.2,99,-68.9,1012,29.7,19.3,heater_failure
EVA-0193,110,119,16,36.1,99,-70.3,1026,29.6,21.4,heater_failure
EVA-0193,115,118,15,35.7,99,-72.0,1079,29.6,24.7,heater_failure
EVA-0193,120,119,14,35.8,99,-71.0,1146,29.6,23.5,heater_failure
EVA-0193,125,115,14,35.9,98,-70.0,1119,29.5,21.6,heater_failure
EVA-0193,130,107,15,36.0,99,-68.2,1144,29.6,18.5,heater_failure
EVA-0193,135,111,14,35.7,99,-70.0,1196,29.6,23.5,heater_failure
EVA-0193,140,105,14,35.8,99,-69.1,1088,29.6,21.1,heater_failure
EVA-0194,0,89,18,37.2,98,-71.8,588,29.6,9.5,seal_leak
EVA-0194,5,91,18,37.1,98,-73.3,605,29.6,9.6,seal_leak
EVA-0194,10,93,18,37.2,98,-72.4,531,29.6,10.3,seal_leak
EVA-0194,15,91,18,37.2,98,-71.3,682,29.7,10.3,seal_leak
EVA-0194,20,94,17,37.3,98,-71.6,653,29.6,10.1,seal_leak
EVA-0194,25,92,19,37.2,99,-71.6,644,29.6,10.7,seal_leak
EVA-0194,30,98,18,37.2,98,-68.3,634,29.6,10.6,seal_leak
EVA-0194,35,93,18,37.2,98,-69.6,667,29.5,9.1,seal_leak
EVA-0194,40,94,19,37.2,98,-66.7,720,29.6,10.9,seal_leak
EVA-0194,45,95,20,37.3,98,-65.1,718,29.6,14.5,seal_leak
EVA-0194,50,94,20,37.3,98,-62.7,705,29.6,12.7,seal_leak
EVA-0194,55,101,21,37.3,98,-60.2,675,29.6,14.8,seal_leak
EVA-0194,60,96,20,37.3,98,-60.0,725,29.6,14.5,seal_leak
EVA-0194,65,108,19,37.3,98,-60.8,713,29.6,14.5,seal_leak
EVA-0194,70,100,22,37.3,98,-58.7,751,29.6,16.3,seal_leak
EVA-0194,75,105,20,37.3,98,-56.3,799,29.5,15.8,seal_leak
EVA-0194,80,111,22,37.4,98,-55.1,757,29.6,18.9,seal_leak
EVA-0194,85,107,22,37.3,98,-53.0,867,29.6,17.6,seal_leak
EVA-0194,90,106,22,37.2,99,-49.9,776,29.6,16.4,seal_leak
EVA-0194,95,104,21,37.3,98,-49.4,725,29.6,15.5,seal_leak
EVA-0194,100,107,21,37.3,98,-46.7,785,29.4,17.4,seal_leak
EVA-0194,105,114,23,37.3,97,-47.3,762,29.2,21.6,seal_leak
EVA-0194,110,112,21,37.3,97,-43.5,924,29.0,19.9,seal_leak
EVA-0194,115,113,22,37.3,97,-44.3,755,28.7,21.9,seal_leak
EVA-0194,120,115,22,37.3,96,-39.1,705,28.5,24.4,seal_leak
EVA-0194,125,115,22,37.1,96,-38.9,758,28.2,23.5,seal_leak
EVA-0194,130,118,22,37.0,95,-38.6,741,27.8,24.6,seal_leak
EVA-0194,135,117,23,37.0,94,-35.6,695,27.5,26.9,seal_leak
EVA-0194,140,118,24,37.0,93,-33.0,742,27.0,30.1,seal_leak
EVA-0194,145,115,24,37.0,93,-33.5,739,26.7,29.7,seal_leak
EVA-0194,150,124,24,36.9,92,-31.5,712,26.2,36.1,seal_leak
EVA-0194,155,119,24,36.8,91,-29.5,689,25.8,38.6,seal_leak
EVA-0194,160,127,22,36.7,91,-26.7,675,25.4,39.9,seal_leak
EVA-0194,165,122,25,36.7,90,-28.9,656,24.9,44.5,seal_leak
EVA-0194,170,123,23,36.7,90,-24.7,624,24.4,43.5,seal_leak
EVA-0194,175,127,25,36.6,88,-24.5,696,23.9,51.7,seal_leak
EVA-0194,180,129,26,36.6,88,-22.0,710,23.4,54.7,seal_leak
EVA-0194,185,134,27,36.5,87,-22.0,597,22.8,59.1,seal_leak
EVA-0194,190,136,26,36.4,86,-20.1,596,22.2,62.7,seal_leak
EVA-0194,195,144,27,36.3,85,-20.7,570,21.7,68.1,seal_leak
EVA-0194,200,144,28,36.3,84,-22.1,607,21.1,70.9,seal_leak
EVA-0194,205,146,28,36.2,83,-19.8,544,20.5,71.6,seal_leak
EVA-0195,0,87,17,37.2,97,-80.5,557,29.6,9.9,heater_failure
EVA-0195,5,89,19,37.1,97,-77.2,570,29.6,10.6,heater_failure
EVA-0195,10,91,19,37.0,98,-79.8,603,29.6,7.9,heater_failure
EVA-0195,15,94,20,37.0,97,-75.8,591,29.7,12.3,heater_failure
EVA-0195,20,93,21,37.0,97,-77.8,548,29.5,13.0,heater_failure
EVA-0195,25,94,20,36.8,97,-78.3,615,29.5,14.1,heater_failure
EVA-0195,30,93,21,36.7,97,-79.0,710,29.6,16.4,heater_failure
EVA-0195,35,99,21,36.7,97,-76.7,626,29.6,17.2,heater_failure
EVA-0195,40,101,22,36.6,97,-76.1,669,29.6,19.6,heater_failure
EVA-0195,45,102,21,36.7,97,-75.9,717,29.6,18.1,heater_failure
EVA-0195,50,104,21,36.7,98,-75.2,789,29.5,17.0,heater_failure
EVA-0195,55,104,19,36.7,98,-73.1,696,29.6,15.5,heater_failure
EVA-0195,60,101,20,36.6,97,-73.7,666,29.6,18.3,heater_failure
EVA-0195,65,98,20,36.6,98,-73.9,765,29.6,17.2,heater_failure
EVA-0195,70,103,21,36.5,97,-72.6,713,29.6,20.8,heater_failure
EVA-0195,75,107,21,36.2,97,-74.8,776,29.5,24.7,heater_failure
EVA-0195,80,100,19,36.4,97,-72.7,804,29.6,19.1,heater_failure
EVA-0195,85,95,20,36.4,98,-72.7,770,29.6,18.0,heater_failure
EVA-0195,90,97,19,36.3,97,-71.7,793,29.6,18.7,heater_failure
EVA-0195,95,104,19,36.0,97,-75.1,856,29.6,25.6,heater_failure
EVA-0195,100,102,19,36.0,97,-74.6,882,29.6,23.1,heater_failure
EVA-0195,105,106,20,35.9,98,-74.7,849,29.6,25.6,heater_failure
EVA-0195,110,102,19,36.0,98,-73.3,869,29.7,24.0,heater_failure
EVA-0195,115,107,20,35.9,97,-73.8,825,29.7,28.3,heater_failure
EVA-0195,120,106,18,35.8,97,-73.7,895,29.6,26.9,heater_failure
EVA-0195,125,104,19,35.4,97,-77.2,886,29.6,32.2,heater_failure
EVA-0195,130,101,17,35.6,98,-73.3,921,29.6,25.7,heater_failure
EVA-0195,135,98,18,35.4,98,-75.2,995,29.7,29.6,heater_failure
EVA-0195,140,96,18,35.4,98,-75.2,895,29.6,28.4,heater_failure
EVA-0195,145,100,17,35.2,97,-75.9,1012,29.5,32.7,heater_failure
EVA-0195,150,83,15,34.9,97,-77.5,982,29.6,29.4,heater_failure
EVA-0196,0,93,15,37.2,98,-72.9,889,29.7,7.5,heater_failure
EVA-0196,5,94,14,37.2,98,-74.5,857,29.6,6.0,heater_failure
EVA-0196,10,97,14,37.1,98,-72.8,915,29.6,6.6,heater_failure
EVA-0196,15,101,16,37.2,98,-72.2,884,29.6,9.1,heater_failure
EVA-0196,20,100,15,37.1,98,-71.3,927,29.6,7.5,heater_failure
EVA-0196,25,100,15,37.1,98,-71.6,920,29.6,6.6,heater_failure
EVA-0196,30,102,15,37.0,98,-71.3,935,29.6,6.1,heater_failure
EVA-0196,35,102,15,36.9,98,-71.8,910,29.6,6.8,heater_failure
EVA-0196,40,105,16,37.1,98,-69.0,938,29.6,8.6,heater_failure
EVA-0196,45,107,17,36.9,98,-70.9,1045,29.6,9.8,heater_failure
EVA-0196,50,109,16,37.0,98,-67.8,958,29.6,8.7,heater_failure
EVA-0196,55,106,17,36.9,98,-68.3,912,29.5,9.9,heater_failure
EVA-0196,60,105,17,37.0,98,-67.5,1173,29.5,9.6,heater_failure
EVA-0196,65,104,17,36.8,98,-69.5,1009,29.6,11.0,heater_failure
EVA-0196,70,106,17,37.0,98,-66.1,1030,29.6,8.9,heater_failure
EVA-0196,75,108,17,36.9,98,-65.7,1038,29.6,9.5,heater_failure
EVA-0196,80,103,17,36.8,98,-68.4,1071,29.6,11.5,heater_failure
EVA-0196,85,101,16,36.8,98,-68.1,1050,29.6,9.3,heater_failure
EVA-0196,90,101,15,36.7,98,-68.7,1165,29.6,10.3,heater_failure
EVA-0196,95,95,16,36.6,98,-67.7,1103,29.5,10.8,heater_failure
EVA-0196,100,96,14,36.6,98,-68.2,1079,29.5,8.8,heater_failure
EVA-0196,105,105,15,36.2,98,-71.6,1011,29.6,16.2,heater_failure
EVA-0196,110,99,16,36.2,98,-70.8,1204,29.6,16.4,heater_failure
EVA-0196,115,94,14,36.3,98,-69.8,1149,29.6,13.1,heater_failure
EVA-0196,120,94,13,36.3,98,-69.7,1199,29.6,12.9,heater_failure
EVA-0196,125,96,13,36.1,98,-71.0,1155,29.5,16.0,heater_failure
EVA-0196,130,106,13,35.6,98,-73.7,1215,29.7,22.8,heater_failure
EVA-0196,135,98,12,35.8,98,-71.5,1223,29.6,19.2,heater_failure
EVA-0196,140,100,12,35.9,98,-70.5,1280,29.6,18.3,heater_failure
EVA-0196,145,93,11,35.3,98,-76.1,1260,29.6,24.7,heater_failure
EVA-0196,150,99,11,35.5,98,-72.7,1216,29.6,23.2,heater_failure
EVA-0197,0,82,18,37.1,97,-67.6,828,29.5,9.2,nominal
EVA-0197,5,88,20,37.1,97,-70.4,825,29.6,10.9,nominal
EVA-0197,10,91,19,37.2,97,-74.3,880,29.6,12.4,nominal
EVA-0197,15,92,18,37.1,97,-70.6,938,29.6,10.7,nominal
EVA-0197,20,93,21,37.2,97,-72.6,918,29.7,14.3,nominal
EVA-0197,25,100,20,37.2,97,-70.9,980,29.7,14.3,nominal
EVA-0197,30,96,20,37.2,97,-69.6,932,29.6,14.5,nominal
EVA-0197,35,103,21,37.3,98,-72.6,852,29.6,15.8,nominal
EVA-0197,40,102,22,37.3,98,-70.2,903,29.5,17.7,nominal
EVA-0197,45,109,21,37.3,97,-69.4,993,29.6,20.4,nominal
EVA-0197,50,112,23,37.3,97,-69.3,961,29.5,21.6,nominal
EVA-0197,55,111,22,37.2,97,-68.4,988,29.5,19.7,nominal
EVA-0197,60,106,21,37.3,97,-70.2,968,29.5,19.4,nominal
EVA-0197,65,106,22,37.4,97,-66.4,1086,29.6,22.2,nominal
EVA-0197,70,109,22,37.3,97,-65.1,1106,29.6,19.6,nominal
EVA-0197,75,105,23,37.3,97,-62.4,1043,29.6,19.9,nominal
EVA-0197,80,107,22,37.3,98,-60.9,1059,29.6,17.7,nominal
EVA-0197,85,105,23,37.4,98,-61.1,1143,29.6,19.6,nominal
EVA-0197,90,97,21,37.2,97,-61.1,1148,29.6,15.3,nominal
EVA-0197,95,101,21,37.2,98,-59.1,1044,29.6,15.7,nominal
EVA-0197,100,100,20,37.1,98,-53.8,1164,29.6,13.4,nominal
EVA-0197,105,96,22,37.3,97,-53.9,1172,29.5,17.1,nominal
EVA-0197,110,91,19,37.1,98,-54.0,1174,29.6,10.6,nominal
EVA-0197,115,91,17,37.2,97,-52.4,1143,29.6,11.6,nominal
EVA-0197,120,91,20,37.1,97,-49.1,1160,29.6,12.0,nominal
EVA-0197,125,88,19,37.1,97,-48.0,1075,29.6,10.9,nominal
EVA-0197,130,88,19,37.1,97,-45.0,1201,29.6,10.4,nominal
EVA-0198,0,79,17,37.0,99,-62.1,594,29.6,3.2,seal_leak
EVA-0198,5,77,16,37.0,98,-61.6,515,29.6,2.7,seal_leak
EVA-0198,10,84,18,37.2,99,-60.9,642,29.6,7.5,seal_leak
EVA-0198,15,78,17,37.2,98,-58.0,521,29.6,6.4,seal_leak
EVA-0198,20,87,18,37.2,99,-59.4,671,29.6,8.4,seal_leak
EVA-0198,25,91,17,37.2,98,-60.4,617,29.6,8.7,seal_leak
EVA-0198,30,84,18,37.2,99,-59.7,626,29.6,8.4,seal_leak
EVA-0198,35,85,19,37.2,98,-57.2,668,29.6,8.5,seal_leak
EVA-0198,40,83,19,37.1,98,-56.8,622,29.6,6.9,seal_leak
EVA-0198,45,87,18,37.1,99,-56.0,687,29.6,7.7,seal_leak
EVA-0198,50,89,18,37.1,99,-56.0,654,29.6,8.4,seal_leak
EVA-0198,55,85,20,37.1,99,-57.4,656,29.6,9.0,seal_leak
EVA-0198,60,92,19,37.2,99,-53.8,716,29.6,10.3,seal_leak
EVA-0198,65,96,20,37.2,98,-53.7,789,29.6,12.2,seal_leak
EVA-0198,70,90,19,37.2,98,-55.4,764,29.4,10.2,seal_leak
EVA-0198,75,93,20,37.2,99,-54.1,706,29.3,11.6,seal_leak
EVA-0198,80,99,21,37.3,98,-54.1,719,29.1,14.8,seal_leak
EVA-0198,85,95,20,37.1,97,-54.5,700,28.8,13.0,seal_leak
EVA-0198,90,103,22,37.2,97,-55.2,670,28.5,18.2,seal_leak
EVA-0198,95,105,23,37.2,96,-53.0,672,28.3,22.6,seal_leak
EVA-0198,100,111,22,37.1,96,-55.4,720,27.9,20.7,seal_leak
EVA-0198,105,109,22,37.0,95,-54.2,676,27.6,23.9,seal_leak
EVA-0198,110,107,23,37.1,95,-51.5,697,27.1,24.2,seal_leak
EVA-0198,115,110,23,36.9,94,-53.0,655,26.8,27.2,seal_leak
EVA-0198,120,108,23,36.9,93,-53.2,715,26.3,28.6,seal_leak
EVA-0198,125,115,22,36.7,92,-54.1,703,25.9,33.7,seal_leak
EVA-0198,130,114,22,36.8,92,-55.8,727,25.4,34.1,seal_leak
EVA-0198,135,107,23,36.7,91,-53.7,711,24.8,37.8,seal_leak
EVA-0198,140,110,23,36.5,90,-53.8,627,24.4,42.4,seal_leak
EVA-0198,145,112,24,36.5,89,-53.8,622,23.8,47.1,seal_leak
EVA-0198,150,116,24,36.4,88,-55.5,652,23.3,52.6,seal_leak
EVA-0198,155,112,25,36.3,87,-55.9,605,22.8,55.7,seal_leak
EVA-0198,160,132,26,36.2,86,-55.2,629,22.1,64.3,seal_leak
EVA-0198,165,129,25,36.1,85,-57.9,602,21.5,66.7,seal_leak
EVA-0198,170,131,25,36.1,84,-55.9,628,21.0,67.9,seal_leak
EVA-0198,175,141,26,36.1,83,-57.6,617,20.4,70.1,seal_leak
EVA-0198,180,140,25,35.9,82,-57.6,572,19.8,72.1,seal_leak
EVA-0198,185,140,26,36.0,82,-55.7,522,19.1,70.7,seal_leak
EVA-0198,190,140,27,36.0,82,-59.4,582,18.3,72.5,seal_leak
EVA-0199,0,83,17,37.1,98,-50.3,610,29.6,4.5,scrubber_exhaustion
EVA-0199,5,88,19,37.1,98,-49.7,639,29.6,8.1,scrubber_exhaustion
EVA-0199,10,90,20,37.2,98,-49.6,677,29.6,10.5,scrubber_exhaustion
EVA-0199,15,93,20,37.3,98,-49.7,689,29.6,12.6,scrubber_exhaustion
EVA-0199,20,96,19,37.2,98,-48.5,648,29.5,12.6,scrubber_exhaustion
EVA-0199,25,104,22,37.2,98,-48.1,692,29.6,15.5,scrubber_exhaustion
EVA-0199,30,99,21,37.1,98,-51.7,781,29.6,12.8,scrubber_exhaustion
EVA-0199,35,103,21,37.1,98,-53.6,804,29.6,14.8,scrubber_exhaustion
EVA-0199,40,106,21,37.3,98,-55.6,733,29.5,16.8,scrubber_exhaustion
EVA-0199,45,102,22,37.3,98,-53.8,768,29.6,16.5,scrubber_exhaustion
EVA-0199,50,106,22,37.2,98,-56.7,770,29.6,16.3,scrubber_exhaustion
EVA-0199,55,103,21,37.3,98,-60.9,953,29.7,15.5,scrubber_exhaustion
EVA-0199,60,105,20,37.4,98,-62.3,1161,29.6,16.5,scrubber_exhaustion
EVA-0199,65,102,22,37.2,98,-63.3,1239,29.6,15.6,scrubber_exhaustion
EVA-0199,70,99,21,37.4,98,-67.6,1579,29.6,16.4,scrubber_exhaustion
EVA-0199,75,108,22,37.3,98,-69.0,1881,29.7,17.6,scrubber_exhaustion
EVA-0199,80,107,23,37.4,98,-72.9,2221,29.6,20.8,scrubber_exhaustion
EVA-0199,85,110,24,37.4,97,-75.6,2638,29.6,22.2,scrubber_exhaustion
EVA-0199,90,115,26,37.4,98,-80.8,3283,29.6,24.9,scrubber_exhaustion
EVA-0199,95,115,26,37.4,97,-80.5,3770,29.6,27.4,scrubber_exhaustion
EVA-0199,100,116,26,37.5,97,-82.8,4406,29.6,28.9,scrubber_exhaustion
EVA-0199,105,117,27,37.6,98,-83.6,5043,29.6,29.7,scrubber_exhaustion
EVA-0199,110,114,29,37.6,96,-85.7,5808,29.6,33.5,scrubber_exhaustion
EVA-0199,115,128,31,37.8,97,-87.3,6568,29.6,38.1,scrubber_exhaustion
EVA-0199,120,132,33,37.8,97,-87.7,7539,29.6,41.3,scrubber_exhaustion
EVA-0199,125,138,35,37.9,96,-92.6,8435,29.6,47.4,scrubber_exhaustion
EVA-0199,130,149,36,38.0,96,-90.5,9418,29.6,50.9,scrubber_exhaustion
EVA-0199,135,166,39,38.3,96,-92.2,10504,29.6,59.3,scrubber_exhaustion
EVA-0200,0,78,17,37.1,98,-69.5,585,29.6,4.6,seal_leak
EVA-0200,5,94,18,37.1,98,-65.7,543,29.6,9.8,seal_leak
EVA-0200,10,93,20,37.1,98,-64.9,489,29.6,10.8,seal_leak
EVA-0200,15,102,19,37.1,98,-60.8,588,29.6,12.1,seal_leak
EVA-0200,20,102,21,37.1,97,-54.9,643,29.6,14.3,seal_leak
EVA-0200,25,103,20,37.2,98,-54.4,640,29.6,14.6,seal_leak
EVA-0200,30,104,20,37.2,97,-48.2,660,29.6,15.4,seal_leak
EVA-0200,35,111,20,37.2,97,-42.5,557,29.3,18.1,seal_leak
EVA-0200,40,118,23,37.2,96,-38.2,580,28.8,23.7,seal_leak
EVA-0200,45,121,24,37.1,95,-34.2,628,28.3,26.4,seal_leak
EVA-0200,50,125,23,37.1,94,-31.2,673,27.7,29.5,seal_leak
EVA-0200,55,126,24,37.0,93,-25.0,595,27.1,32.4,seal_leak
EVA-0200,60,124,25,36.8,93,-24.7,625,26.3,35.2,seal_leak
EVA-0200,65,125,23,36.8,91,-19.7,615,25.5,38.7,seal_leak
EVA-0200,70,129,25,36.6,90,-18.3,566,24.7,47.7,seal_leak
EVA-0200,75,130,25,36.5,88,-18.2,566,23.8,53.2,seal_leak
EVA-0200,80,138,26,36.4,87,-17.1,577,22.8,61.1,seal_leak
EVA-0200,85,141,25,36.3,85,-14.8,554,21.8,67.1,seal_leak
EVA-0200,90,142,26,36.1,83,-19.4,573,20.8,70.2,seal_leak
EVA-0200,95,157,26,35.9,81,-21.9,523,19.8,75.1,seal_leak
EVA-0200,100,156,27,36.0,81,-23.0,539,18.6,75.1,seal_leak
EVA-0201,0,83,16,36.8,98,-63.8,622,29.7,6.8,heater_failure
EVA-0201,5,86,16,37.0,97,-66.6,672,29.5,7.5,heater_failure
EVA-0201,10,83,17,36.8,97,-64.9,666,29.5,8.9,heater_failure
EVA-0201,15,89,18,36.9,97,-63.8,725,29.6,9.0,heater_failure
EVA-0201,20,89,18,36.9,98,-66.3,709,29.6,8.8,heater_failure
EVA-0201,25,95,18,36.8,97,-66.1,739,29.6,11.8,heater_failure
EVA-0201,30,98,20,37.0,98,-64.3,737,29.6,11.4,heater_failure
EVA-0201,35,101,20,36.8,98,-64.1,689,29.6,13.8,heater_failure
EVA-0201,40,97,19,36.7,97,-70.5,739,29.6,15.1,heater_failure
EVA-0201,45,104,20,36.8,97,-65.1,740,29.7,14.9,heater_failure
EVA-0201,50,102,20,36.6,98,-69.7,819,29.6,16.2,heater_failure
EVA-0201,55,106,23,36.7,97,-67.3,837,29.6,21.7,heater_failure
EVA-0201,60,104,21,36.6,97,-69.3,810,29.7,18.9,heater_failure
EVA-0201,65,109,21,36.6,98,-68.7,835,29.5,19.8,heater_failure
EVA-0201,70,110,22,36.6,97,-68.4,771,29.5,20.7,heater_failure
EVA-0201,75,108,21,36.6,97,-68.3,839,29.6,19.1,heater_failure
EVA-0201,80,105,20,36.6,97,-67.7,759,29.6,19.1,heater_failure
EVA-0201,85,107,20,36.3,97,-71.4,922,29.6,23.0,heater_failure
EVA-0201,90,108,20,36.4,97,-68.9,1001,29.5,21.1,heater_failure
EVA-0201,95,107,21,36.2,97,-71.1,891,29.5,25.1,heater_failure
EVA-0201,100,118,20,35.9,98,-71.5,940,29.6,27.3,heater_failure
EVA-0201,105,113,20,36.2,97,-69.6,963,29.6,24.8,heater_failure
EVA-0201,110,113,18,36.0,97,-71.1,907,29.6,25.1,heater_failure
EVA-0201,115,110,18,35.5,97,-74.6,967,29.6,31.6,heater_failure
EVA-0201,120,111,18,35.6,97,-73.1,1008,29.6,30.1,heater_failure
EVA-0201,125,104,18,35.3,98,-74.3,1009,29.6,31.1,heater_failure
EVA-0201,130,104,16,35.2,98,-74.3,1019,29.6,30.4,heater_failure
EVA-0201,135,105,18,35.3,97,-74.3,1017,29.6,32.1,heater_failure
EVA-0201,140,100,17,35.3,97,-73.9,1009,29.7,31.5,heater_failure
EVA-0201,145,87,14,34.9,97,-76.2,1090,29.6,29.4,heater_failure
EVA-0202,0,79,13,36.8,99,-50.8,827,29.6,2.9,nominal
EVA-0202,5,83,14,36.9,99,-47.8,806,29.6,2.8,nominal
EVA-0202,10,86,13,36.9,99,-44.4,861,29.6,3.5,nominal
EVA-0202,15,86,13,36.8,98,-42.9,868,29.7,4.1,nominal
EVA-0202,20,86,14,36.8,99,-43.6,874,29.6,4.5,nominal
EVA-0202,25,92,15,36.9,99,-41.7,869,29.6,4.8,nominal
EVA-0202,30,95,16,37.0,99,-38.0,795,29.6,6.4,nominal
EVA-0202,35,98,16,37.0,98,-37.4,937,29.6,6.7,nominal
EVA-0202,40,100,16,37.0,99,-36.0,835,29.6,7.0,nominal
EVA-0202,45,99,15,37.1,99,-37.5,873,29.6,6.6,nominal
EVA-0202,50,94,16,37.0,99,-33.0,899,29.6,5.4,nominal
EVA-0202,55,99,15,37.0,99,-33.3,925,29.6,5.7,nominal
EVA-0202,60,91,16,37.0,98,-31.7,921,29.6,5.3,nominal
EVA-0202,65,92,16,37.0,99,-32.0,922,29.6,5.2,nominal
EVA-0202,70,94,15,37.0,98,-28.4,994,29.6,5.2,nominal
EVA-0202,75,91,16,37.0,99,-31.0,909,29.6,4.9,nominal
EVA-0202,80,97,15,37.0,99,-27.0,961,29.6,6.0,nominal
EVA-0202,85,96,15,37.0,99,-29.0,896,29.6,5.2,nominal
EVA-0202,90,97,14,37.0,99,-29.1,955,29.6,4.9,nominal
EVA-0202,95,91,16,37.0,99,-29.9,943,29.6,5.5,nominal
EVA-0202,100,95,15,37.1,98,-29.6,1057,29.5,6.6,nominal
EVA-0202,105,101,16,37.0,98,-29.5,1043,29.6,7.1,nominal
EVA-0202,110,97,16,37.1,99,-29.5,1010,29.6,7.2,nominal
EVA-0202,115,100,16,37.0,99,-29.6,913,29.6,7.0,nominal
EVA-0202,120,96,14,37.0,99,-31.2,1000,29.6,4.2,nominal
EVA-0202,125,100,17,36.9,98,-31.2,1030,29.6,8.7,nominal
EVA-0202,130,93,15,36.9,98,-31.4,1074,29.6,5.4,nominal
EVA-0202,135,89,15,36.9,99,-32.7,1135,29.6,4.2,nominal
EVA-0202,140,91,15,36.9,99,-34.4,1048,29.6,5.1,nominal
EVA-0202,145,91,14,36.9,98,-35.9,1063,29.6,4.3,nominal
EVA-0202,150,92,15,36.9,98,-39.2,1059,29.5,4.4,nominal
EVA-0202,155,90,15,37.0,99,-39.1,1146,29.6,3.5,nominal
EVA-0202,160,86,13,36.9,98,-42.3,1059,29.6,3.9,nominal
EVA-0202,165,82,14,36.9,99,-41.4,1088,29.6,2.2,nominal
EVA-0202,170,87,14,36.9,99,-44.0,1200,29.6,3.7,nominal
EVA-0202,175,78,12,36.9,99,-44.7,1258,29.6,2.4,nominal
EVA-0202,180,74,12,36.8,99,-46.5,1204,29.6,2.4,nominal
EVA-0202,185,80,12,36.9,99,-49.1,1198,29.6,1.5,nominal
EVA-0202,190,78,13,36.8,99,-52.3,1321,29.5,3.0,nominal
EVA-0203,0,92,13,37.1,98,-61.5,558,29.6,4.3,heater_failure
EVA-0203,5,92,13,37.1,99,-61.1,585,29.6,5.1,heater_failure
EVA-0203,10,96,14,37.0,99,-64.3,658,29.5,4.6,heater_failure
EVA-0203,15,99,15,37.2,98,-61.2,591,29.6,7.6,heater_failure
EVA-0203,20,107,16,37.1,98,-63.1,732,29.6,8.5,heater_failure
EVA-0203,25,105,15,37.1,98,-63.4,719,29.6,7.5,heater_failure
EVA-0203,30,107,17,37.1,98,-63.8,619,29.6,10.2,heater_failure
EVA-0203,35,111,16,37.1,98,-63.9,723,29.6,10.3,heater_failure
EVA-0203,40,113,17,37.0,98,-66.1,659,29.6,11.0,heater_failure
EVA-0203,45,117,18,37.0,98,-64.1,679,29.6,12.4,heater_failure
EVA-0203,50,114,16,37.1,99,-64.7,709,29.5,10.7,heater_failure
EVA-0203,55,114,19,37.0,98,-65.8,711,29.5,12.4,heater_failure
EVA-0203,60,121,17,37.0,98,-65.5,791,29.6,12.2,heater_failure
EVA-0203,65,114,19,36.9,98,-66.4,784,29.6,13.2,heater_failure
EVA-0203,70,122,19,37.0,98,-66.7,805,29.6,14.5,heater_failure
EVA-0203,75,117,18,36.9,98,-66.6,801,29.6,13.3,heater_failure
EVA-0203,80,119,19,36.7,98,-67.8,791,29.6,16.4,heater_failure
EVA-0203,85,115,18,36.7,98,-68.9,805,29.7,15.6,heater_failure
EVA-0203,90,126,17,36.7,98,-67.6,892,29.7,16.8,heater_failure
EVA-0203,95,118,19,36.5,98,-70.2,841,29.6,19.4,heater_failure
EVA-0203,100,114,18,36.6,98,-68.1,933,29.5,15.9,heater_failure
EVA-0203,105,115,19,36.4,98,-70.3,856,29.6,20.7,heater_failure
EVA-0203,110,111,18,36.4,98,-69.3,901,29.6,18.0,heater_failure
EVA-0203,115,117,17,36.4,98,-69.0,926,29.6,17.8,heater_failure
EVA-0203,120,119,18,36.1,99,-71.3,980,29.5,23.4,heater_failure
EVA-0203,125,117,17,36.1,98,-70.6,984,29.5,22.5,heater_failure
EVA-0203,130,119,18,35.9,98,-71.3,968,29.6,25.8,heater_failure
EVA-0203,135,123,16,35.8,98,-72.2,972,29.6,25.9,heater_failure
EVA-0203,140,123,16,35.8,98,-72.1,942,29.6,26.8,heater_failure
EVA-0203,145,123,16,35.6,98,-73.5,988,29.6,29.2,heater_failure
EVA-0203,150,121,16,35.8,99,-71.5,1112,29.6,26.1,heater_failure
EVA-0204,0,85,18,37.2,98,-22.1,523,29.5,9.0,scrubber_exhaustion
EVA-0204,5,86,19,37.2,98,-24.2,559,29.7,8.9,scrubber_exhaustion
EVA-0204,10,88,20,37.3,99,-22.0,594,29.6,11.2,scrubber_exhaustion
EVA-0204,15,98,20,37.3,98,-19.7,651,29.6,14.7,scrubber_exhaustion
EVA-0204,20,94,18,37.3,98,-20.2,620,29.6,11.8,scrubber_exhaustion
EVA-0204,25,97,20,37.3,98,-19.0,564,29.6,15.3,scrubber_exhaustion
EVA-0204,30,97,21,37.4,97,-18.8,670,29.6,17.5,scrubber_exhaustion
EVA-0204,35,106,20,37.3,98,-19.6,681,29.6,15.5,scrubber_exhaustion
EVA-0204,40,103,20,37.4,98,-20.5,646,29.6,16.1,scrubber_exhaustion
EVA-0204,45,102,22,37.4,98,-17.2,692,29.6,17.4,scrubber_exhaustion
EVA-0204,50,107,21,37.4,99,-18.3,760,29.6,17.3,scrubber_exhaustion
EVA-0204,55,105,21,37.3,98,-17.9,669,29.6,16.8,scrubber_exhaustion
EVA-0204,60,105,21,37.4,98,-18.7,763,29.6,17.1,scrubber_exhaustion
EVA-0204,65,105,22,37.4,98,-19.2,789,29.6,18.6,scrubber_exhaustion
EVA-0204,70,104,22,37.5,98,-19.5,752,29.6,19.5,scrubber_exhaustion
EVA-0204,75,109,24,37.5,98,-20.6,701,29.6,22.1,scrubber_exhaustion
EVA-0204,80,108,22,37.4,98,-21.6,827,29.6,19.4,scrubber_exhaustion
EVA-0204,85,110,23,37.4,98,-23.3,821,29.6,20.1,scrubber_exhaustion
EVA-0204,90,112,21,37.5,98,-20.1,817,29.7,19.9,scrubber_exhaustion
EVA-0204,95,115,22,37.4,98,-23.0,826,29.6,20.4,scrubber_exhaustion
EVA-0204,100,112,24,37.5,98,-23.7,973,29.6,22.3,scrubber_exhaustion
EVA-0204,105,110,24,37.5,98,-25.2,1037,29.6,21.9,scrubber_exhaustion
EVA-0204,110,115,23,37.4,98,-28.5,1332,29.6,21.4,scrubber_exhaustion
EVA-0204,115,111,24,37.6,98,-29.8,1563,29.6,24.1,scrubber_exhaustion
EVA-0204,120,111,22,37.4,98,-31.1,1853,29.6,20.1,scrubber_exhaustion
EVA-0204,125,110,26,37.5,98,-33.2,2302,29.5,25.4,scrubber_exhaustion
EVA-0204,130,117,24,37.6,98,-33.3,2855,29.6,26.7,scrubber_exhaustion
EVA-0204,135,114,26,37.7,98,-37.0,3406,29.6,27.9,scrubber_exhaustion
EVA-0204,140,124,29,37.6,97,-39.1,4047,29.6,33.2,scrubber_exhaustion
EVA-0204,145,126,28,37.7,97,-41.1,4713,29.7,34.0,scrubber_exhaustion
EVA-0204,150,129,31,37.8,98,-41.7,5515,29.6,37.3,scrubber_exhaustion
EVA-0204,155,136,32,37.9,97,-43.7,6382,29.6,43.4,scrubber_exhaustion
EVA-0204,160,141,33,38.0,97,-45.7,7384,29.5,47.0,scrubber_exhaustion
EVA-0204,165,146,37,38.0,97,-46.6,8257,29.6,49.3,scrubber_exhaustion
EVA-0204,170,164,38,38.3,96,-49.9,9394,29.6,58.0,scrubber_exhaustion
EVA-0204,175,170,40,38.3,96,-49.3,10525,29.6,59.8,scrubber_exhaustion
EVA-0205,0,90,15,36.8,98,-50.2,952,29.6,7.7,nominal
EVA-0205,5,99,16,36.9,98,-49.9,856,29.6,8.8,nominal
EVA-0205,10,103,16,36.9,97,-50.8,956,29.5,10.0,nominal
EVA-0205,15,109,18,36.9,98,-51.9,856,29.6,12.4,nominal
EVA-0205,20,112,19,36.9,98,-50.7,941,29.6,12.9,nominal
EVA-0205,25,106,20,37.0,98,-52.4,881,29.7,12.3,nominal
EVA-0205,30,111,19,37.0,98,-52.2,825,29.6,11.7,nominal
EVA-0205,35,112,19,37.0,98,-54.6,1015,29.6,13.1,nominal
EVA-0205,40,115,19,37.0,98,-55.2,1003,29.7,12.9,nominal
EVA-0205,45,115,19,37.1,97,-55.5,990,29.6,14.8,nominal
EVA-0205,50,116,19,37.0,98,-59.8,882,29.6,13.4,nominal
EVA-0205,55,115,21,37.0,98,-57.1,1033,29.6,15.7,nominal
EVA-0205,60,111,19,37.0,98,-60.0,1087,29.7,12.3,nominal
EVA-0205,65,112,20,36.9,98,-64.7,1046,29.7,13.7,nominal
EVA-0205,70,114,18,36.9,98,-62.4,1120,29.6,13.4,nominal
EVA-0205,75,108,17,37.1,98,-64.4,1106,29.6,10.3,nominal
EVA-0205,80,105,19,37.0,97,-66.3,1100,29.6,11.6,nominal
EVA-0205,85,109,17,37.0,98,-63.7,1168,29.6,10.9,nominal
EVA-0205,90,108,18,36.9,98,-66.0,1097,29.6,12.0,nominal
EVA-0205,95,101,17,36.8,98,-68.0,1237,29.6,11.3,nominal
EVA-0205,100,99,17,36.8,97,-68.3,1239,29.6,11.5,nominal
EVA-0205,105,102,18,36.9,98,-68.5,1281,29.6,11.7,nominal
EVA-0206,0,85,18,36.8,98,-62.8,555,29.6,8.3,nominal
EVA-0206,5,91,19,36.9,98,-62.1,616,29.6,8.3,nominal
EVA-0206,10,91,19,36.9,98,-62.1,692,29.6,10.1,nominal
EVA-0206,15,90,19,36.9,98,-63.1,595,29.7,10.5,nominal
EVA-0206,20,94,20,37.0,98,-59.9,688,29.6,9.7,nominal
EVA-0206,25,96,18,37.0,98,-60.4,615,29.6,8.7,nominal
EVA-0206,30,92,20,37.0,98,-59.7,657,29.6,9.7,nominal
EVA-0206,35,92,21,37.0,98,-59.2,622,29.5,10.5,nominal
EVA-0206,40,90,18,37.0,98,-58.6,705,29.6,6.9,nominal
EVA-0206,45,97,19,37.0,98,-58.7,632,29.6,9.2,nominal
EVA-0206,50,101,20,36.9,98,-59.4,713,29.6,11.6,nominal
EVA-0206,55,99,20,37.1,98,-56.1,753,29.5,12.8,nominal
EVA-0206,60,101,19,37.1,98,-56.7,741,29.6,10.7,nominal
EVA-0206,65,98,19,37.1,98,-58.1,761,29.6,10.7,nominal
EVA-0206,70,99,20,37.0,98,-57.5,758,29.6,10.9,nominal
EVA-0206,75,98,20,37.1,98,-53.6,751,29.6,10.8,nominal
EVA-0206,80,96,20,37.0,98,-55.7,760,29.6,10.3,nominal
EVA-0206,85,100,21,37.1,98,-55.8,784,29.6,12.7,nominal
EVA-0206,90,105,19,37.1,98,-55.1,729,29.7,11.2,nominal
EVA-0206,95,109,22,37.0,98,-53.4,769,29.6,14.4,nominal
EVA-0206,100,107,22,37.1,98,-54.0,886,29.6,14.6,nominal
EVA-0206,105,105,19,37.0,98,-52.7,824,29.6,11.2,nominal
EVA-0206,110,99,19,37.1,98,-49.6,866,29.6,11.6,nominal
EVA-0206,115,110,20,37.0,98,-53.7,833,29.6,12.8,nominal
EVA-0206,120,107,20,37.0,98,-51.8,792,29.6,12.4,nominal
EVA-0206,125,102,21,37.1,98,-50.8,819,29.5,12.7,nominal
EVA-0206,130,107,20,37.1,98,-52.4,762,29.6,13.3,nominal
EVA-0206,135,100,20,37.0,98,-49.2,910,29.5,11.6,nominal
EVA-0206,140,100,20,37.0,98,-48.3,897,29.7,10.6,nominal
EVA-0206,145,95,19,37.0,98,-50.5,827,29.6,9.5,nominal
EVA-0206,150,97,19,37.0,98,-48.5,906,29.6,9.4,nominal
EVA-0206,155,95,20,36.9,98,-47.7,910,29.6,10.7,nominal
EVA-0206,160,95,17,36.9,98,-46.7,891,29.6,7.6,nominal
EVA-0206,165,94,18,36.9,98,-43.8,917,29.6,8.3,nominal
EVA-0206,170,95,19,37.0,98,-47.4,929,29.6,9.3,nominal
EVA-0206,175,96,19,37.0,98,-45.5,928,29.6,9.4,nominal
EVA-0206,180,94,19,37.0,98,-45.9,925,29.6,8.5,nominal
EVA-0206,185,89,19,37.0,98,-45.7,930,29.6,7.9,nominal
EVA-0206,190,89,18,36.9,98,-44.9,909,29.6,6.9,nominal
EVA-0206,195,90,20,37.0,98,-44.1,983,29.6,9.8,nominal
EVA-0206,200,93,17,36.9,98,-44.2,1039,29.5,8.6,nominal
EVA-0206,205,88,18,36.9,98,-43.5,907,29.6,7.8,nominal
EVA-0206,210,83,17,36.9,98,-43.7,967,29.6,5.1,nominal
EVA-0206,215,82,17,36.8,98,-44.4,944,29.6,6.8,nominal
EVA-0206,220,77,17,36.8,98,-42.0,1006,29.7,5.2,nominal
EVA-0206,225,77,16,36.8,98,-41.5,1008,29.7,5.0,nominal
EVA-0206,230,77,16,36.8,98,-41.3,1002,29.6,4.6,nominal
EVA-0206,235,77,17,36.8,98,-41.4,978,29.6,5.5,nominal
EVA-0206,240,79,15,36.8,98,-43.0,991,29.6,4.6,nominal
EVA-0206,245,76,15,36.9,98,-43.0,986,29.6,3.0,nominal
EVA-0206,250,78,17,36.9,98,-40.6,950,29.6,4.2,nominal
EVA-0206,255,73,16,36.8,98,-43.0,1091,29.6,4.2,nominal
EVA-0206,260,74,15,36.8,98,-42.3,1073,29.6,2.6,nominal
EVA-0206,265,77,16,36.8,99,-38.8,1109,29.6,4.9,nominal
EVA-0206,270,77,16,36.8,98,-40.7,1043,29.6,4.6,nominal
EVA-0207,0,87,15,37.2,98,-73.9,605,29.6,6.1,scrubber_exhaustion
EVA-0207,5,95,16,37.2,98,-76.8,526,29.7,7.9,scrubber_exhaustion
EVA-0207,10,94,16,37.4,98,-77.0,581,29.6,10.5,scrubber_exhaustion
EVA-0207,15,95,17,37.2,98,-75.5,639,29.5,9.9,scrubber_exhaustion
EVA-0207,20,101,17,37.5,99,-76.1,609,29.6,13.5,scrubber_exhaustion
EVA-0207,25,106,19,37.3,98,-76.7,698,29.5,13.7,scrubber_exhaustion
EVA-0207,30,110,20,37.4,98,-76.8,737,29.6,16.9,scrubber_exhaustion
EVA-0207,35,108,20,37.3,98,-76.9,700,29.6,15.8,scrubber_exhaustion
EVA-0207,40,114,19,37.5,98,-76.9,736,29.6,18.8,scrubber_exhaustion
EVA-0207,45,112,18,37.4,99,-71.6,730,29.6,15.9,scrubber_exhaustion
EVA-0207,50,117,19,37.4,98,-72.4,747,29.6,18.1,scrubber_exhaustion
EVA-0207,55,122,21,37.5,99,-72.0,868,29.6,21.7,scrubber_exhaustion
EVA-0207,60,114,19,37.5,99,-68.6,987,29.6,18.3,scrubber_exhaustion
EVA-0207,65,112,19,37.5,98,-69.0,1474,29.6,18.4,scrubber_exhaustion
EVA-0207,70,118,21,37.5,98,-67.3,2035,29.5,20.9,scrubber_exhaustion
EVA-0207,75,116,22,37.5,98,-63.3,2856,29.6,23.0,scrubber_exhaustion
EVA-0207,80,126,24,37.7,98,-62.1,3997,29.5,28.6,scrubber_exhaustion
EVA-0207,85,130,27,37.8,98,-61.0,5266,29.6,34.2,scrubber_exhaustion
EVA-0207,90,143,30,38.0,97,-60.1,6717,29.6,42.6,scrubber_exhaustion
EVA-0207,95,159,32,38.1,97,-57.4,8483,29.6,49.8,scrubber_exhaustion
EVA-0207,100,178,36,38.4,97,-55.3,10465,29.6,60.4,scrubber_exhaustion
EVA-0208,0,81,17,37.1,98,-57.7,609,29.6,5.8,scrubber_exhaustion
EVA-0208,5,85,16,37.1,97,-56.9,594,29.6,7.2,scrubber_exhaustion
EVA-0208,10,80,17,37.1,98,-57.8,662,29.6,6.2,scrubber_exhaustion
EVA-0208,15,90,18,37.1,98,-57.8,636,29.6,8.9,scrubber_exhaustion
EVA-0208,20,86,17,37.1,97,-58.6,597,29.7,7.8,scrubber_exhaustion
EVA-0208,25,88,18,37.1,97,-58.0,638,29.6,10.1,scrubber_exhaustion
EVA-0208,30,91,20,37.1,98,-57.5,645,29.6,9.9,scrubber_exhaustion
EVA-0208,35,89,19,37.2,98,-56.1,717,29.6,10.3,scrubber_exhaustion
EVA-0208,40,100,20,37.2,98,-56.1,713,29.6,13.2,scrubber_exhaustion
EVA-0208,45,95,21,37.1,97,-57.0,715,29.6,13.4,scrubber_exhaustion
EVA-0208,50,103,20,37.1,98,-54.7,658,29.6,14.2,scrubber_exhaustion
EVA-0208,55,98,19,37.2,98,-55.4,714,29.6,13.2,scrubber_exhaustion
EVA-0208,60,101,21,37.2,98,-54.9,656,29.6,15.0,scrubber_exhaustion
EVA-0208,65,106,19,37.3,98,-53.2,746,29.6,14.8,scrubber_exhaustion
EVA-0208,70,106,21,37.2,98,-52.4,780,29.6,15.5,scrubber_exhaustion
EVA-0208,75,109,20,37.3,97,-52.4,639,29.7,18.0,scrubber_exhaustion
EVA-0208,80,110,22,37.3,98,-50.0,738,29.6,19.5,scrubber_exhaustion
EVA-0208,85,106,21,37.2,97,-53.8,746,29.6,17.4,scrubber_exhaustion
EVA-0208,90,110,22,37.4,98,-49.6,799,29.7,19.5,scrubber_exhaustion
EVA-0208,95,110,22,37.3,97,-51.3,741,29.6,20.6,scrubber_exhaustion
EVA-0208,100,107,21,37.3,97,-49.3,749,29.6,18.2,scrubber_exhaustion
EVA-0208,105,112,22,37.3,97,-48.5,803,29.6,20.9,scrubber_exhaustion
EVA-0208,110,112,20,37.3,97,-47.8,859,29.6,18.2,scrubber_exhaustion
EVA-0208,115,112,21,37.4,97,-48.0,897,29.7,20.5,scrubber_exhaustion
EVA-0208,120,114,23,37.3,98,-47.7,1001,29.6,21.6,scrubber_exhaustion
EVA-0208,125,117,22,37.4,97,-47.5,1087,29.7,22.2,scrubber_exhaustion
EVA-0208,130,110,22,37.4,97,-44.6,1147,29.7,20.6,scrubber_exhaustion
EVA-0208,135,115,22,37.4,97,-43.3,1306,29.6,21.8,scrubber_exhaustion
EVA-0208,140,118,22,37.4,97,-41.9,1485,29.5,23.8,scrubber_exhaustion
EVA-0208,145,118,23,37.4,97,-40.4,1601,29.6,23.3,scrubber_exhaustion
EVA-0208,150,117,24,37.4,97,-39.9,1805,29.5,25.4,scrubber_exhaustion
EVA-0208,155,122,24,37.4,97,-38.8,1989,29.7,25.4,scrubber_exhaustion
EVA-0208,160,118,26,37.4,97,-40.4,2349,29.6,27.2,scrubber_exhaustion
EVA-0208,165,122,26,37.6,97,-37.0,2657,29.6,30.8,scrubber_exhaustion
EVA-0208,170,129,26,37.5,97,-37.0,2814,29.6,30.7,scrubber_exhaustion
EVA-0208,175,129,27,37.6,97,-38.1,3178,29.6,31.5,scrubber_exhaustion
EVA-0208,180,129,28,37.6,97,-34.5,3539,29.6,34.1,scrubber_exhaustion
EVA-0208,185,128,27,37.6,97,-36.0,3783,29.6,32.2,scrubber_exhaustion
EVA-0208,190,130,29,37.6,96,-35.4,4226,29.5,36.3,scrubber_exhaustion
EVA-0208,195,132,29,37.7,97,-31.5,4669,29.6,37.4,scrubber_exhaustion
EVA-0208,200,131,29,37.7,97,-32.3,5018,29.6,37.7,scrubber_exhaustion
EVA-0208,205,140,31,37.7,96,-33.1,5471,29.6,41.6,scrubber_exhaustion
EVA-0208,210,143,32,37.8,96,-31.8,6004,29.6,45.3,scrubber_exhaustion
EVA-0208,215,145,33,37.9,97,-29.2,6414,29.5,45.1,scrubber_exhaustion
EVA-0208,220,150,34,37.9,96,-31.2,6921,29.6,49.5,scrubber_exhaustion
EVA-0208,225,153,35,38.0,96,-29.3,7476,29.6,51.4,scrubber_exhaustion
EVA-0208,230,162,38,38.1,96,-28.7,8128,29.6,54.9,scrubber_exhaustion
EVA-0208,235,166,38,38.2,96,-24.7,8667,29.6,56.6,scrubber_exhaustion
EVA-0208,240,172,38,38.3,96,-29.1,9264,29.6,59.5,scrubber_exhaustion
EVA-0208,245,185,40,38.3,96,-28.6,9896,29.6,63.1,scrubber_exhaustion
EVA-0208,250,175,41,38.3,95,-27.1,10478,29.6,61.7,scrubber_exhaustion
EVA-0209,0,86,15,37.3,98,-49.0,887,29.6,7.2,scrubber_exhaustion
EVA-0209,5,90,17,37.4,99,-49.7,900,29.6,10.0,scrubber_exhaustion
EVA-0209,10,96,18,37.4,99,-46.9,857,29.6,12.1,scrubber_exhaustion
EVA-0209,15,106,17,37.5,98,-46.1,811,29.6,15.2,scrubber_exhaustion
EVA-0209,20,100,18,37.5,98,-42.6,915,29.6,14.2,scrubber_exhaustion
EVA-0209,25,109,18,37.5,98,-41.0,994,29.5,17.0,scrubber_exhaustion
EVA-0209,30,107,19,37.5,98,-38.2,930,29.6,16.6,scrubber_exhaustion
EVA-0209,35,106,19,37.5,99,-36.1,1103,29.6,17.5,scrubber_exhaustion
EVA-0209,40,113,19,37.5,98,-38.5,1197,29.6,18.8,scrubber_exhaustion
EVA-0209,45,111,21,37.5,98,-38.5,1518,29.6,19.6,scrubber_exhaustion
EVA-0209,50,115,22,37.6,98,-37.5,1884,29.6,23.1,scrubber_exhaustion
EVA-0209,55,124,22,37.7,98,-37.1,2432,29.6,25.9,scrubber_exhaustion
EVA-0209,60,127,24,37.7,98,-32.9,3084,29.6,28.8,scrubber_exhaustion
EVA-0209,65,125,25,37.8,98,-38.7,3860,29.6,29.7,scrubber_exhaustion
EVA-0209,70,135,26,37.9,98,-33.1,4653,29.6,34.2,scrubber_exhaustion
EVA-0209,75,134,29,37.9,98,-36.1,5551,29.6,36.5,scrubber_exhaustion
EVA-0209,80,142,29,38.1,97,-35.5,6749,29.6,42.5,scrubber_exhaustion
EVA-0209,85,150,33,38.2,97,-38.3,7928,29.6,50.0,scrubber_exhaustion
EVA-0209,90,159,35,38.3,97,-34.3,9272,29.6,55.3,scrubber_exhaustion
EVA-0209,95,172,36,38.5,96,-35.2,10762,29.7,61.5,scrubber_exhaustion
EVA-0210,0,81,14,37.0,98,-70.1,780,29.7,2.6,nominal
EVA-0210,5,86,17,37.0,97,-71.5,678,29.6,8.1,nominal
EVA-0210,10,89,17,37.0,98,-73.3,716,29.6,7.0,nominal
EVA-0210,15,90,16,37.0,97,-75.6,773,29.6,7.4,nominal
EVA-0210,20,94,18,37.0,98,-73.4,706,29.5,9.2,nominal
EVA-0210,25,90,15,37.0,97,-77.1,875,29.6,7.0,nominal
EVA-0210,30,92,18,37.1,98,-77.6,832,29.6,8.7,nominal
EVA-0210,35,95,18,37.1,97,-75.8,834,29.7,11.1,nominal
EVA-0210,40,98,17,37.1,98,-77.3,868,29.6,9.5,nominal
EVA-0210,45,97,18,37.1,97,-76.9,829,29.6,11.2,nominal
EVA-0210,50,94,18,37.1,98,-78.7,869,29.6,9.5,nominal
EVA-0210,55,96,17,37.1,98,-76.8,825,29.6,8.2,nominal
EVA-0210,60,98,19,37.2,98,-76.0,778,29.6,12.3,nominal
EVA-0210,65,99,18,37.1,98,-78.6,893,29.5,11.3,nominal
EVA-0210,70,105,19,37.1,98,-76.0,979,29.6,11.8,nominal
EVA-0210,75,103,21,37.1,97,-74.7,996,29.5,14.8,nominal
EVA-0210,80,105,19,37.2,98,-76.7,925,29.6,14.4,nominal
EVA-0210,85,105,18,37.1,98,-74.1,933,29.6,11.3,nominal
EVA-0210,90,106,20,37.2,97,-73.3,889,29.6,14.7,nominal
EVA-0210,95,102,19,37.0,97,-72.0,1019,29.5,13.1,nominal
EVA-0210,100,97,19,37.1,98,-71.7,1003,29.6,11.8,nominal
EVA-0210,105,94,20,37.2,97,-72.0,988,29.6,12.6,nominal
EVA-0210,110,98,19,37.1,98,-69.5,921,29.6,11.0,nominal
EVA-0210,115,97,18,37.0,97,-68.4,941,29.6,10.0,nominal
EVA-0210,120,93,18,37.1,97,-66.4,1041,29.5,9.7,nominal
EVA-0210,125,94,18,37.1,97,-63.6,978,29.6,10.1,nominal
EVA-0210,130,95,18,37.0,97,-65.4,1085,29.6,9.4,nominal
EVA-0210,135,88,17,37.0,98,-61.0,1099,29.6,6.3,nominal
EVA-0210,140,87,17,37.0,97,-58.7,1027,29.6,6.9,nominal
EVA-0210,145,87,16,36.9,97,-57.4,1101,29.6,6.6,nominal
EVA-0210,150,79,15,37.0,97,-55.9,1069,29.6,4.7,nominal
EVA-0210,155,84,15,36.9,97,-56.5,1166,29.6,5.9,nominal
EVA-0210,160,86,16,37.0,97,-55.3,1285,29.5,6.4,nominal
EVA-0210,165,83,16,37.0,98,-56.4,1144,29.6,4.9,nominal
EVA-0211,0,83,17,37.2,97,-42.0,711,29.6,9.0,nominal
EVA-0211,5,77,16,37.3,97,-44.8,697,29.5,7.8,nominal
EVA-0211,10,79,17,37.4,97,-45.2,661,29.6,10.1,nominal
EVA-0211,15,80,16,37.4,97,-49.3,750,29.7,9.7,nominal
EVA-0211,20,84,16,37.4,97,-45.9,754,29.6,10.7,nominal
EVA-0211,25,92,18,37.4,97,-47.8,678,29.6,13.4,nominal
EVA-0211,30,91,18,37.3,98,-49.5,752,29.7,12.2,nominal
EVA-0211,35,91,16,37.3,97,-53.0,785,29.6,10.7,nominal
EVA-0211,40,92,17,37.4,97,-53.9,768,29.6,13.5,nominal
EVA-0211,45,95,18,37.4,98,-55.1,872,29.6,12.2,nominal
EVA-0211,50,95,19,37.4,97,-54.4,869,29.6,16.5,nominal
EVA-0211,55,98,18,37.4,97,-56.8,754,29.6,15.3,nominal
EVA-0211,60,96,20,37.4,97,-59.8,810,29.6,15.8,nominal
EVA-0211,65,94,19,37.4,97,-60.5,875,29.6,15.0,nominal
EVA-0211,70,101,20,37.4,98,-63.9,838,29.6,17.6,nominal
EVA-0211,75,106,20,37.4,97,-66.1,885,29.5,19.3,nominal
EVA-0211,80,109,21,37.5,97,-66.1,833,29.6,21.2,nominal
EVA-0211,85,109,21,37.5,97,-69.0,801,29.7,21.1,nominal
EVA-0211,90,109,22,37.6,97,-71.2,914,29.5,24.4,nominal
EVA-0211,95,114,22,37.5,97,-70.7,878,29.7,24.8,nominal
EVA-0211,100,106,21,37.5,98,-72.7,1019,29.6,19.8,nominal
EVA-0211,105,108,22,37.5,97,-75.1,955,29.6,20.9,nominal
EVA-0211,110,104,20,37.5,97,-75.9,876,29.6,19.4,nominal
EVA-0211,115,102,21,37.6,97,-76.4,964,29.6,20.1,nominal
EVA-0211,120,104,20,37.5,98,-78.5,941,29.7,19.8,nominal
EVA-0211,125,104,21,37.5,97,-79.5,978,29.6,20.3,nominal
EVA-0211,130,106,21,37.6,97,-81.2,932,29.6,21.1,nominal
EVA-0211,135,108,21,37.5,97,-80.1,989,29.6,21.5,nominal
EVA-0211,140,100,19,37.4,97,-81.8,1032,29.6,17.3,nominal
EVA-0211,145,104,19,37.5,98,-84.4,1032,29.6,17.4,nominal
EVA-0211,150,111,21,37.5,98,-86.6,1055,29.6,21.1,nominal
EVA-0211,155,100,20,37.5,97,-87.3,1156,29.6,18.1,nominal
EVA-0211,160,99,19,37.5,97,-89.1,1005,29.6,18.2,nominal
EVA-0211,165,99,20,37.5,97,-89.4,1117,29.6,17.7,nominal
EVA-0211,170,97,18,37.5,97,-88.4,1060,29.7,16.6,nominal
EVA-0211,175,101,18,37.4,98,-90.6,1039,29.6,15.6,nominal
EVA-0211,180,97,19,37.4,97,-90.7,1066,29.6,15.9,nominal
EVA-0211,185,98,19,37.4,97,-89.6,1118,29.5,17.3,nominal
EVA-0211,190,100,19,37.4,97,-90.8,1071,29.6,16.8,nominal
EVA-0211,195,99,20,37.4,98,-91.7,1009,29.6,16.4,nominal
EVA-0211,200,101,19,37.5,97,-92.2,1145,29.6,16.9,nominal
EVA-0211,205,97,18,37.5,97,-92.5,1128,29.6,16.2,nominal
EVA-0212,0,87,15,37.2,98,-42.8,824,29.6,6.4,seal_leak
EVA-0212,5,87,14,37.3,99,-44.2,862,29.6,5.7,seal_leak
EVA-0212,10,89,15,37.3,98,-45.1,793,29.6,7.1,seal_leak
EVA-0212,15,88,15,37.2,99,-44.0,817,29.6,6.0,seal_leak
EVA-0212,20,94,15,37.3,99,-43.0,829,29.6,8.9,seal_leak
EVA-0212,25,94,14,37.3,98,-42.3,809,29.7,8.0,seal_leak
EVA-0212,30,92,16,37.2,98,-42.6,943,29.6,7.4,seal_leak
EVA-0212,35,94,16,37.3,98,-44.5,899,29.6,9.0,seal_leak
EVA-0212,40,95,16,37.3,98,-41.7,944,29.5,8.9,seal_leak
EVA-0212,45,95,17,37.3,98,-41.4,890,29.4,11.0,seal_leak
EVA-0212,50,97,16,37.2,98,-40.3,940,29.3,9.2,seal_leak
EVA-0212,55,106,18,37.2,97,-40.5,930,29.1,14.1,seal_leak
EVA-0212,60,105,18,37.2,98,-38.4,881,28.9,12.0,seal_leak
EVA-0212,65,103,19,37.3,97,-36.2,891,28.8,16.6,seal_leak
EVA-0212,70,100,18,37.2,97,-37.0,893,28.7,13.9,seal_leak
EVA-0212,75,100,18,37.1,97,-37.8,919,28.4,14.2,seal_leak
EVA-0212,80,102,17,37.2,97,-35.5,869,28.3,14.0,seal_leak
EVA-0212,85,102,19,37.1,96,-35.8,880,28.0,17.8,seal_leak
EVA-0212,90,106,18,37.2,95,-35.7,805,27.8,20.1,seal_leak
EVA-0212,95,109,20,37.2,95,-37.0,823,27.5,22.7,seal_leak
EVA-0212,100,108,21,37.2,94,-36.2,824,27.3,25.1,seal_leak
EVA-0212,105,112,20,37.2,94,-35.0,863,27.0,25.3,seal_leak
EVA-0212,110,111,19,37.1,94,-32.9,814,26.8,23.6,seal_leak
EVA-0212,115,112,19,37.0,93,-33.6,836,26.4,25.5,seal_leak
EVA-0212,120,115,19,37.0,92,-34.5,820,26.2,27.8,seal_leak
EVA-0212,125,111,20,36.9,93,-34.9,818,26.0,27.7,seal_leak
EVA-0212,130,111,20,36.8,92,-34.1,839,25.6,32.3,seal_leak
EVA-0212,135,113,21,36.8,92,-34.3,809,25.3,33.3,seal_leak
EVA-0212,140,121,21,36.7,91,-33.1,787,25.0,38.4,seal_leak
EVA-0212,145,118,22,36.7,90,-36.3,800,24.7,39.2,seal_leak
EVA-0212,150,119,21,36.6,89,-35.0,828,24.3,43.3,seal_leak
EVA-0212,155,118,21,36.7,89,-34.2,771,24.0,43.2,seal_leak
EVA-0212,160,120,21,36.6,88,-33.6,723,23.6,46.1,seal_leak
EVA-0212,165,116,22,36.6,88,-33.1,712,23.3,47.3,seal_leak
EVA-0212,170,125,21,36.4,88,-37.5,732,22.9,50.3,seal_leak
EVA-0212,175,125,22,36.4,87,-36.8,699,22.6,54.3,seal_leak
EVA-0212,180,125,21,36.4,86,-36.3,656,22.2,54.2,seal_leak
EVA-0212,185,129,21,36.3,86,-38.0,702,21.8,59.9,seal_leak
EVA-0212,190,129,21,36.2,85,-34.9,708,21.5,61.3,seal_leak
EVA-0212,195,128,22,36.3,85,-37.1,722,21.0,62.1,seal_leak
EVA-0213,0,83,16,36.7,98,-49.8,693,29.5,8.7,nominal
EVA-0213,5,82,17,36.6,98,-46.6,745,29.7,9.8,nominal
EVA-0213,10,84,16,36.6,98,-48.5,796,29.6,9.4,nominal
EVA-0213,15,85,15,36.7,97,-46.0,754,29.5,10.5,nominal
EVA-0213,20,86,16,36.7,98,-43.5,679,29.6,8.1,nominal
EVA-0213,25,87,16,36.8,97,-45.7,761,29.7,10.0,nominal
EVA-0213,30,88,17,36.7,98,-42.3,779,29.6,9.5,nominal
EVA-0213,35,92,17,36.7,97,-40.9,776,29.5,13.2,nominal
EVA-0213,40,91,16,36.7,97,-39.8,752,29.6,11.0,nominal
EVA-0213,45,95,18,36.6,98,-40.4,793,29.6,13.3,nominal
EVA-0213,50,94,17,36.7,97,-37.5,841,29.6,12.4,nominal
EVA-0213,55,93,18,36.8,97,-36.6,798,29.6,11.7,nominal
EVA-0213,60,100,19,36.7,98,-36.7,882,29.5,13.9,nominal
EVA-0213,65,95,19,36.7,98,-34.1,799,29.6,12.4,nominal
EVA-0213,70,99,18,36.8,97,-32.6,790,29.6,13.7,nominal
EVA-0213,75,100,19,36.8,98,-34.3,835,29.6,12.8,nominal
EVA-0213,80,100,19,36.7,98,-32.1,762,29.6,13.9,nominal
EVA-0213,85,100,19,36.9,98,-30.4,862,29.6,11.2,nominal
EVA-0213,90,100,19,36.8,97,-29.8,855,29.6,14.4,nominal
EVA-0213,95,98,19,36.8,97,-31.2,910,29.6,14.0,nominal
EVA-0213,100,96,20,36.8,97,-29.4,810,29.7,13.5,nominal
EVA-0213,105,99,18,36.8,98,-30.7,930,29.6,12.7,nominal
EVA-0213,110,95,18,36.8,98,-29.2,911,29.6,11.0,nominal
EVA-0213,115,97,19,36.7,97,-31.0,984,29.6,14.4,nominal
EVA-0213,120,96,19,36.8,97,-31.9,913,29.6,12.5,nominal
EVA-0213,125,102,20,36.9,97,-29.5,945,29.6,14.6,nominal
EVA-0213,130,106,20,36.8,97,-29.2,966,29.6,15.9,nominal
EVA-0213,135,104,19,36.9,97,-29.7,855,29.6,13.7,nominal
EVA-0213,140,101,18,36.7,97,-31.9,1004,29.6,14.0,nominal
EVA-0213,145,106,20,36.8,97,-34.3,957,29.5,15.3,nominal
EVA-0213,150,101,19,36.8,97,-30.8,914,29.6,13.9,nominal
EVA-0213,155,102,20,36.8,98,-30.7,976,29.6,13.9,nominal
EVA-0213,160,105,19,36.9,97,-35.4,1041,29.6,14.9,nominal
EVA-0213,165,104,20,36.8,97,-34.2,981,29.6,16.0,nominal
EVA-0213,170,103,19,36.9,97,-35.8,1010,29.6,13.7,nominal
EVA-0213,175,107,20,37.0,98,-35.3,923,29.7,13.1,nominal
EVA-0213,180,107,19,36.8,98,-35.0,983,29.6,14.0,nominal
EVA-0213,185,103,21,36.9,98,-37.9,1062,29.6,15.2,nominal
EVA-0213,190,102,19,36.8,97,-39.3,1086,29.6,13.7,nominal
EVA-0213,195,99,19,36.7,97,-39.3,1056,29.5,14.8,nominal
EVA-0213,200,94,20,36.8,97,-43.5,1081,29.6,13.5,nominal
EVA-0213,205,93,18,36.7,98,-41.2,1046,29.7,12.0,nominal
EVA-0213,210,91,18,36.8,98,-42.2,1073,29.6,10.9,nominal
EVA-0213,215,97,18,36.8,97,-44.7,1033,29.6,12.7,nominal
EVA-0213,220,88,17,36.8,98,-46.6,1067,29.5,9.6,nominal
EVA-0213,225,92,19,36.8,97,-47.7,1096,29.6,13.5,nominal
EVA-0213,230,97,18,36.7,97,-49.0,1035,29.6,13.6,nominal
EVA-0213,235,95,18,36.7,97,-50.1,1222,29.5,12.8,nominal
EVA-0213,240,93,17,36.7,97,-53.2,1091,29.6,11.6,nominal
EVA-0213,245,91,17,36.7,98,-52.1,1140,29.6,9.9,nominal
EVA-0213,250,91,18,36.8,97,-54.4,1083,29.6,11.2,nominal
EVA-0214,0,92,16,37.0,98,-31.9,952,29.6,5.4,nominal
EVA-0214,5,98,16,37.1,98,-30.7,848,29.6,6.5,nominal
EVA-0214,10,98,16,37.2,99,-28.3,863,29.6,8.1,nominal
EVA-0214,15,100,18,37.1,99,-27.9,837,29.6,9.1,nominal
EVA-0214,20,101,16,37.1,98,-26.9,965,29.5,8.8,nominal
EVA-0214,25,106,17,37.1,98,-27.6,915,29.6,10.2,nominal
EVA-0214,30,106,17,37.1,98,-24.5,957,29.6,9.9,nominal
EVA-0214,35,105,18,37.1,99,-24.4,940,29.7,11.1,nominal
EVA-0214,40,110,19,37.1,99,-26.5,1015,29.5,11.7,nominal
EVA-0214,45,110,19,37.2,98,-29.3,1058,29.5,13.3,nominal
EVA-0214,50,105,18,37.1,99,-30.0,1094,29.6,10.8,nominal
EVA-0214,55,111,17,37.1,98,-31.1,1049,29.6,10.7,nominal
EVA-0214,60,112,19,37.1,99,-33.9,1046,29.6,13.1,nominal
EVA-0214,65,111,18,37.2,98,-36.1,1062,29.6,12.8,nominal
EVA-0214,70,105,18,37.1,99,-41.8,1112,29.6,9.9,nominal
EVA-0214,75,110,17,37.1,98,-43.3,1142,29.6,11.3,nominal
EVA-0214,80,105,17,37.1,98,-45.9,1174,29.6,8.9,nominal
EVA-0214,85,97,17,37.1,98,-47.9,1130,29.6,8.5,nominal
EVA-0214,90,98,17,37.0,99,-52.0,1194,29.5,7.5,nominal
EVA-0214,95,94,15,37.1,98,-52.9,1161,29.6,6.3,nominal
EVA-0214,100,95,14,36.9,98,-56.5,1220,29.6,5.0,nominal
EVA-0214,105,94,15,37.0,99,-56.5,1308,29.7,4.6,nominal
EVA-0214,110,88,14,37.0,98,-58.1,1254,29.6,3.1,nominal
EVA-0215,0,89,17,36.8,97,-74.3,825,29.7,10.2,heater_failure
EVA-0215,5,87,16,36.6,98,-73.8,751,29.6,9.0,heater_failure
EVA-0215,10,91,17,36.7,98,-74.5,784,29.6,9.1,heater_failure
EVA-0215,15,90,16,36.6,98,-75.6,812,29.6,9.5,heater_failure
EVA-0215,20,93,17,36.7,98,-72.8,756,29.6,11.3,heater_failure
EVA-0215,25,97,17,36.6,98,-72.5,865,29.6,12.7,heater_failure
EVA-0215,30,100,18,36.7,97,-74.8,762,29.5,14.6,heater_failure
EVA-0215,35,93,16,36.7,97,-76.6,784,29.6,11.6,heater_failure
EVA-0215,40,100,17,36.7,97,-73.7,793,29.6,12.9,heater_failure
EVA-0215,45,104,18,36.6,98,-74.0,835,29.6,15.1,heater_failure
EVA-0215,50,102,19,36.5,98,-75.4,848,29.6,16.0,heater_failure
EVA-0215,55,108,19,36.5,98,-74.2,814,29.6,17.3,heater_failure
EVA-0215,60,114,20,36.4,98,-77.3,846,29.6,22.0,heater_failure
EVA-0215,65,110,20,36.5,97,-73.9,810,29.6,20.5,heater_failure
EVA-0215,70,107,20,36.5,98,-73.9,921,29.5,18.6,heater_failure
EVA-0215,75,113,19,36.5,98,-71.9,908,29.6,18.9,heater_failure
EVA-0215,80,109,19,36.5,98,-72.9,870,29.6,17.5,heater_failure
EVA-0215,85,109,19,36.4,98,-72.8,886,29.6,19.2,heater_failure
EVA-0215,90,112,21,36.5,98,-70.3,874,29.6,19.9,heater_failure
EVA-0215,95,117,21,36.3,98,-73.2,870,29.5,23.9,heater_failure
EVA-0215,100,114,19,36.3,98,-73.7,872,29.6,22.0,heater_failure
EVA-0215,105,113,21,36.4,98,-70.4,888,29.7,21.3,heater_failure
EVA-0215,110,113,20,36.4,98,-69.8,982,29.6,20.4,heater_failure
EVA-0215,115,117,21,36.4,98,-69.4,994,29.6,22.7,heater_failure
EVA-0215,120,115,20,36.4,98,-70.5,894,29.6,21.0,heater_failure
EVA-0215,125,115,20,36.3,97,-70.6,996,29.5,22.8,heater_failure
EVA-0215,130,116,20,36.3,98,-70.8,918,29.6,22.4,heater_failure
EVA-0215,135,110,19,36.2,98,-69.9,1017,29.6,22.4,heater_failure
EVA-0215,140,106,18,36.2,98,-70.2,995,29.6,20.3,heater_failure
EVA-0215,145,112,19,36.3,98,-68.4,976,29.6,21.6,heater_failure
EVA-0215,150,99,19,36.5,98,-65.5,1028,29.6,15.9,heater_failure
EVA-0215,155,107,18,36.3,97,-67.7,1078,29.6,21.9,heater_failure
EVA-0215,160,104,18,36.4,98,-66.4,942,29.6,18.2,heater_failure
EVA-0215,165,100,17,36.4,97,-65.5,1086,29.6,17.7,heater_failure
EVA-0215,170,101,18,36.3,97,-66.2,1008,29.6,19.3,heater_failure
EVA-0215,175,101,17,36.3,98,-65.9,1116,29.6,17.2,heater_failure
EVA-0215,180,90,17,36.5,97,-63.5,1100,29.6,13.1,heater_failure
EVA-0215,185,88,17,36.3,98,-64.5,1019,29.6,14.1,heater_failure
EVA-0215,190,88,15,36.5,98,-63.1,1052,29.6,9.6,heater_failure
EVA-0215,195,88,16,36.7,98,-61.4,1109,29.6,9.5,heater_failure
EVA-0215,200,92,15,36.1,98,-65.1,1139,29.6,15.1,heater_failure
EVA-0215,205,95,15,36.3,97,-64.0,1126,29.6,15.8,heater_failure
EVA-0215,210,84,14,36.4,98,-63.9,1131,29.5,10.1,heater_failure
EVA-0215,215,88,15,36.2,98,-64.2,1093,29.6,13.0,heater_failure
EVA-0215,220,90,15,36.2,98,-64.1,1132,29.6,13.8,heater_failure
EVA-0215,225,83,13,36.5,98,-61.9,1136,29.6,9.4,heater_failure
EVA-0215,230,85,15,36.3,98,-63.5,1081,29.6,11.8,heater_failure
EVA-0215,235,82,15,36.7,98,-60.7,1172,29.5,7.4,heater_failure
EVA-0215,240,87,15,36.2,98,-64.2,1149,29.6,14.4,heater_failure
EVA-0216,0,82,15,37.2,99,-87.9,734,29.5,5.7,nominal
EVA-0216,5,77,15,37.2,99,-91.0,769,29.6,4.8,nominal
EVA-0216,10,78,16,37.2,99,-90.3,701,29.6,5.5,nominal
EVA-0216,15,83,16,37.3,99,-92.0,705,29.6,6.6,nominal
EVA-0216,20,84,15,37.4,99,-91.3,759,29.6,6.6,nominal
EVA-0216,25,93,15,37.3,99,-92.8,807,29.6,8.3,nominal
EVA-0216,30,83,16,37.3,99,-95.0,861,29.6,7.4,nominal
EVA-0216,35,87,17,37.4,99,-93.0,734,29.6,9.7,nominal
EVA-0216,40,90,17,37.2,99,-94.2,804,29.5,8.6,nominal
EVA-0216,45,87,16,37.3,99,-93.3,761,29.6,7.8,nominal
EVA-0216,50,89,15,37.4,99,-92.1,740,29.6,8.6,nominal
EVA-0216,55,99,18,37.4,99,-90.5,789,29.6,13.6,nominal
EVA-0216,60,94,18,37.4,99,-94.1,797,29.7,12.7,nominal
EVA-0216,65,98,17,37.4,99,-92.4,819,29.6,12.2,nominal
EVA-0216,70,97,18,37.4,99,-91.6,842,29.6,12.8,nominal
EVA-0216,75,95,18,37.5,99,-91.1,842,29.6,13.3,nominal
EVA-0216,80,91,17,37.4,99,-90.5,894,29.6,11.6,nominal
EVA-0216,85,90,19,37.4,99,-89.2,932,29.6,11.6,nominal
EVA-0216,90,96,18,37.4,99,-89.7,856,29.6,12.9,nominal
EVA-0216,95,98,18,37.3,99,-88.6,842,29.5,12.5,nominal
EVA-0216,100,97,18,37.5,99,-87.0,863,29.6,13.6,nominal
EVA-0216,105,96,18,37.4,99,-87.4,870,29.6,12.0,nominal
EVA-0216,110,97,18,37.4,99,-86.3,861,29.5,13.2,nominal
EVA-0216,115,103,20,37.4,99,-84.6,829,29.6,16.9,nominal
EVA-0216,120,100,18,37.4,99,-84.1,843,29.6,13.6,nominal
EVA-0216,125,95,19,37.4,99,-83.4,943,29.6,13.6,nominal
EVA-0216,130,99,19,37.5,99,-82.3,954,29.6,14.8,nominal
EVA-0216,135,99,18,37.4,99,-79.8,943,29.6,13.4,nominal
EVA-0216,140,93,19,37.5,99,-76.8,926,29.6,14.2,nominal
EVA-0216,145,96,18,37.5,99,-76.6,922,29.6,13.7,nominal
EVA-0216,150,104,18,37.4,99,-76.9,891,29.7,13.9,nominal
EVA-0216,155,89,18,37.4,99,-72.5,931,29.6,11.6,nominal
EVA-0216,160,92,17,37.4,99,-73.5,936,29.6,10.7,nominal
EVA-0216,165,88,18,37.4,99,-69.6,913,29.6,11.2,nominal
EVA-0216,170,88,18,37.5,99,-70.1,995,29.6,11.7,nominal
EVA-0216,175,86,18,37.4,99,-68.2,960,29.7,10.5,nominal
EVA-0216,180,86,17,37.3,99,-67.5,1003,29.6,8.5,nominal
EVA-0216,185,92,16,37.3,99,-66.0,943,29.6,8.7,nominal
EVA-0216,190,90,17,37.3,99,-62.5,1044,29.7,9.9,nominal
EVA-0216,195,87,17,37.4,99,-62.9,1045,29.6,9.8,nominal
EVA-0216,200,92,17,37.4,99,-60.1,1010,29.6,11.7,nominal
EVA-0216,205,89,17,37.4,99,-59.8,1103,29.6,10.9,nominal
EVA-0216,210,88,16,37.4,99,-58.6,1046,29.7,9.0,nominal
EVA-0216,215,86,17,37.3,99,-56.3,1064,29.5,8.7,nominal
EVA-0216,220,81,15,37.4,99,-55.9,995,29.6,7.0,nominal
EVA-0216,225,81,16,37.3,99,-55.4,1039,29.6,6.6,nominal
EVA-0216,230,85,15,37.2,99,-54.1,1053,29.7,6.1,nominal
EVA-0216,235,83,14,37.3,99,-51.3,1125,29.6,5.6,nominal
EVA-0216,240,78,15,37.2,99,-53.5,1141,29.6,4.7,nominal
EVA-0216,245,80,15,37.3,99,-49.2,1080,29.6,5.7,nominal
EVA-0216,250,83,16,37.3,99,-50.4,1122,29.6,7.1,nominal
EVA-0216,255,80,16,37.3,99,-47.4,1161,29.6,6.4,nominal
EVA-0216,260,82,16,37.2,99,-45.1,1115,29.6,5.7,nominal
EVA-0217,0,96,16,37.1,99,-64.8,649,29.6,7.4,nominal
EVA-0217,5,104,18,37.1,99,-67.4,750,29.6,10.5,nominal
EVA-0217,10,98,16,37.1,98,-67.4,602,29.6,7.4,nominal
EVA-0217,15,98,17,37.0,99,-68.8,679,29.6,7.8,nominal
EVA-0217,20,104,17,37.1,98,-69.4,782,29.6,10.5,nominal
EVA-0217,25,102,16,37.2,99,-71.2,801,29.6,9.0,nominal
EVA-0217,30,102,17,37.2,99,-70.4,805,29.6,10.2,nominal
EVA-0217,35,100,16,37.1,99,-72.3,867,29.6,7.5,nominal
EVA-0217,40,97,15,37.1,99,-72.4,894,29.6,6.8,nominal
EVA-0217,45,100,17,37.1,99,-72.7,985,29.6,8.8,nominal
EVA-0217,50,105,18,37.0,98,-72.6,891,29.5,9.2,nominal
EVA-0217,55,106,16,37.1,99,-73.2,954,29.6,9.2,nominal
EVA-0217,60,102,18,37.1,99,-75.3,888,29.6,9.7,nominal
EVA-0217,65,100,16,37.0,98,-73.0,919,29.5,6.8,nominal
EVA-0217,70,94,16,37.1,99,-73.1,925,29.6,7.3,nominal
EVA-0217,75,99,18,37.1,98,-71.2,975,29.6,9.7,nominal
EVA-0217,80,101,16,36.9,98,-71.9,1009,29.6,7.9,nominal
EVA-0217,85,95,15,37.1,98,-69.6,1064,29.6,5.5,nominal
EVA-0217,90,87,15,37.0,99,-69.6,1051,29.6,3.7,nominal
EVA-0217,95,87,15,37.0,99,-68.3,1113,29.7,3.6,nominal
EVA-0217,100,91,15,36.9,99,-66.2,1132,29.5,4.5,nominal
EVA-0217,105,87,15,36.9,99,-65.9,1092,29.6,4.1,nominal
EVA-0217,110,86,14,37.0,99,-63.3,1103,29.7,2.8,nominal
EVA-0217,115,89,14,36.9,99,-64.2,1058,29.6,3.4,nominal
EVA-0218,0,89,18,37.2,99,-48.8,531,29.6,9.7,scrubber_exhaustion
EVA-0218,5,94,20,37.3,99,-49.9,663,29.6,12.5,scrubber_exhaustion
EVA-0218,10,89,17,37.3,98,-45.6,669,29.6,9.3,scrubber_exhaustion
EVA-0218,15,89,18,37.3,99,-44.4,647,29.6,10.1,scrubber_exhaustion
EVA-0218,20,95,20,37.3,99,-44.4,645,29.6,13.1,scrubber_exhaustion
EVA-0218,25,100,20,37.3,99,-43.3,733,29.6,14.0,scrubber_exhaustion
EVA-0218,30,103,20,37.3,98,-45.2,718,29.6,14.9,scrubber_exhaustion
EVA-0218,35,99,20,37.3,99,-43.5,819,29.6,14.5,scrubber_exhaustion
EVA-0218,40,104,21,37.3,99,-44.3,887,29.6,15.4,scrubber_exhaustion
EVA-0218,45,102,20,37.3,99,-46.7,1116,29.8,15.0,scrubber_exhaustion
EVA-0218,50,106,21,37.4,99,-48.7,1506,29.6,17.5,scrubber_exhaustion
EVA-0218,55,104,22,37.4,99,-52.2,1832,29.6,18.5,scrubber_exhaustion
EVA-0218,60,111,24,37.5,99,-52.4,2338,29.7,23.1,scrubber_exhaustion
EVA-0218,65,113,23,37.6,98,-56.1,2993,29.6,23.7,scrubber_exhaustion
EVA-0218,70,115,26,37.5,98,-58.8,3784,29.5,25.8,scrubber_exhaustion
EVA-0218,75,115,27,37.6,98,-60.0,4707,29.7,27.3,scrubber_exhaustion
EVA-0218,80,128,30,37.8,98,-63.8,5585,29.6,34.5,scrubber_exhaustion
EVA-0218,85,134,32,38.0,97,-66.5,6608,29.5,41.7,scrubber_exhaustion
EVA-0218,90,144,34,38.1,97,-66.1,7791,29.6,47.4,scrubber_exhaustion
EVA-0218,95,151,36,38.1,97,-70.6,9142,29.6,51.3,scrubber_exhaustion
EVA-0218,100,164,37,38.2,97,-68.9,10455,29.6,55.6,scrubber_exhaustion
EVA-0219,0,81,17,37.1,97,-48.2,529,29.6,8.6,nominal
EVA-0219,5,80,18,37.0,97,-49.5,611,29.6,7.7,nominal
EVA-0219,10,84,16,37.0,97,-49.9,576,29.5,8.0,nominal
EVA-0219,15,86,18,37.1,97,-52.3,579,29.7,10.3,nominal
EVA-0219,20,91,19,37.1,97,-51.5,582,29.6,12.8,nominal
EVA-0219,25,85,20,37.1,97,-54.3,574,29.6,12.6,nominal
EVA-0219,30,93,20,37.2,97,-53.1,621,29.5,15.1,nominal
EVA-0219,35,98,22,37.2,97,-55.9,645,29.6,18.2,nominal
EVA-0219,40,101,20,37.3,97,-56.2,623,29.6,17.6,nominal
EVA-0219,45,96,20,37.1,97,-56.4,668,29.7,14.7,nominal
EVA-0219,50,98,21,37.2,97,-56.8,671,29.6,15.8,nominal
EVA-0219,55,99,21,37.2,97,-58.1,680,29.6,17.9,nominal
EVA-0219,60,102,22,37.2,96,-56.1,659,29.6,18.6,nominal
EVA-0219,65,100,19,37.2,97,-59.5,665,29.6,13.6,nominal
EVA-0219,70,97,20,37.3,97,-61.5,708,29.6,17.5,nominal
EVA-0219,75,95,21,37.2,96,-59.8,647,29.6,17.5,nominal
EVA-0219,80,98,21,37.3,97,-58.7,841,29.6,17.4,nominal
EVA-0219,85,100,21,37.1,97,-58.9,608,29.6,16.0,nominal
EVA-0219,90,102,21,37.3,97,-60.3,705,29.6,18.6,nominal
EVA-0219,95,103,19,37.2,97,-59.0,763,29.6,15.2,nominal
EVA-0219,100,102,22,37.3,97,-59.0,783,29.6,19.3,nominal
EVA-0219,105,98,21,37.1,97,-58.1,722,29.6,15.8,nominal
EVA-0219,110,95,20,37.2,97,-56.6,740,29.6,15.9,nominal
EVA-0219,115,98,20,37.2,97,-55.0,782,29.6,16.5,nominal
EVA-0219,120,97,20,37.2,97,-55.5,728,29.6,16.3,nominal
EVA-0219,125,95,20,37.1,97,-54.3,745,29.6,14.8,nominal
EVA-0219,130,96,19,37.2,97,-51.5,848,29.6,13.8,nominal
EVA-0219,135,96,19,37.2,97,-52.2,855,29.6,15.4,nominal
EVA-0219,140,98,20,37.2,97,-51.0,829,29.6,15.6,nominal
EVA-0219,145,95,19,37.2,97,-46.0,873,29.6,14.5,nominal
EVA-0219,150,89,18,37.2,97,-48.0,852,29.6,11.8,nominal
EVA-0219,155,89,18,37.2,97,-48.3,823,29.6,11.0,nominal
EVA-0219,160,81,18,37.0,97,-46.3,815,29.6,8.6,nominal
EVA-0219,165,86,18,37.1,97,-46.0,905,29.6,9.1,nominal
EVA-0219,170,85,20,37.2,97,-40.4,856,29.6,13.4,nominal
EVA-0219,175,84,19,37.1,97,-41.3,933,29.6,10.9,nominal
EVA-0219,180,84,19,37.1,97,-41.3,893,29.5,10.7,nominal
EVA-0219,185,76,18,37.1,97,-38.4,975,29.7,8.2,nominal
EVA-0219,190,83,17,37.1,97,-36.0,883,29.6,8.2,nominal
EVA-0219,195,77,16,37.1,97,-37.4,884,29.6,6.8,nominal
EVA-0219,200,75,18,37.0,98,-34.5,955,29.7,4.9,nominal
EVA-0219,205,74,16,37.0,97,-36.3,939,29.6,4.5,nominal
EVA-0219,210,78,17,37.1,97,-36.7,972,29.6,8.0,nominal
EVA-0219,215,82,17,37.1,97,-32.7,971,29.6,7.6,nominal
EVA-0220,0,82,18,37.3,99,-38.6,663,29.6,8.8,seal_leak
EVA-0220,5,83,19,37.3,99,-36.8,728,29.6,9.6,seal_leak
EVA-0220,10,87,18,37.3,99,-35.7,734,29.5,10.4,seal_leak
EVA-0220,15,92,20,37.2,99,-31.2,786,29.6,11.7,seal_leak
EVA-0220,20,90,19,37.4,99,-31.5,849,29.6,13.5,seal_leak
EVA-0220,25,98,19,37.4,99,-30.0,788,29.6,14.3,seal_leak
EVA-0220,30,102,20,37.4,99,-27.9,834,29.6,15.7,seal_leak
EVA-0220,35,103,21,37.5,99,-28.0,827,29.7,17.8,seal_leak
EVA-0220,40,101,22,37.5,99,-26.1,868,29.6,19.1,seal_leak
EVA-0220,45,103,21,37.5,99,-27.1,816,29.5,17.9,seal_leak
EVA-0220,50,106,21,37.5,99,-22.1,873,29.5,18.8,seal_leak
EVA-0220,55,108,22,37.5,99,-20.5,930,29.6,20.2,seal_leak
EVA-0220,60,106,22,37.5,99,-20.5,867,29.6,19.5,seal_leak
EVA-0220,65,102,22,37.4,99,-20.0,892,29.5,17.5,seal_leak
EVA-0220,70,106,22,37.4,99,-19.9,886,29.2,18.1,seal_leak
EVA-0220,75,108,23,37.4,98,-17.7,817,28.8,19.8,seal_leak
EVA-0220,80,111,22,37.3,97,-19.6,897,28.4,20.3,seal_leak
EVA-0220,85,110,22,37.2,96,-18.4,833,27.9,21.8,seal_leak
EVA-0220,90,117,25,37.2,96,-18.8,841,27.4,27.8,seal_leak
EVA-0220,95,121,23,37.0,95,-21.8,852,26.8,27.3,seal_leak
EVA-0220,100,121,25,37.1,94,-20.0,841,26.0,32.5,seal_leak
EVA-0220,105,122,25,37.0,92,-23.0,759,25.4,34.9,seal_leak
EVA-0220,110,130,26,36.8,91,-23.3,799,24.5,42.8,seal_leak
EVA-0220,115,136,27,36.8,90,-23.9,801,23.9,48.8,seal_leak
EVA-0220,120,136,28,36.7,89,-23.5,731,23.0,53.9,seal_leak
EVA-0220,125,139,29,36.6,86,-27.2,758,22.1,61.7,seal_leak
EVA-0220,130,145,29,36.5,86,-27.5,727,21.3,67.2,seal_leak
EVA-0220,135,149,28,36.4,84,-31.4,710,20.3,70.3,seal_leak
EVA-0220,140,153,30,36.2,83,-31.4,700,19.4,74.8,seal_leak
EVA-0220,145,154,30,36.2,82,-33.6,633,18.4,75.6,seal_leak
EVA-0220,150,152,30,36.3,82,-33.4,611,17.3,73.1,seal_leak
EVA-0221,0,88,17,36.9,97,-78.8,718,29.7,9.7,nominal
EVA-0221,5,90,18,37.0,97,-75.0,628,29.6,8.5,nominal
EVA-0221,10,91,17,36.9,97,-77.4,627,29.5,8.9,nominal
EVA-0221,15,94,16,36.9,98,-78.9,657,29.6,8.1,nominal
EVA-0221,20,90,17,37.0,97,-80.3,728,29.6,9.5,nominal
EVA-0221,25,96,16,36.9,98,-79.7,743,29.6,7.8,nominal
EVA-0221,30,96,17,36.8,97,-79.3,668,29.6,10.9,nominal
EVA-0221,35,101,18,36.9,97,-78.9,701,29.5,11.8,nominal
EVA-0221,40,90,18,36.9,98,-78.3,765,29.6,9.1,nominal
EVA-0221,45,98,17,36.9,97,-78.8,822,29.6,10.4,nominal
EVA-0221,50,98,20,36.9,97,-77.7,747,29.6,12.9,nominal
EVA-0221,55,101,19,37.0,97,-78.0,728,29.5,11.8,nominal
EVA-0221,60,104,19,37.0,97,-77.4,850,29.7,12.6,nominal
EVA-0221,65,101,20,37.0,97,-75.8,739,29.6,12.6,nominal
EVA-0221,70,102,19,36.9,98,-73.6,855,29.6,11.7,nominal
EVA-0221,75,100,19,36.9,97,-72.1,747,29.5,11.9,nominal
EVA-0221,80,101,20,36.9,97,-70.0,852,29.6,13.1,nominal
EVA-0221,85,106,19,37.1,97,-68.8,855,29.6,13.2,nominal
EVA-0221,90,106,20,37.0,98,-67.3,848,29.6,13.3,nominal
EVA-0221,95,107,19,37.0,97,-67.2,962,29.6,12.7,nominal
EVA-0221,100,104,19,36.9,97,-64.8,906,29.6,13.4,nominal
EVA-0221,105,104,19,37.1,97,-67.0,916,29.7,13.3,nominal
EVA-0221,110,99,20,37.0,98,-62.7,925,29.6,11.1,nominal
EVA-0221,115,100,19,36.9,97,-62.4,915,29.6,12.8,nominal
EVA-0221,120,103,18,37.0,97,-60.3,1045,29.6,11.6,nominal
EVA-0221,125,101,19,37.0,97,-63.9,959,29.6,11.7,nominal
EVA-0221,130,100,18,36.9,97,-58.9,1072,29.5,11.7,nominal
EVA-0221,135,99,19,37.0,97,-61.4,965,29.6,12.1,nominal
EVA-0221,140,99,19,37.0,97,-57.7,1016,29.6,12.2,nominal
EVA-0221,145,95,17,37.0,98,-59.8,1007,29.6,7.8,nominal
EVA-0221,150,91,17,36.9,97,-58.2,1005,29.6,10.0,nominal
EVA-0221,155,88,16,37.0,98,-58.8,1046,29.5,6.3,nominal
EVA-0221,160,88,18,36.9,97,-57.7,1142,29.5,9.8,nominal
EVA-0222,0,91,17,37.0,96,-77.0,683,29.6,10.3,heater_failure
EVA-0222,5,92,18,36.8,97,-77.7,604,29.6,12.2,heater_failure
EVA-0222,10,94,17,36.8,97,-76.7,607,29.6,12.7,heater_failure
EVA-0222,15,104,19,36.8,97,-77.6,525,29.6,15.2,heater_failure
EVA-0222,20,100,19,36.7,97,-78.2,712,29.6,15.6,heater_failure
EVA-0222,25,106,19,36.6,97,-78.9,659,29.6,18.5,heater_failure
EVA-0222,30,104,19,36.5,97,-78.1,725,29.6,19.4,heater_failure
EVA-0222,35,101,19,36.5,97,-77.1,698,29.6,18.0,heater_failure
EVA-0222,40,104,19,36.5,97,-78.8,779,29.6,19.5,heater_failure
EVA-0222,45,112,19,36.3,97,-80.9,796,29.6,24.2,heater_failure
EVA-0222,50,115,20,36.2,97,-79.5,703,29.6,25.3,heater_failure
EVA-0222,55,117,21,36.1,97,-79.2,742,29.6,27.8,heater_failure
EVA-0222,60,118,22,36.1,97,-79.2,803,29.6,30.7,heater_failure
EVA-0222,65,126,20,36.0,97,-79.7,855,29.6,29.8,heater_failure
EVA-0222,70,125,20,35.9,97,-80.4,811,29.7,33.4,heater_failure
EVA-0222,75,126,20,35.9,96,-77.6,830,29.5,33.8,heater_failure
EVA-0222,80,130,21,35.6,97,-82.5,851,29.6,37.3,heater_failure
EVA-0222,85,131,21,35.7,97,-79.4,810,29.6,37.0,heater_failure
EVA-0222,90,136,21,35.5,97,-80.7,844,29.6,40.5,heater_failure
EVA-0222,95,132,21,35.6,97,-78.8,870,29.6,37.6,heater_failure
EVA-0222,100,128,19,35.1,97,-83.4,938,29.6,42.7,heater_failure
EVA-0222,105,127,21,35.2,96,-80.0,988,29.6,43.0,heater_failure
EVA-0222,110,116,18,35.1,97,-79.9,881,29.6,38.9,heater_failure
EVA-0222,115,109,17,34.8,96,-82.2,969,29.5,38.6,heater_failure
EVA-0222,120,95,15,34.6,96,-83.0,961,29.6,34.5,heater_failure
EVA-0222,125,109,17,35.0,97,-79.5,943,29.6,37.9,heater_failure
EVA-0222,130,86,14,34.4,96,-83.0,937,29.6,31.9,heater_failure
EVA-0222,135,88,15,34.6,96,-80.7,1005,29.6,32.4,heater_failure
EVA-0222,140,85,13,34.5,96,-80.1,982,29.6,30.9,heater_failure
EVA-0222,145,82,13,34.3,96,-82.0,1040,29.6,30.8,heater_failure
EVA-0223,0,91,17,37.0,98,-47.2,666,29.6,6.0,nominal
EVA-0223,5,89,14,37.0,98,-46.8,643,29.5,3.9,nominal
EVA-0223,10,91,15,37.1,98,-42.0,687,29.6,5.4,nominal
EVA-0223,15,99,16,36.9,98,-41.1,849,29.6,6.8,nominal
EVA-0223,20,91,15,37.0,98,-36.4,609,29.6,3.9,nominal
EVA-0223,25,91,16,37.1,98,-39.4,584,29.6,5.8,nominal
EVA-0223,30,94,18,37.0,98,-36.3,744,29.6,7.5,nominal
EVA-0223,35,99,16,37.1,98,-35.7,649,29.6,7.9,nominal
EVA-0223,40,103,16,37.1,98,-34.0,727,29.7,9.5,nominal
EVA-0223,45,103,16,37.2,98,-32.2,746,29.6,10.8,nominal
EVA-0223,50,100,16,37.1,98,-31.0,726,29.5,9.0,nominal
EVA-0223,55,101,17,37.0,99,-28.0,749,29.6,8.0,nominal
EVA-0223,60,98,19,37.1,98,-26.7,822,29.6,10.9,nominal
EVA-0223,65,106,17,37.2,98,-25.5,726,29.6,11.3,nominal
EVA-0223,70,103,17,37.2,98,-22.7,819,29.6,11.4,nominal
EVA-0223,75,105,18,37.2,98,-22.4,712,29.7,12.1,nominal
EVA-0223,80,107,17,37.1,98,-21.0,795,29.6,11.7,nominal
EVA-0223,85,110,16,37.1,98,-20.9,810,29.6,11.1,nominal
EVA-0223,90,107,19,37.1,98,-19.9,793,29.6,12.9,nominal
EVA-0223,95,105,18,37.1,98,-18.4,848,29.6,11.4,nominal
EVA-0223,100,109,19,37.2,98,-20.3,815,29.6,14.1,nominal
EVA-0223,105,111,19,37.2,98,-19.3,837,29.6,14.9,nominal
EVA-0223,110,110,20,37.3,98,-18.0,799,29.7,16.2,nominal
EVA-0223,115,107,18,37.2,98,-17.9,794,29.6,12.4,nominal
EVA-0223,120,110,18,37.2,98,-19.5,802,29.6,13.5,nominal
EVA-0223,125,115,19,37.1,98,-17.0,829,29.6,13.6,nominal
EVA-0223,130,115,20,37.2,98,-16.3,807,29.7,15.5,nominal
EVA-0223,135,109,19,37.3,98,-16.7,957,29.6,15.8,nominal
EVA-0223,140,116,19,37.2,98,-19.6,868,29.6,15.5,nominal
EVA-0223,145,104,18,37.2,98,-18.3,890,29.6,11.3,nominal
EVA-0223,150,105,17,37.3,98,-20.5,847,29.6,12.8,nominal
EVA-0223,155,110,18,37.2,98,-20.7,1000,29.5,13.8,nominal
EVA-0223,160,104,17,37.2,98,-20.4,905,29.6,11.5,nominal
EVA-0223,165,103,17,37.1,98,-21.1,898,29.6,9.6,nominal
EVA-0223,170,95,17,37.1,98,-24.4,911,29.6,8.4,nominal
EVA-0223,175,94,17,37.2,98,-25.7,932,29.6,9.0,nominal
EVA-0223,180,92,16,37.2,98,-24.6,937,29.6,7.4,nominal
EVA-0223,185,92,15,37.0,98,-27.9,899,29.6,5.4,nominal
EVA-0223,190,88,16,36.9,98,-32.8,1006,29.7,5.1,nominal
EVA-0223,195,88,14,37.0,98,-30.2,926,29.6,3.5,nominal
EVA-0223,200,86,14,37.0,98,-33.2,1021,29.6,2.9,nominal
EVA-0223,205,85,13,37.1,98,-34.2,934,29.6,2.7,nominal
EVA-0223,210,83,13,37.0,98,-34.8,1010,29.6,1.9,nominal
EVA-0223,215,81,13,36.9,98,-39.4,964,29.5,2.2,nominal
EVA-0223,220,83,14,37.0,98,-38.0,986,29.7,1.7,nominal
EVA-0223,225,81,14,36.9,98,-42.4,1049,29.5,2.9,nominal
EVA-0223,230,81,13,36.9,98,-43.2,1089,29.5,2.1,nominal
EVA-0223,235,82,14,36.9,98,-43.6,1127,29.6,2.2,nominal
EVA-0223,240,77,14,36.9,98,-47.1,1070,29.5,2.5,nominal
EVA-0223,245,81,12,37.0,98,-48.8,1062,29.6,1.4,nominal
EVA-0224,0,89,17,37.1,99,-61.1,827,29.6,6.1,nominal
EVA-0224,5,92,19,37.2,100,-57.4,763,29.6,9.7,nominal
EVA-0224,10,88,18,37.2,99,-55.3,731,29.6,9.6,nominal
EVA-0224,15,92,16,37.1,99,-57.0,739,29.6,6.3,nominal
EVA-0224,20,93,17,37.2,100,-56.2,794,29.6,8.0,nominal
EVA-0224,25,95,20,37.2,99,-54.5,848,29.6,12.1,nominal
EVA-0224,30,94,19,37.2,99,-54.0,909,29.6,10.7,nominal
EVA-0224,35,94,19,37.1,99,-53.3,784,29.5,9.5,nominal
EVA-0224,40,94,17,37.1,100,-50.6,789,29.6,8.0,nominal
EVA-0224,45,87,19,37.0,100,-48.7,804,29.5,7.3,nominal
EVA-0224,50,92,18,37.1,99,-51.3,837,29.6,8.6,nominal
EVA-0224,55,95,19,37.1,99,-47.5,788,29.6,10.4,nominal
EVA-0224,60,94,19,37.2,99,-50.1,772,29.6,10.6,nominal
EVA-0224,65,92,19,37.1,99,-48.2,830,29.6,9.3,nominal
EVA-0224,70,94,19,37.2,99,-49.8,861,29.6,10.5,nominal
EVA-0224,75,94,19,37.2,99,-49.2,932,29.6,10.9,nominal
EVA-0224,80,94,19,37.1,99,-48.1,813,29.5,9.9,nominal
EVA-0224,85,98,20,37.2,100,-46.3,920,29.6,12.3,nominal
EVA-0224,90,96,19,37.2,99,-46.8,871,29.6,10.4,nominal
EVA-0224,95,103,21,37.3,100,-48.7,872,29.6,14.7,nominal
EVA-0224,100,104,21,37.2,100,-48.1,820,29.6,14.0,nominal
EVA-0224,105,101,21,37.2,99,-48.4,915,29.7,14.1,nominal
EVA-0224,110,104,22,37.3,99,-45.8,917,29.6,16.3,nominal
EVA-0224,115,107,21,37.2,99,-46.0,1014,29.6,14.9,nominal
EVA-0224,120,109,20,37.3,99,-46.0,907,29.6,16.0,nominal
EVA-0224,125,104,21,37.2,99,-46.0,996,29.6,15.2,nominal
EVA-0224,130,109,21,37.2,99,-47.1,919,29.6,15.4,nominal
EVA-0224,135,114,21,37.3,99,-46.2,925,29.6,17.3,nominal
EVA-0224,140,106,21,37.3,99,-44.8,871,29.5,16.9,nominal
EVA-0224,145,109,23,37.4,99,-46.1,1006,29.7,19.7,nominal
EVA-0224,150,108,22,37.4,99,-48.5,967,29.6,18.5,nominal
EVA-0224,155,110,23,37.2,99,-47.8,968,29.6,17.9,nominal
EVA-0224,160,109,22,37.3,99,-48.5,962,29.6,18.7,nominal
EVA-0224,165,113,24,37.3,99,-47.2,993,29.6,19.9,nominal
EVA-0224,170,113,23,37.3,99,-50.0,958,29.6,19.0,nominal
EVA-0224,175,111,22,37.4,100,-49.0,1017,29.6,19.6,nominal
EVA-0224,180,117,22,37.3,99,-50.2,961,29.6,20.1,nominal
EVA-0224,185,110,22,37.3,99,-51.3,1005,29.6,17.8,nominal
EVA-0224,190,113,22,37.2,99,-50.8,1041,29.6,16.9,nominal
EVA-0224,195,107,21,37.2,99,-52.0,1089,29.7,16.1,nominal
EVA-0224,200,111,22,37.3,99,-51.6,1042,29.6,18.1,nominal
EVA-0224,205,115,22,37.3,99,-53.8,1098,29.5,19.1,nominal
EVA-0224,210,109,20,37.3,99,-55.5,1046,29.6,16.8,nominal
EVA-0224,215,108,20,37.4,99,-55.1,1012,29.6,16.8,nominal
EVA-0224,220,107,22,37.2,99,-55.5,1155,29.6,16.4,nominal
EVA-0224,225,100,21,37.3,99,-55.9,1063,29.7,15.6,nominal
EVA-0224,230,105,21,37.2,100,-57.8,1118,29.6,15.8,nominal
EVA-0224,235,102,20,37.2,99,-57.5,1054,29.6,13.4,nominal
EVA-0224,240,97,20,37.2,99,-61.1,1113,29.6,11.9,nominal
EVA-0224,245,93,19,37.2,99,-59.4,1112,29.6,10.4,nominal
EVA-0224,250,86,19,37.1,99,-60.9,1104,29.6,9.1,nominal
EVA-0224,255,85,19,37.1,99,-63.1,1202,29.6,7.8,nominal
EVA-0224,260,85,18,37.1,99,-62.4,1137,29.6,6.5,nominal
EVA-0224,265,89,17,37.1,99,-64.3,1108,29.7,6.9,nominal
EVA-0224,270,81,16,37.0,99,-64.3,1203,29.6,3.0,nominal
EVA-0224,275,80,16,37.1,100,-67.8,1058,29.6,3.7,nominal
EVA-0224,280,79,16,37.0,99,-68.8,1081,29.6,3.3,nominal
EVA-0224,285,76,16,37.0,99,-68.4,1193,29.6,2.4,nominal
EVA-0224,290,81,17,36.9,99,-70.1,1171,29.6,4.2,nominal
EVA-0224,295,78,16,37.0,99,-73.0,1143,29.6,2.9,nominal
EVA-0225,0,95,18,36.9,98,-48.8,638,29.6,8.9,nominal
EVA-0225,5,95,17,37.0,98,-48.5,661,29.6,7.2,nominal
EVA-0225,10,100,19,37.0,98,-50.3,723,29.6,10.0,nominal
EVA-0225,15,101,19,36.9,98,-52.8,756,29.6,10.2,nominal
EVA-0225,20,106,19,36.9,98,-53.6,714,29.6,11.4,nominal
EVA-0225,25,109,20,37.1,98,-53.4,711,29.6,13.7,nominal
EVA-0225,30,114,22,37.1,98,-55.9,724,29.6,16.1,nominal
EVA-0225,35,116,20,37.2,99,-59.7,727,29.6,15.9,nominal
EVA-0225,40,116,20,37.0,98,-60.3,799,29.6,14.0,nominal
EVA-0225,45,118,21,37.0,99,-60.4,844,29.6,15.5,nominal
EVA-0225,50,123,21,37.1,99,-61.7,829,29.6,16.7,nominal
EVA-0225,55,124,22,37.1,98,-63.1,821,29.5,18.6,nominal
EVA-0225,60,120,23,37.1,99,-62.8,922,29.5,17.7,nominal
EVA-0225,65,120,22,37.1,99,-63.9,851,29.6,16.9,nominal
EVA-0225,70,122,23,37.1,98,-65.6,928,29.6,18.6,nominal
EVA-0225,75,119,22,37.0,99,-66.0,831,29.5,16.8,nominal
EVA-0225,80,121,22,37.0,98,-65.4,905,29.6,17.0,nominal
EVA-0225,85,116,20,37.1,99,-67.5,865,29.5,15.0,nominal
EVA-0225,90,115,22,37.2,99,-64.2,882,29.6,17.7,nominal
EVA-0225,95,115,21,37.1,99,-65.4,902,29.6,15.3,nominal
EVA-0225,100,120,22,37.1,98,-61.6,956,29.6,17.0,nominal
EVA-0225,105,112,20,37.1,99,-64.0,947,29.7,13.2,nominal
EVA-0225,110,108,20,37.1,99,-60.3,889,29.6,13.1,nominal
EVA-0225,115,110,19,37.0,98,-61.8,977,29.6,12.0,nominal
EVA-0225,120,110,21,37.0,99,-58.7,983,29.6,13.8,nominal
EVA-0225,125,102,18,36.9,99,-55.9,947,29.7,10.6,nominal
EVA-0225,130,100,18,37.0,98,-53.6,1060,29.6,8.6,nominal
EVA-0225,135,96,19,36.9,99,-52.0,1084,29.6,10.3,nominal
EVA-0225,140,96,18,36.9,99,-50.6,1097,29.6,9.1,nominal
EVA-0225,145,100,18,37.0,98,-48.8,1160,29.6,9.0,nominal
EVA-0226,0,93,15,37.3,98,-66.7,477,29.5,8.4,scrubber_exhaustion
EVA-0226,5,99,15,37.3,98,-67.3,499,29.6,9.2,scrubber_exhaustion
EVA-0226,10,94,14,37.3,98,-66.5,563,29.7,8.1,scrubber_exhaustion
EVA-0226,15,98,16,37.3,99,-68.6,610,29.6,10.3,scrubber_exhaustion
EVA-0226,20,102,17,37.4,99,-67.8,619,29.6,12.6,scrubber_exhaustion
EVA-0226,25,101,16,37.3,99,-68.6,500,29.6,10.8,scrubber_exhaustion
EVA-0226,30,104,17,37.4,98,-66.2,590,29.7,13.2,scrubber_exhaustion
EVA-0226,35,102,17,37.3,99,-65.0,589,29.6,11.4,scrubber_exhaustion
EVA-0226,40,107,16,37.3,99,-66.3,506,29.6,12.3,scrubber_exhaustion
EVA-0226,45,110,18,37.5,98,-63.7,657,29.7,16.2,scrubber_exhaustion
EVA-0226,50,110,17,37.5,99,-65.6,665,29.6,15.6,scrubber_exhaustion
EVA-0226,55,112,18,37.5,99,-64.5,610,29.5,16.5,scrubber_exhaustion
EVA-0226,60,110,17,37.4,99,-62.0,638,29.6,14.9,scrubber_exhaustion
EVA-0226,65,110,17,37.4,98,-61.3,685,29.7,13.8,scrubber_exhaustion
EVA-0226,70,104,17,37.5,99,-60.7,737,29.6,14.0,scrubber_exhaustion
EVA-0226,75,108,17,37.3,99,-58.8,744,29.7,12.6,scrubber_exhaustion
EVA-0226,80,112,18,37.4,99,-59.1,803,29.5,16.7,scrubber_exhaustion
EVA-0226,85,111,17,37.3,98,-57.5,876,29.5,13.1,scrubber_exhaustion
EVA-0226,90,111,18,37.5,99,-57.4,1090,29.6,16.9,scrubber_exhaustion
EVA-0226,95,113,18,37.4,99,-53.0,1192,29.6,15.5,scrubber_exhaustion
EVA-0226,100,111,17,37.4,99,-54.5,1217,29.6,14.3,scrubber_exhaustion
EVA-0226,105,113,17,37.4,98,-52.8,1371,29.6,14.9,scrubber_exhaustion
EVA-0226,110,108,19,37.5,99,-51.0,1524,29.6,16.3,scrubber_exhaustion
EVA-0226,115,113,19,37.5,98,-49.0,1681,29.6,17.6,scrubber_exhaustion
EVA-0226,120,119,19,37.6,98,-47.6,2029,29.6,20.8,scrubber_exhaustion
EVA-0226,125,114,20,37.5,99,-50.3,2117,29.6,19.6,scrubber_exhaustion
EVA-0226,130,126,22,37.5,99,-43.6,2409,29.6,23.8,scrubber_exhaustion
EVA-0226,135,123,22,37.6,98,-42.4,2601,29.6,23.8,scrubber_exhaustion
EVA-0226,140,125,22,37.7,98,-41.5,2865,29.6,25.8,scrubber_exhaustion
EVA-0226,145,125,20,37.7,99,-41.6,3137,29.7,23.8,scrubber_exhaustion
EVA-0226,150,131,23,37.7,98,-39.1,3458,29.6,27.7,scrubber_exhaustion
EVA-0226,155,123,22,37.6,98,-39.1,3742,29.6,25.0,scrubber_exhaustion
EVA-0226,160,122,23,37.6,98,-38.0,4110,29.6,26.2,scrubber_exhaustion
EVA-0226,165,134,25,37.8,98,-36.5,4471,29.6,31.9,scrubber_exhaustion
EVA-0226,170,134,25,37.7,98,-35.7,4751,29.6,30.3,scrubber_exhaustion
EVA-0226,175,142,27,37.8,98,-34.3,5165,29.6,35.7,scrubber_exhaustion
EVA-0226,180,142,26,37.8,98,-37.4,5476,29.6,35.3,scrubber_exhaustion
EVA-0226,185,140,27,37.9,98,-34.2,5938,29.6,36.3,scrubber_exhaustion
EVA-0226,190,144,29,37.8,98,-35.0,6391,29.6,38.5,scrubber_exhaustion
EVA-0226,195,149,28,38.0,97,-32.0,6828,29.6,42.0,scrubber_exhaustion
EVA-0226,200,151,29,38.1,97,-33.9,7296,29.6,45.8,scrubber_exhaustion
EVA-0226,205,151,30,38.1,97,-32.9,7806,29.6,45.4,scrubber_exhaustion
EVA-0226,210,155,32,38.1,97,-31.3,8315,29.6,47.8,scrubber_exhaustion
EVA-0226,215,162,33,38.2,97,-30.9,8704,29.6,52.4,scrubber_exhaustion
EVA-0226,220,170,35,38.2,97,-31.5,9342,29.5,55.7,scrubber_exhaustion
EVA-0226,225,171,34,38.3,97,-31.9,9872,29.6,56.0,scrubber_exhaustion
EVA-0226,230,176,36,38.4,97,-34.5,10435,29.6,59.1,scrubber_exhaustion
EVA-0227,0,88,14,37.0,98,-74.7,769,29.6,2.5,seal_leak
EVA-0227,5,95,14,37.1,98,-78.6,699,29.6,5.7,seal_leak
EVA-0227,10,96,16,37.1,98,-81.7,836,29.6,8.0,seal_leak
EVA-0227,15,104,15,37.1,98,-81.5,793,29.5,8.5,seal_leak
EVA-0227,20,106,16,37.1,97,-85.8,806,29.6,10.6,seal_leak
EVA-0227,25,103,17,37.2,98,-83.2,805,29.6,11.0,seal_leak
EVA-0227,30,104,16,37.2,98,-84.1,892,29.6,10.0,seal_leak
EVA-0227,35,105,17,37.2,98,-84.9,930,29.7,11.4,seal_leak
EVA-0227,40,111,17,37.2,97,-85.2,876,29.6,14.4,seal_leak
EVA-0227,45,110,17,37.2,98,-81.7,954,29.6,13.4,seal_leak
EVA-0227,50,101,17,37.2,98,-80.1,994,29.6,10.2,seal_leak
EVA-0227,55,108,17,37.2,98,-78.5,964,29.5,11.8,seal_leak
EVA-0227,60,104,16,37.2,97,-74.2,928,29.2,11.4,seal_leak
EVA-0227,65,105,17,37.0,96,-69.1,900,28.5,13.8,seal_leak
EVA-0227,70,110,18,36.9,95,-66.7,858,27.8,20.2,seal_leak
EVA-0227,75,115,19,36.8,94,-63.4,887,26.9,26.1,seal_leak
EVA-0227,80,113,19,36.8,91,-61.4,873,26.0,32.9,seal_leak
EVA-0227,85,119,21,36.6,90,-56.4,810,25.0,41.2,seal_leak
EVA-0227,90,123,19,36.4,88,-51.2,762,23.8,48.7,seal_leak
EVA-0227,95,130,20,36.2,86,-50.3,761,22.6,57.6,seal_leak
EVA-0227,100,137,21,36.2,84,-48.5,688,21.4,64.4,seal_leak
EVA-0227,105,150,24,35.8,82,-45.4,714,20.0,72.9,seal_leak
EVA-0227,110,151,24,35.8,81,-43.5,674,18.6,73.4,seal_leak
EVA-0228,0,76,16,37.1,99,-79.2,629,29.6,2.8,heater_failure
EVA-0228,5,86,15,37.0,99,-78.2,711,29.7,3.8,heater_failure
EVA-0228,10,82,16,36.9,99,-77.0,731,29.5,5.1,heater_failure
EVA-0228,15,87,15,36.9,98,-78.0,600,29.7,4.5,heater_failure
EVA-0228,20,79,16,36.9,98,-77.8,717,29.5,4.5,heater_failure
EVA-0228,25,84,16,36.8,99,-79.0,770,29.6,6.5,heater_failure
EVA-0228,30,92,17,36.8,99,-77.4,735,29.6,9.2,heater_failure
EVA-0228,35,89,18,36.7,99,-78.0,723,29.6,10.0,heater_failure
EVA-0228,40,84,17,36.7,99,-77.2,676,29.5,8.5,heater_failure
EVA-0228,45,90,17,36.5,99,-78.3,733,29.6,12.1,heater_failure
EVA-0228,50,95,18,36.4,99,-79.2,736,29.6,14.8,heater_failure
EVA-0228,55,96,18,36.5,99,-78.4,810,29.6,13.9,heater_failure
EVA-0228,60,93,18,36.5,99,-78.3,826,29.6,14.5,heater_failure
EVA-0228,65,102,18,36.4,99,-78.9,785,29.5,16.3,heater_failure
EVA-0228,70,103,19,36.4,99,-77.6,761,29.6,18.0,heater_failure
EVA-0228,75,110,19,36.1,99,-80.5,720,29.6,21.9,heater_failure
EVA-0228,80,109,19,36.2,99,-78.3,853,29.7,20.6,heater_failure
EVA-0228,85,113,18,36.1,99,-81.0,861,29.6,22.1,heater_failure
EVA-0228,90,111,19,36.0,99,-78.9,755,29.6,23.7,heater_failure
EVA-0228,95,115,20,35.8,98,-82.3,884,29.6,28.6,heater_failure
EVA-0228,100,107,20,35.9,99,-80.3,911,29.6,25.6,heater_failure
EVA-0228,105,115,19,35.9,99,-78.9,760,29.6,26.8,heater_failure
EVA-0228,110,113,19,35.6,99,-80.7,850,29.6,29.3,heater_failure
EVA-0228,115,116,19,35.6,99,-80.4,1018,29.6,29.8,heater_failure
EVA-0228,120,114,18,35.5,99,-80.1,921,29.6,30.1,heater_failure
EVA-0228,125,108,16,35.2,99,-83.4,1032,29.6,30.4,heater_failure
EVA-0228,130,105,19,35.2,98,-80.3,951,29.5,32.4,heater_failure
EVA-0228,135,94,16,35.0,99,-81.9,1002,29.6,30.0,heater_failure
EVA-0228,140,103,16,35.2,99,-79.7,951,29.6,29.8,heater_failure
EVA-0228,145,98,17,35.1,99,-81.1,946,29.6,30.7,heater_failure
EVA-0228,150,92,14,34.9,99,-80.7,915,29.5,28.5,heater_failure
EVA-0228,155,69,14,34.6,98,-82.5,1023,29.6,25.0,heater_failure
EVA-0228,160,68,11,34.8,99,-80.2,972,29.6,25.0,heater_failure
EVA-0228,165,60,11,34.6,98,-81.3,978,29.6,25.2,heater_failure
EVA-0228,170,52,9,34.2,99,-83.1,963,29.6,25.0,heater_failure
EVA-0228,175,57,10,34.4,98,-81.9,1046,29.6,25.0,heater_failure
EVA-0228,180,61,9,34.5,98,-80.5,1090,29.6,25.0,heater_failure
EVA-0228,185,59,9,34.3,98,-81.2,1056,29.5,25.8,heater_failure
EVA-0229,0,76,16,37.3,98,-59.0,687,29.6,5.6,nominal
EVA-0229,5,84,18,37.3,99,-60.4,669,29.6,9.0,nominal
EVA-0229,10,87,17,37.3,98,-63.2,670,29.6,8.7,nominal
EVA-0229,15,92,18,37.4,98,-67.4,703,29.6,12.0,nominal
EVA-0229,20,97,19,37.4,98,-70.7,798,29.6,14.3,nominal
EVA-0229,25,95,18,37.4,98,-75.1,695,29.6,12.7,nominal
EVA-0229,30,98,20,37.4,98,-74.7,784,29.6,15.5,nominal
EVA-0229,35,105,20,37.5,98,-80.7,857,29.6,18.0,nominal
EVA-0229,40,107,20,37.5,98,-81.8,735,29.6,19.0,nominal
EVA-0229,45,104,21,37.4,98,-81.3,818,29.7,17.6,nominal
EVA-0229,50,102,19,37.5,98,-83.3,798,29.5,16.4,nominal
EVA-0229,55,98,19,37.5,98,-83.1,828,29.6,15.6,nominal
EVA-0229,60,98,19,37.4,98,-83.5,916,29.6,13.6,nominal
EVA-0229,65,98,20,37.5,98,-80.9,955,29.5,15.6,nominal
EVA-0229,70,97,20,37.4,98,-75.3,928,29.6,15.3,nominal
EVA-0229,75,98,19,37.5,98,-76.1,899,29.7,15.4,nominal
EVA-0229,80,94,18,37.5,98,-71.2,947,29.6,13.2,nominal
EVA-0229,85,90,19,37.4,98,-70.1,1024,29.6,13.5,nominal
EVA-0229,90,82,18,37.4,98,-67.4,1024,29.5,9.4,nominal
EVA-0229,95,90,16,37.3,99,-63.7,993,29.6,9.0,nominal
EVA-0229,100,86,18,37.3,98,-58.8,1044,29.5,11.1,nominal
EVA-0229,105,88,18,37.4,98,-59.4,1121,29.6,11.2,nominal
EVA-0230,0,69,19,37.0,98,-48.8,554,29.7,6.0,nominal
EVA-0230,5,77,20,37.1,99,-46.7,522,29.6,7.6,nominal
EVA-0230,10,72,20,37.1,99,-45.7,642,29.6,7.8,nominal
EVA-0230,15,81,21,37.1,98,-45.1,596,29.5,9.3,nominal
EVA-0230,20,79,21,37.2,98,-42.3,546,29.6,9.7,nominal
EVA-0230,25,84,22,37.1,98,-41.9,652,29.5,10.8,nominal
EVA-0230,30,82,22,37.2,98,-39.0,713,29.6,11.4,nominal
EVA-0230,35,84,23,37.2,98,-38.2,660,29.6,12.5,nominal
EVA-0230,40,84,22,37.3,98,-37.5,686,29.6,12.9,nominal
EVA-0230,45,84,23,37.2,98,-37.4,740,29.6,13.4,nominal
EVA-0230,50,86,23,37.2,98,-34.7,712,29.6,13.0,nominal
EVA-0230,55,86,21,37.3,98,-34.9,744,29.5,12.4,nominal
EVA-0230,60,87,23,37.2,98,-34.0,804,29.6,13.6,nominal
EVA-0230,65,88,23,37.2,98,-32.3,810,29.6,14.0,nominal
EVA-0230,70,93,23,37.2,98,-31.3,805,29.6,14.7,nominal
EVA-0230,75,87,22,37.2,98,-32.2,736,29.6,12.1,nominal
EVA-0230,80,87,21,37.1,98,-30.7,852,29.6,9.9,nominal
EVA-0230,85,87,22,37.2,99,-30.6,824,29.6,12.4,nominal
EVA-0230,90,86,21,37.2,98,-31.1,879,29.6,10.8,nominal
EVA-0230,95,82,22,37.2,99,-30.9,805,29.6,11.3,nominal
EVA-0230,100,83,21,37.1,98,-30.2,931,29.6,9.7,nominal
EVA-0230,105,83,23,37.1,98,-32.0,866,29.6,11.4,nominal
EVA-0230,110,81,21,37.1,98,-31.6,939,29.6,9.1,nominal
EVA-0230,115,74,21,37.1,98,-33.2,977,29.6,8.4,nominal
EVA-0230,120,71,20,37.1,98,-32.9,968,29.7,7.5,nominal
EVA-0230,125,70,20,37.1,98,-34.3,984,29.7,6.3,nominal
EVA-0230,130,71,20,37.1,98,-36.8,986,29.5,6.5,nominal
EVA-0230,135,74,20,37.1,98,-38.7,942,29.6,6.7,nominal
EVA-0231,0,89,16,37.0,97,-52.4,596,29.6,7.6,nominal
EVA-0231,5,88,17,37.0,97,-52.4,523,29.6,7.3,nominal
EVA-0231,10,85,17,37.1,98,-54.3,607,29.6,6.4,nominal
EVA-0231,15,90,17,37.0,98,-51.0,590,29.6,7.7,nominal
EVA-0231,20,88,17,37.0,97,-51.4,562,29.7,8.1,nominal
EVA-0231,25,96,17,37.2,97,-50.7,485,29.6,10.4,nominal
EVA-0231,30,97,18,37.0,97,-50.9,532,29.6,10.1,nominal
EVA-0231,35,100,18,37.1,97,-50.5,681,29.6,11.8,nominal
EVA-0231,40,99,18,37.0,97,-49.8,687,29.6,11.2,nominal
EVA-0231,45,99,19,37.1,97,-50.0,555,29.6,11.3,nominal
EVA-0231,50,104,18,37.1,97,-50.5,537,29.6,12.5,nominal
EVA-0231,55,101,18,37.1,98,-48.4,693,29.6,10.4,nominal
EVA-0231,60,98,18,37.1,97,-47.8,638,29.6,11.3,nominal
EVA-0231,65,104,19,37.1,97,-47.8,617,29.6,14.1,nominal
EVA-0231,70,109,19,37.1,97,-45.2,601,29.5,15.2,nominal
EVA-0231,75,108,19,37.2,97,-45.1,608,29.6,15.5,nominal
EVA-0231,80,105,20,37.2,98,-45.5,730,29.7,15.2,nominal
EVA-0231,85,105,20,37.2,97,-44.7,690,29.6,14.9,nominal
EVA-0231,90,111,20,37.1,97,-43.6,606,29.6,16.2,nominal
EVA-0231,95,111,21,37.3,97,-44.3,662,29.6,18.4,nominal
EVA-0231,100,112,20,37.2,97,-46.1,773,29.7,17.4,nominal
EVA-0231,105,111,20,37.1,97,-41.2,723,29.6,17.6,nominal
EVA-0231,110,112,21,37.3,97,-42.4,654,29.6,19.4,nominal
EVA-0231,115,116,20,37.2,97,-41.6,695,29.6,19.6,nominal
EVA-0231,120,116,21,37.2,97,-41.5,727,29.6,19.5,nominal
EVA-0231,125,109,20,37.3,97,-43.2,782,29.5,17.6,nominal
EVA-0231,130,109,19,37.1,97,-42.1,742,29.7,14.8,nominal
EVA-0231,135,108,20,37.1,97,-41.1,816,29.6,16.1,nominal
EVA-0231,140,110,19,37.2,97,-41.2,773,29.5,17.4,nominal
EVA-0231,145,108,20,37.0,97,-42.3,666,29.5,15.3,nominal
EVA-0231,150,109,20,37.2,97,-40.5,801,29.6,16.0,nominal
EVA-0231,155,112,21,37.2,97,-40.2,776,29.6,16.8,nominal
EVA-0231,160,110,20,37.1,97,-41.4,769,29.6,15.8,nominal
EVA-0231,165,110,20,37.2,97,-39.9,817,29.6,17.3,nominal
EVA-0231,170,105,20,37.1,97,-40.6,795,29.6,14.5,nominal
EVA-0231,175,110,20,37.1,97,-40.9,823,29.7,15.4,nominal
EVA-0231,180,109,19,37.2,97,-42.2,798,29.6,14.8,nominal
EVA-0231,185,108,20,37.1,97,-42.1,804,29.5,16.9,nominal
EVA-0231,190,108,20,37.1,97,-41.2,886,29.6,14.9,nominal
EVA-0231,195,104,18,37.1,97,-44.2,849,29.6,12.3,nominal
EVA-0231,200,102,18,37.1,97,-44.5,870,29.6,13.0,nominal
EVA-0231,205,100,17,37.2,97,-43.8,833,29.7,12.9,nominal
EVA-0231,210,96,18,37.1,97,-43.7,914,29.6,11.7,nominal
EVA-0231,215,93,17,37.0,97,-44.3,883,29.6,9.6,nominal
EVA-0231,220,98,18,37.0,97,-44.0,866,29.5,11.0,nominal
EVA-0231,225,105,17,37.0,97,-44.9,946,29.6,12.2,nominal
EVA-0231,230,97,18,36.9,98,-45.7,881,29.6,9.4,nominal
EVA-0231,235,99,18,37.1,98,-46.7,912,29.7,10.7,nominal
EVA-0231,240,97,19,37.0,97,-45.9,857,29.5,11.2,nominal
EVA-0231,245,95,17,37.0,97,-46.0,891,29.6,8.9,nominal
EVA-0231,250,90,18,37.0,97,-48.4,961,29.5,9.3,nominal
EVA-0231,255,89,18,37.0,98,-48.2,932,29.6,8.0,nominal
EVA-0231,260,89,16,37.0,97,-49.6,946,29.6,6.3,nominal
EVA-0231,265,85,16,36.9,97,-51.3,945,29.6,7.9,nominal
EVA-0231,270,87,17,37.0,97,-52.5,954,29.6,8.8,nominal
EVA-0231,275,85,16,37.0,97,-49.7,940,29.6,6.3,nominal
EVA-0231,280,84,17,37.0,97,-50.8,950,29.7,6.2,nominal
EVA-0232,0,96,15,37.1,98,-52.7,810,29.6,6.0,scrubber_exhaustion
EVA-0232,5,100,16,37.1,98,-50.5,892,29.6,7.9,scrubber_exhaustion
EVA-0232,10,105,17,37.2,98,-46.3,853,29.6,11.4,scrubber_exhaustion
EVA-0232,15,112,19,37.3,98,-45.3,901,29.6,15.6,scrubber_exhaustion
EVA-0232,20,109,19,37.3,98,-44.8,957,29.6,15.2,scrubber_exhaustion
EVA-0232,25,115,20,37.3,98,-44.4,901,29.6,18.0,scrubber_exhaustion
EVA-0232,30,116,21,37.3,98,-41.8,936,29.6,18.9,scrubber_exhaustion
EVA-0232,35,123,22,37.3,98,-45.1,1049,29.7,20.2,scrubber_exhaustion
EVA-0232,40,122,21,37.5,98,-47.0,1112,29.6,21.2,scrubber_exhaustion
EVA-0232,45,124,20,37.4,98,-46.9,1427,29.6,20.2,scrubber_exhaustion
EVA-0232,50,123,22,37.5,98,-48.9,1883,29.6,23.4,scrubber_exhaustion
EVA-0232,55,117,23,37.3,98,-49.4,2408,29.6,21.2,scrubber_exhaustion
EVA-0232,60,122,24,37.5,98,-53.3,3133,29.6,25.7,scrubber_exhaustion
EVA-0232,65,132,26,37.6,98,-55.2,4062,29.6,30.3,scrubber_exhaustion
EVA-0232,70,135,27,37.7,97,-62.3,5124,29.6,34.7,scrubber_exhaustion
EVA-0232,75,147,31,37.7,97,-62.6,6216,29.6,43.4,scrubber_exhaustion
EVA-0232,80,154,33,37.9,97,-63.3,7541,29.6,48.5,scrubber_exhaustion
EVA-0232,85,160,35,38.1,97,-69.0,9111,29.6,53.8,scrubber_exhaustion
EVA-0232,90,170,37,38.3,96,-70.4,10718,29.7,58.7,scrubber_exhaustion
EVA-0233,0,95,17,37.0,98,-37.3,744,29.7,7.2,nominal
EVA-0233,5,97,17,37.0,98,-35.7,732,29.6,8.7,nominal
EVA-0233,10,94,18,37.1,97,-35.4,798,29.6,9.8,nominal
EVA-0233,15,104,17,37.1,98,-32.9,767,29.6,10.9,nominal
EVA-0233,20,105,18,37.1,97,-34.1,716,29.6,13.5,nominal
EVA-0233,25,107,18,37.1,98,-35.1,895,29.7,12.6,nominal
EVA-0233,30,112,19,37.2,98,-31.8,846,29.6,15.4,nominal
EVA-0233,35,108,21,37.2,98,-36.1,884,29.6,17.1,nominal
EVA-0233,40,115,21,37.2,98,-37.5,891,29.6,18.2,nominal
EVA-0233,45,117,22,37.2,97,-39.3,880,29.6,19.4,nominal
EVA-0233,50,109,21,37.2,98,-40.3,885,29.5,16.8,nominal
EVA-0233,55,109,20,37.2,97,-40.6,986,29.6,17.1,nominal
EVA-0233,60,109,21,37.2,98,-45.6,995,29.6,16.7,nominal
EVA-0233,65,114,20,37.3,97,-45.9,988,29.6,18.0,nominal
EVA-0233,70,106,20,37.2,98,-49.3,1054,29.6,14.3,nominal
EVA-0233,75,108,21,37.1,98,-52.2,1023,29.6,14.9,nominal
EVA-0233,80,104,20,37.1,97,-56.1,1095,29.6,14.0,nominal
EVA-0233,85,107,20,37.2,98,-56.8,1129,29.6,15.2,nominal
EVA-0233,90,106,19,37.0,98,-61.5,1130,29.6,12.7,nominal
EVA-0233,95,96,18,37.1,98,-62.5,1118,29.5,10.8,nominal
EVA-0233,100,96,18,37.0,98,-64.3,1072,29.6,8.7,nominal
EVA-0233,105,90,17,37.0,98,-69.8,1156,29.7,7.6,nominal
EVA-0233,110,96,16,37.0,97,-68.5,1133,29.6,7.8,nominal
EVA-0233,115,90,16,37.0,97,-73.8,1205,29.6,7.5,nominal
EVA-0234,0,92,16,37.1,99,-69.4,524,29.6,6.8,seal_leak
EVA-0234,5,90,16,37.2,99,-70.5,636,29.6,6.5,seal_leak
EVA-0234,10,89,15,37.1,99,-70.6,626,29.6,4.7,seal_leak
EVA-0234,15,102,17,37.1,99,-73.0,564,29.6,9.9,seal_leak
EVA-0234,20,102,18,37.2,99,-72.9,598,29.6,11.3,seal_leak
EVA-0234,25,105,18,37.2,99,-73.5,672,29.6,12.3,seal_leak
EVA-0234,30,106,20,37.2,99,-73.1,645,29.6,14.0,seal_leak
EVA-0234,35,103,18,37.3,99,-71.6,627,29.6,12.2,seal_leak
EVA-0234,40,107,18,37.4,99,-73.9,613,29.6,14.1,seal_leak
EVA-0234,45,107,20,37.3,99,-76.1,652,29.7,15.3,seal_leak
EVA-0234,50,111,20,37.2,98,-75.6,648,29.5,15.0,seal_leak
EVA-0234,55,111,20,37.3,99,-72.6,691,29.5,16.1,seal_leak
EVA-0234,60,109,18,37.3,99,-75.4,673,29.6,14.8,seal_leak
EVA-0234,65,113,19,37.3,99,-72.5,653,29.6,16.0,seal_leak
EVA-0234,70,116,18,37.4,99,-73.0,756,29.6,16.7,seal_leak
EVA-0234,75,116,21,37.4,99,-68.1,741,29.5,19.4,seal_leak
EVA-0234,80,113,19,37.3,99,-71.9,682,29.6,16.3,seal_leak
EVA-0234,85,117,19,37.4,98,-70.2,705,29.6,18.5,seal_leak
EVA-0234,90,112,20,37.3,99,-67.3,759,29.5,16.5,seal_leak
EVA-0234,95,115,20,37.3,98,-67.3,689,29.3,17.4,seal_leak
EVA-0234,100,119,21,37.3,98,-66.6,713,29.0,18.9,seal_leak
EVA-0234,105,122,21,37.2,98,-65.6,704,28.7,18.5,seal_leak
EVA-0234,110,119,20,37.3,97,-63.8,682,28.4,21.4,seal_leak
EVA-0234,115,122,21,37.1,97,-62.7,664,28.0,21.5,seal_leak
EVA-0234,120,133,22,37.2,96,-60.1,699,27.6,27.7,seal_leak
EVA-0234,125,127,23,37.2,95,-56.3,660,27.3,30.1,seal_leak
EVA-0234,130,133,23,37.0,94,-54.7,667,26.8,30.6,seal_leak
EVA-0234,135,131,24,37.0,94,-53.3,714,26.4,30.8,seal_leak
EVA-0234,140,133,24,36.9,93,-54.4,650,25.9,35.2,seal_leak
EVA-0234,145,139,23,36.8,92,-52.0,685,25.4,39.9,seal_leak
EVA-0234,150,140,26,36.7,91,-51.4,694,24.8,45.4,seal_leak
EVA-0234,155,144,26,36.8,90,-51.3,650,24.4,47.2,seal_leak
EVA-0234,160,146,26,36.7,89,-51.3,662,23.7,53.1,seal_leak
EVA-0234,165,151,25,36.7,88,-50.1,609,23.2,54.7,seal_leak
EVA-0234,170,154,28,36.6,87,-46.8,650,22.6,62.3,seal_leak
EVA-0234,175,162,29,36.5,87,-47.7,638,22.0,67.7,seal_leak
EVA-0234,180,162,29,36.5,85,-46.2,651,21.3,72.8,seal_leak
EVA-0234,185,165,29,36.4,84,-44.2,632,20.7,73.9,seal_leak
EVA-0234,190,171,30,36.2,83,-46.9,595,20.1,78.2,seal_leak
EVA-0234,195,169,30,36.2,83,-41.9,652,19.4,78.1,seal_leak
EVA-0234,200,172,29,36.2,82,-43.3,589,18.7,78.4,seal_leak
EVA-0234,205,176,30,36.1,83,-43.7,587,18.0,80.4,seal_leak
EVA-0234,210,170,30,36.2,82,-44.0,531,17.3,78.8,seal_leak
EVA-0235,0,76,17,37.1,98,-30.9,500,29.6,4.3,scrubber_exhaustion
EVA-0235,5,84,17,37.1,98,-34.1,452,29.6,6.5,scrubber_exhaustion
EVA-0235,10,82,19,37.2,98,-40.4,621,29.6,8.8,scrubber_exhaustion
EVA-0235,15,86,17,37.1,98,-42.2,647,29.6,6.6,scrubber_exhaustion
EVA-0235,20,93,19,37.2,98,-45.0,620,29.6,11.7,scrubber_exhaustion
EVA-0235,25,99,20,37.2,98,-51.7,656,29.6,12.9,scrubber_exhaustion
EVA-0235,30,95,20,37.2,98,-51.5,628,29.6,12.3,scrubber_exhaustion
EVA-0235,35,97,20,37.2,98,-56.3,732,29.6,13.0,scrubber_exhaustion
EVA-0235,40,97,21,37.2,98,-59.3,772,29.6,14.0,scrubber_exhaustion
EVA-0235,45,100,22,37.4,98,-59.2,959,29.6,17.4,scrubber_exhaustion
EVA-0235,50,101,22,37.2,98,-60.9,1343,29.6,16.1,scrubber_exhaustion
EVA-0235,55,104,22,37.2,98,-64.6,1672,29.6,16.5,scrubber_exhaustion
EVA-0235,60,100,22,37.3,98,-62.2,2232,29.6,17.1,scrubber_exhaustion
EVA-0235,65,105,24,37.4,98,-61.6,3067,29.6,20.8,scrubber_exhaustion
EVA-0235,70,110,26,37.5,97,-63.7,3907,29.6,25.6,scrubber_exhaustion
EVA-0235,75,117,27,37.6,97,-58.4,4877,29.6,30.5,scrubber_exhaustion
EVA-0235,80,125,29,37.7,97,-57.1,6094,29.7,34.5,scrubber_exhaustion
EVA-0235,85,126,33,37.8,97,-52.3,7408,29.6,40.1,scrubber_exhaustion
EVA-0235,90,134,34,37.9,97,-51.3,8885,29.6,45.9,scrubber_exhaustion
EVA-0235,95,145,39,38.1,96,-46.6,10399,29.6,52.7,scrubber_exhaustion
EVA-0236,0,90,15,37.1,98,-80.7,486,29.6,6.0,seal_leak
EVA-0236,5,91,17,37.2,98,-76.0,428,29.6,9.6,seal_leak
EVA-0236,10,96,16,37.1,98,-74.6,462,29.6,7.5,seal_leak
EVA-0236,15,100,17,37.3,98,-75.4,527,29.7,11.0,seal_leak
EVA-0236,20,97,16,37.2,98,-75.9,520,29.6,10.5,seal_leak
EVA-0236,25,97,17,37.2,98,-71.4,535,29.7,11.2,seal_leak
EVA-0236,30,100,18,37.3,97,-70.7,576,29.7,13.3,seal_leak
EVA-0236,35,102,17,37.2,98,-69.3,649,29.6,10.9,seal_leak
EVA-0236,40,102,19,37.2,98,-66.8,552,29.6,13.4,seal_leak
EVA-0236,45,100,16,37.3,98,-66.0,561,29.6,11.5,seal_leak
EVA-0236,50,105,19,37.3,98,-66.4,591,29.6,14.6,seal_leak
EVA-0236,55,106,19,37.3,97,-63.1,595,29.5,16.2,seal_leak
EVA-0236,60,108,19,37.3,98,-61.0,692,29.6,15.1,seal_leak
EVA-0236,65,111,19,37.3,98,-59.3,616,29.7,15.3,seal_leak
EVA-0236,70,113,21,37.3,98,-56.9,676,29.6,18.4,seal_leak
EVA-0236,75,114,20,37.3,98,-59.3,760,29.6,17.4,seal_leak
EVA-0236,80,125,21,37.4,97,-54.3,731,29.6,23.6,seal_leak
EVA-0236,85,126,21,37.4,98,-54.5,654,29.6,23.2,seal_leak
EVA-0236,90,124,22,37.5,97,-52.4,651,29.7,24.3,seal_leak
EVA-0236,95,128,22,37.5,98,-50.2,638,29.6,24.7,seal_leak
EVA-0236,100,123,21,37.5,97,-50.9,695,29.6,23.7,seal_leak
EVA-0236,105,123,21,37.3,98,-49.2,627,29.6,20.7,seal_leak
EVA-0236,110,123,21,37.4,98,-46.8,793,29.5,21.7,seal_leak
EVA-0236,115,129,21,37.3,97,-47.0,666,29.3,24.6,seal_leak
EVA-0236,120,128,22,37.4,97,-44.8,687,29.1,25.7,seal_leak
EVA-0236,125,129,22,37.4,96,-45.4,692,28.6,27.7,seal_leak
EVA-0236,130,134,22,37.3,95,-41.7,626,28.3,29.2,seal_leak
EVA-0236,135,131,23,37.2,95,-41.3,709,28.0,29.9,seal_leak
EVA-0236,140,131,24,37.2,94,-42.3,682,27.6,33.2,seal_leak
EVA-0236,145,138,23,37.2,94,-39.3,647,27.2,34.0,seal_leak
EVA-0236,150,140,25,37.1,93,-39.4,665,26.7,38.5,seal_leak
EVA-0236,155,141,26,37.1,92,-40.4,640,26.1,40.4,seal_leak
EVA-0236,160,145,25,37.0,91,-37.9,635,25.7,41.9,seal_leak
EVA-0236,165,147,26,36.9,90,-37.4,605,25.2,46.6,seal_leak
EVA-0236,170,148,26,36.8,89,-39.8,624,24.6,50.6,seal_leak
EVA-0236,175,150,27,36.8,88,-40.5,626,24.0,55.1,seal_leak
EVA-0236,180,153,28,36.7,88,-37.9,576,23.4,59.5,seal_leak
EVA-0236,185,156,27,36.7,87,-38.1,603,22.8,63.4,seal_leak
EVA-0236,190,159,28,36.6,85,-36.4,525,22.1,68.0,seal_leak
EVA-0236,195,159,28,36.4,85,-38.0,611,21.5,71.9,seal_leak
EVA-0236,200,165,30,36.5,83,-38.1,529,20.8,73.9,seal_leak
EVA-0236,205,173,30,36.3,83,-35.4,505,20.1,78.1,seal_leak
EVA-0236,210,168,30,36.2,81,-36.4,529,19.4,77.9,seal_leak
EVA-0236,215,169,29,36.2,81,-40.1,538,18.6,77.2,seal_leak
EVA-0236,220,168,30,36.3,81,-37.1,513,17.9,77.1,seal_leak
EVA-0236,225,167,28,36.2,81,-37.4,529,17.2,76.2,seal_leak
EVA-0237,0,89,17,37.0,99,-55.8,548,29.6,6.3,nominal
EVA-0237,5,87,17,36.9,99,-58.1,627,29.6,6.2,nominal
EVA-0237,10,88,19,36.9,99,-60.6,528,29.7,8.5,nominal
EVA-0237,15,90,18,37.0,99,-59.4,565,29.6,6.9,nominal
EVA-0237,20,92,19,36.9,99,-59.4,517,29.6,8.4,nominal
EVA-0237,25,87,17,37.0,99,-60.0,496,29.6,5.9,nominal
EVA-0237,30,90,18,36.9,98,-60.3,590,29.6,7.8,nominal
EVA-0237,35,90,18,36.9,99,-61.1,565,29.6,7.6,nominal
EVA-0237,40,90,18,37.0,98,-60.1,711,29.6,6.6,nominal
EVA-0237,45,87,19,37.0,98,-60.3,573,29.6,7.5,nominal
EVA-0237,50,87,18,37.0,99,-59.8,589,29.6,6.4,nominal
EVA-0237,55,89,18,37.0,99,-59.5,620,29.6,6.9,nominal
EVA-0237,60,92,18,37.0,99,-59.5,668,29.6,6.6,nominal
EVA-0237,65,91,19,37.0,98,-60.2,672,29.5,7.6,nominal
EVA-0237,70,89,18,36.9,99,-60.3,568,29.7,7.6,nominal
EVA-0237,75,95,20,37.0,99,-59.0,710,29.6,9.5,nominal
EVA-0237,80,95,19,37.0,99,-60.6,652,29.6,9.1,nominal
EVA-0237,85,98,21,37.0,99,-62.2,548,29.7,10.7,nominal
EVA-0237,90,102,20,37.0,99,-61.0,677,29.6,11.1,nominal
EVA-0237,95,100,20,37.0,99,-60.7,639,29.6,10.5,nominal
EVA-0237,100,103,20,37.0,99,-57.3,747,29.5,11.7,nominal
EVA-0237,105,99,21,37.0,99,-57.3,718,29.6,11.5,nominal
EVA-0237,110,104,21,37.2,99,-56.0,759,29.6,14.2,nominal
EVA-0237,115,102,21,37.0,99,-55.8,773,29.6,12.0,nominal
EVA-0237,120,107,22,37.1,98,-54.6,708,29.5,14.3,nominal
EVA-0237,125,104,21,37.0,99,-53.8,748,29.6,12.1,nominal
EVA-0237,130,106,19,37.1,99,-53.3,796,29.6,12.1,nominal
EVA-0237,135,100,20,37.0,99,-52.6,764,29.7,11.0,nominal
EVA-0237,140,104,21,37.1,99,-51.1,725,29.6,12.9,nominal
EVA-0237,145,102,21,37.0,99,-49.8,836,29.6,11.8,nominal
EVA-0237,150,102,19,37.1,99,-51.4,781,29.6,11.8,nominal
EVA-0237,155,100,20,37.0,99,-48.8,753,29.6,10.9,nominal
EVA-0237,160,100,21,37.0,99,-50.6,883,29.6,11.8,nominal
EVA-0237,165,101,19,37.0,98,-49.6,719,29.6,9.8,nominal
EVA-0237,170,99,18,37.0,99,-46.2,784,29.6,9.2,nominal
EVA-0237,175,102,19,37.0,99,-47.2,797,29.6,10.5,nominal
EVA-0237,180,95,20,37.0,99,-48.4,870,29.6,9.8,nominal
EVA-0237,185,97,18,37.0,99,-46.9,824,29.5,8.3,nominal
EVA-0237,190,94,18,36.8,99,-45.5,817,29.6,9.7,nominal
EVA-0237,195,87,18,36.9,99,-45.1,904,29.7,7.2,nominal
EVA-0237,200,92,18,36.9,99,-42.1,900,29.6,7.8,nominal
EVA-0237,205,94,17,36.9,99,-42.9,861,29.5,7.0,nominal
EVA-0237,210,84,18,36.9,99,-41.3,893,29.6,6.0,nominal
EVA-0237,215,92,17,36.9,99,-40.8,840,29.6,6.6,nominal
EVA-0237,220,85,17,36.9,99,-40.8,889,29.6,5.9,nominal
EVA-0237,225,78,16,37.0,99,-39.8,905,29.7,2.9,nominal
EVA-0237,230,76,16,36.9,99,-36.3,858,29.6,3.8,nominal
EVA-0237,235,78,16,36.8,99,-36.1,851,29.6,5.5,nominal
EVA-0237,240,78,15,36.9,99,-39.5,916,29.6,3.1,nominal
EVA-0237,245,77,16,36.8,99,-35.6,990,29.6,4.6,nominal
EVA-0238,0,102,14,36.7,97,-63.7,890,29.6,10.7,nominal
EVA-0238,5,102,14,36.7,98,-63.2,935,29.6,9.7,nominal
EVA-0238,10,107,14,36.6,98,-61.5,921,29.6,11.8,nominal
EVA-0238,15,102,14,36.8,97,-65.7,887,29.6,9.6,nominal
EVA-0238,20,101,13,36.6,97,-63.4,892,29.6,11.2,nominal
EVA-0238,25,108,13,36.8,97,-62.2,873,29.6,10.7,nominal
EVA-0238,30,107,15,36.9,98,-63.3,975,29.6,8.7,nominal
EVA-0238,35,111,16,36.9,97,-64.8,862,29.6,12.2,nominal
EVA-0238,40,110,16,36.8,98,-65.3,863,29.6,11.3,nominal
EVA-0238,45,115,14,36.8,97,-64.6,869,29.6,12.2,nominal
EVA-0238,50,110,15,36.8,98,-63.9,975,29.6,11.1,nominal
EVA-0238,55,117,16,36.9,98,-65.1,979,29.6,12.2,nominal
EVA-0238,60,117,16,36.8,97,-66.0,964,29.5,14.6,nominal
EVA-0238,65,117,16,36.9,98,-65.1,967,29.6,12.8,nominal
EVA-0238,70,122,16,36.8,97,-66.5,908,29.6,15.0,nominal
EVA-0238,75,119,16,36.9,98,-66.9,982,29.6,13.3,nominal
EVA-0238,80,122,17,36.9,98,-66.5,1034,29.6,14.0,nominal
EVA-0238,85,117,18,36.9,98,-68.2,938,29.6,13.3,nominal
EVA-0238,90,124,17,36.9,98,-64.1,941,29.6,13.8,nominal
EVA-0238,95,122,17,37.0,97,-67.7,1018,29.7,14.2,nominal
EVA-0238,100,128,18,36.9,97,-68.2,1047,29.6,16.9,nominal
EVA-0238,105,134,19,37.0,97,-67.2,1058,29.5,18.8,nominal
EVA-0238,110,130,19,37.0,97,-67.0,1084,29.7,18.1,nominal
EVA-0238,115,139,19,37.0,97,-69.3,1046,29.6,18.8,nominal
EVA-0238,120,130,18,37.0,97,-70.6,973,29.6,16.5,nominal
EVA-0238,125,128,20,37.0,97,-69.1,1079,29.6,17.4,nominal
EVA-0238,130,127,18,36.9,98,-68.4,1118,29.5,15.3,nominal
EVA-0238,135,130,18,37.0,98,-69.7,1045,29.6,15.8,nominal
EVA-0238,140,132,18,36.9,97,-68.9,1075,29.5,18.5,nominal
EVA-0238,145,131,18,36.9,97,-69.1,992,29.6,17.8,nominal
EVA-0238,150,128,18,37.1,97,-70.9,1086,29.6,16.5,nominal
EVA-0238,155,133,17,37.0,97,-68.2,1179,29.6,15.6,nominal
EVA-0238,160,126,19,36.9,97,-67.9,1096,29.6,17.3,nominal
EVA-0238,165,134,17,36.8,97,-68.7,1077,29.6,18.2,nominal
EVA-0238,170,131,17,37.0,98,-68.4,1221,29.6,15.5,nominal
EVA-0238,175,122,17,37.0,98,-69.6,1169,29.6,13.6,nominal
EVA-0238,180,122,18,36.9,97,-68.9,1171,29.6,17.1,nominal
EVA-0238,185,122,17,37.0,98,-67.8,1166,29.6,14.0,nominal
EVA-0238,190,129,17,36.9,98,-70.2,1137,29.5,16.5,nominal
EVA-0238,195,120,18,36.8,98,-69.6,1164,29.6,15.6,nominal
EVA-0238,200,115,17,36.9,97,-70.0,1259,29.6,14.6,nominal
EVA-0238,205,123,17,36.8,98,-66.1,1162,29.7,14.2,nominal
EVA-0238,210,111,16,36.9,97,-68.3,1263,29.6,12.5,nominal
EVA-0238,215,118,17,36.8,97,-66.0,1226,29.6,15.4,nominal
EVA-0238,220,120,15,36.8,98,-67.6,1234,29.6,13.6,nominal
EVA-0238,225,117,15,36.9,98,-65.2,1152,29.6,11.7,nominal
EVA-0238,230,123,17,36.9,97,-65.6,1255,29.4,14.5,nominal
EVA-0238,235,117,16,36.9,98,-67.7,1241,29.7,11.8,nominal
EVA-0238,240,114,16,36.8,97,-66.5,1180,29.6,12.4,nominal
EVA-0238,245,117,18,36.8,97,-67.6,1263,29.5,16.4,nominal
EVA-0239,0,89,12,36.9,98,-54.7,571,29.6,4.3,seal_leak
EVA-0239,5,90,13,36.9,99,-55.5,426,29.6,4.2,seal_leak
EVA-0239,10,92,15,36.9,98,-55.2,464,29.6,5.6,seal_leak
EVA-0239,15,97,15,36.9,98,-55.7,647,29.6,5.8,seal_leak
EVA-0239,20,100,16,36.9,98,-58.2,600,29.6,7.5,seal_leak
EVA-0239,25,102,15,37.0,98,-56.2,489,29.6,7.1,seal_leak
EVA-0239,30,109,16,37.0,98,-58.1,707,29.5,8.9,seal_leak
EVA-0239,35,107,17,36.9,98,-57.7,603,29.6,9.8,seal_leak
EVA-0239,40,108,17,36.9,99,-58.1,582,29.6,10.0,seal_leak
EVA-0239,45,108,17,37.0,98,-60.3,644,29.5,9.0,seal_leak
EVA-0239,50,114,17,37.0,98,-60.9,543,29.4,10.8,seal_leak
EVA-0239,55,118,18,37.0,98,-60.8,562,29.2,12.6,seal_leak
EVA-0239,60,117,17,37.0,98,-62.3,587,29.1,12.7,seal_leak
EVA-0239,65,123,18,37.0,98,-60.5,606,29.0,14.3,seal_leak
EVA-0239,70,125,18,37.0,97,-63.4,600,28.8,16.3,seal_leak
EVA-0239,75,127,19,37.0,97,-65.7,596,28.6,17.3,seal_leak
EVA-0239,80,127,20,36.9,97,-62.7,572,28.4,20.6,seal_leak
EVA-0239,85,128,20,37.0,96,-65.7,602,28.3,20.4,seal_leak
EVA-0239,90,127,21,36.9,96,-67.1,599,28.0,24.5,seal_leak
EVA-0239,95,126,20,36.9,95,-66.2,588,27.8,22.8,seal_leak
EVA-0239,100,130,20,36.9,95,-68.6,578,27.7,24.9,seal_leak
EVA-0239,105,134,21,36.8,95,-69.9,568,27.5,27.6,seal_leak
EVA-0239,110,135,21,36.9,94,-72.6,533,27.1,29.9,seal_leak
EVA-0239,115,135,23,36.8,94,-74.3,637,26.9,32.7,seal_leak
EVA-0239,120,139,21,36.7,93,-70.9,611,26.7,34.8,seal_leak
EVA-0239,125,133,21,36.7,93,-72.8,618,26.4,34.1,seal_leak
EVA-0239,130,138,22,36.7,93,-74.1,541,26.2,37.0,seal_leak
EVA-0239,135,139,22,36.7,92,-74.8,562,26.0,39.2,seal_leak
EVA-0239,140,139,22,36.6,92,-74.8,575,25.7,41.4,seal_leak
EVA-0239,145,136,22,36.5,91,-75.0,586,25.4,42.8,seal_leak
EVA-0239,150,134,23,36.5,91,-77.2,547,25.1,45.9,seal_leak
EVA-0239,155,139,22,36.4,90,-76.5,624,24.8,47.2,seal_leak
EVA-0239,160,142,21,36.4,90,-76.5,593,24.5,48.6,seal_leak
EVA-0239,165,143,22,36.4,89,-78.1,568,24.1,51.9,seal_leak
EVA-0239,170,140,22,36.4,89,-80.4,568,23.8,53.0,seal_leak
EVA-0239,175,146,21,36.3,88,-78.8,549,23.5,55.2,seal_leak
EVA-0239,180,147,23,36.3,88,-79.5,531,23.2,57.1,seal_leak
EVA-0239,185,152,24,36.2,87,-76.6,478,22.9,62.8,seal_leak
EVA-0239,190,150,22,36.1,87,-79.1,567,22.6,62.5,seal_leak
EVA-0239,195,147,22,36.1,86,-79.0,539,22.2,64.2,seal_leak
EVA-0239,200,157,24,36.1,86,-78.4,565,21.8,69.1,seal_leak
EVA-0239,205,153,23,36.0,85,-76.3,543,21.5,70.1,seal_leak
EVA-0239,210,157,23,36.0,85,-75.9,521,21.1,71.3,seal_leak
EVA-0239,215,160,25,36.0,84,-77.5,519,20.8,74.5,seal_leak
EVA-0239,220,162,24,35.9,83,-76.6,492,20.4,74.5,seal_leak
EVA-0240,0,65,17,36.8,98,-79.2,588,29.6,4.8,heater_failure
EVA-0240,5,73,16,36.7,98,-79.6,517,29.6,5.9,heater_failure
EVA-0240,10,83,18,36.8,98,-80.1,549,29.6,8.6,heater_failure
EVA-0240,15,82,18,36.7,98,-79.0,602,29.6,9.8,heater_failure
EVA-0240,20,80,20,36.7,98,-80.8,540,29.6,10.6,heater_failure
EVA-0240,25,84,18,36.5,98,-79.7,628,29.6,11.4,heater_failure
EVA-0240,30,86,21,36.5,98,-80.5,663,29.6,14.5,heater_failure
EVA-0240,35,90,19,36.4,98,-79.6,554,29.7,15.1,heater_failure
EVA-0240,40,86,20,36.4,98,-79.5,560,29.6,14.6,heater_failure
EVA-0240,45,96,21,36.4,98,-80.1,560,29.6,18.3,heater_failure
EVA-0240,50,92,20,36.4,98,-78.9,621,29.6,16.9,heater_failure
EVA-0240,55,94,19,36.2,98,-79.2,599,29.6,19.3,heater_failure
EVA-0240,60,97,21,36.1,98,-80.3,716,29.7,22.3,heater_failure
EVA-0240,65,102,21,36.1,98,-79.6,636,29.6,22.7,heater_failure
EVA-0240,70,102,22,36.2,98,-79.4,672,29.6,22.9,heater_failure
EVA-0240,75,98,21,36.2,98,-78.4,719,29.6,21.1,heater_failure
EVA-0240,80,112,23,35.9,98,-81.0,677,29.5,30.3,heater_failure
EVA-0240,85,109,21,36.0,98,-77.8,726,29.6,26.2,heater_failure
EVA-0240,90,109,20,35.8,99,-80.7,766,29.6,27.3,heater_failure
EVA-0240,95,108,21,35.9,98,-78.1,888,29.6,28.4,heater_failure
EVA-0240,100,109,21,35.8,98,-77.8,778,29.6,27.7,heater_failure
EVA-0240,105,116,20,35.7,98,-78.3,701,29.6,29.7,heater_failure
EVA-0240,110,109,22,35.7,99,-77.1,815,29.6,30.1,heater_failure
EVA-0240,115,105,20,35.5,98,-78.9,810,29.6,30.0,heater_failure
EVA-0240,120,106,21,35.5,98,-78.1,830,29.6,31.2,heater_failure
EVA-0240,125,102,21,35.4,98,-78.2,815,29.6,31.5,heater_failure
EVA-0240,130,98,19,35.3,98,-77.4,870,29.5,30.3,heater_failure
EVA-0240,135,103,19,35.5,98,-75.1,831,29.6,29.1,heater_failure
EVA-0240,140,97,18,35.5,98,-74.6,868,29.7,26.7,heater_failure
EVA-0240,145,98,20,35.3,99,-75.9,875,29.7,30.7,heater_failure
EVA-0240,150,102,18,35.4,98,-75.3,882,29.6,29.1,heater_failure
EVA-0240,155,101,19,35.5,98,-73.0,874,29.6,28.6,heater_failure
EVA-0240,160,100,18,35.3,98,-75.5,951,29.6,30.0,heater_failure
EVA-0240,165,85,17,35.1,98,-75.6,974,29.7,27.9,heater_failure
EVA-0240,170,95,17,35.3,98,-73.6,1011,29.6,28.2,heater_failure
EVA-0240,175,81,17,35.0,98,-75.1,942,29.6,28.5,heater_failure
EVA-0240,180,82,15,35.0,98,-75.5,958,29.6,27.7,heater_failure
EVA-0241,0,79,16,37.1,98,-48.3,529,29.6,4.2,nominal
EVA-0241,5,78,17,37.1,98,-49.0,574,29.6,4.9,nominal
EVA-0241,10,80,19,37.2,98,-53.1,575,29.6,7.5,nominal
EVA-0241,15,82,19,37.1,98,-53.2,634,29.6,7.5,nominal
EVA-0241,20,88,20,37.2,98,-55.6,615,29.6,11.3,nominal
EVA-0241,25,90,19,37.2,98,-59.0,604,29.6,11.0,nominal
EVA-0241,30,94,20,37.2,98,-63.6,606,29.6,11.8,nominal
EVA-0241,35,97,20,37.3,98,-62.9,724,29.6,14.6,nominal
EVA-0241,40,99,22,37.3,98,-67.4,709,29.6,15.6,nominal
EVA-0241,45,96,22,37.4,98,-69.4,640,29.7,17.3,nominal
EVA-0241,50,101,21,37.4,98,-70.3,742,29.6,16.8,nominal
EVA-0241,55,106,22,37.4,98,-73.7,712,29.6,18.7,nominal
EVA-0241,60,106,23,37.4,97,-72.6,670,29.5,21.2,nominal
EVA-0241,65,102,22,37.4,97,-74.4,699,29.6,18.9,nominal
EVA-0241,70,104,22,37.3,98,-72.8,815,29.6,18.1,nominal
EVA-0241,75,105,23,37.4,98,-76.6,844,29.6,19.6,nominal
EVA-0241,80,107,22,37.3,98,-77.5,828,29.5,18.6,nominal
EVA-0241,85,104,22,37.4,98,-75.1,778,29.6,18.8,nominal
EVA-0241,90,108,22,37.4,98,-79.5,848,29.6,19.1,nominal
EVA-0241,95,105,22,37.3,98,-76.4,861,29.6,18.0,nominal
EVA-0241,100,106,21,37.4,98,-76.1,740,29.5,17.6,nominal
EVA-0241,105,102,22,37.3,98,-73.3,893,29.6,16.6,nominal
EVA-0241,110,99,22,37.4,98,-69.7,889,29.6,17.9,nominal
EVA-0241,115,104,21,37.4,98,-72.7,1000,29.6,16.7,nominal
EVA-0241,120,103,22,37.2,97,-68.6,998,29.6,17.8,nominal
EVA-0241,125,97,21,37.3,98,-66.4,919,29.6,14.4,nominal
EVA-0241,130,97,20,37.3,98,-64.3,957,29.6,13.9,nominal
EVA-0241,135,93,20,37.3,98,-63.2,956,29.6,13.2,nominal
EVA-0241,140,92,20,37.3,98,-60.3,944,29.6,12.3,nominal
EVA-0241,145,93,20,37.3,98,-59.8,917,29.6,12.8,nominal
EVA-0241,150,95,21,37.2,98,-54.0,963,29.6,12.5,nominal
EVA-0242,0,76,17,37.0,98,-50.2,542,29.6,4.1,scrubber_exhaustion
EVA-0242,5,81,19,37.0,98,-48.1,632,29.6,6.4,scrubber_exhaustion
EVA-0242,10,77,19,37.0,98,-48.7,691,29.6,5.2,scrubber_exhaustion
EVA-0242,15,78,18,37.0,98,-46.2,524,29.6,4.7,scrubber_exhaustion
EVA-0242,20,85,17,37.0,98,-43.8,592,29.7,5.0,scrubber_exhaustion
EVA-0242,25,86,19,37.0,98,-42.5,641,29.5,7.7,scrubber_exhaustion
EVA-0242,30,91,19,37.1,98,-46.4,629,29.6,8.9,scrubber_exhaustion
EVA-0242,35,88,18,37.0,98,-42.0,652,29.6,7.1,scrubber_exhaustion
EVA-0242,40,91,19,37.1,98,-42.8,765,29.6,9.0,scrubber_exhaustion
EVA-0242,45,95,21,37.0,98,-40.4,644,29.5,10.5,scrubber_exhaustion
EVA-0242,50,97,20,37.1,98,-39.6,672,29.6,10.7,scrubber_exhaustion
EVA-0242,55,97,21,37.3,98,-37.2,645,29.6,14.1,scrubber_exhaustion
EVA-0242,60,95,20,37.1,98,-37.0,638,29.6,10.6,scrubber_exhaustion
EVA-0242,65,88,20,37.2,98,-36.8,741,29.6,10.3,scrubber_exhaustion
EVA-0242,70,94,20,37.0,98,-34.4,678,29.6,10.5,scrubber_exhaustion
EVA-0242,75,102,20,37.1,98,-35.4,732,29.6,11.8,scrubber_exhaustion
EVA-0242,80,97,20,37.1,98,-34.2,841,29.6,11.4,scrubber_exhaustion
EVA-0242,85,103,22,37.2,98,-33.0,925,29.6,15.2,scrubber_exhaustion
EVA-0242,90,106,21,37.2,98,-32.0,928,29.6,14.2,scrubber_exhaustion
EVA-0242,95,105,22,37.2,98,-30.9,1014,29.6,16.8,scrubber_exhaustion
EVA-0242,100,108,23,37.2,98,-30.2,1064,29.6,17.5,scrubber_exhaustion
EVA-0242,105,105,22,37.3,98,-30.6,1261,29.6,17.1,scrubber_exhaustion
EVA-0242,110,107,23,37.3,98,-29.0,1351,29.7,18.8,scrubber_exhaustion
EVA-0242,115,108,23,37.3,98,-28.8,1473,29.6,18.7,scrubber_exhaustion
EVA-0242,120,110,24,37.2,98,-28.4,1546,29.6,18.9,scrubber_exhaustion
EVA-0242,125,109,24,37.3,98,-29.9,1786,29.6,20.4,scrubber_exhaustion
EVA-0242,130,110,23,37.3,98,-27.3,1883,29.7,18.1,scrubber_exhaustion
EVA-0242,135,115,25,37.3,98,-26.9,2112,29.6,22.7,scrubber_exhaustion
EVA-0242,140,117,25,37.4,98,-26.5,2221,29.6,23.6,scrubber_exhaustion
EVA-0242,145,119,25,37.4,98,-27.1,2454,29.6,25.2,scrubber_exhaustion
EVA-0242,150,130,26,37.4,98,-26.0,2606,29.6,27.2,scrubber_exhaustion
EVA-0242,155,128,27,37.5,98,-26.7,2896,29.5,28.7,scrubber_exhaustion
EVA-0242,160,125,27,37.5,98,-27.8,3022,29.6,28.6,scrubber_exhaustion
EVA-0242,165,132,29,37.5,97,-27.5,3325,29.6,33.0,scrubber_exhaustion
EVA-0242,170,133,29,37.6,97,-28.3,3504,29.6,33.9,scrubber_exhaustion
EVA-0242,175,143,30,37.6,98,-29.1,3798,29.6,35.6,scrubber_exhaustion
EVA-0242,180,138,31,37.7,98,-27.4,4117,29.6,37.0,scrubber_exhaustion
EVA-0242,185,144,32,37.7,97,-28.9,4319,29.6,40.7,scrubber_exhaustion
EVA-0242,190,140,32,37.7,98,-28.2,4685,29.7,39.5,scrubber_exhaustion
EVA-0242,195,143,33,37.7,97,-27.3,5004,29.6,42.5,scrubber_exhaustion
EVA-0242,200,139,32,37.8,98,-28.8,5198,29.7,38.8,scrubber_exhaustion
EVA-0242,205,145,32,37.7,97,-31.8,5639,29.5,41.9,scrubber_exhaustion
EVA-0242,210,143,33,37.8,97,-32.0,6010,29.6,43.5,scrubber_exhaustion
EVA-0242,215,142,33,37.8,97,-31.4,6279,29.6,42.9,scrubber_exhaustion
EVA-0242,220,144,33,37.8,97,-32.3,6640,29.6,43.4,scrubber_exhaustion
EVA-0242,225,145,34,37.8,97,-32.0,6984,29.6,45.5,scrubber_exhaustion
EVA-0242,230,150,36,37.8,97,-34.9,7404,29.6,48.4,scrubber_exhaustion
EVA-0242,235,154,38,38.0,97,-36.9,7895,29.7,50.7,scrubber_exhaustion
EVA-0242,240,152,38,37.9,97,-37.4,8245,29.6,48.7,scrubber_exhaustion
EVA-0242,245,170,40,38.1,97,-35.8,8714,29.7,55.9,scrubber_exhaustion
EVA-0242,250,170,40,38.1,97,-38.1,9102,29.6,55.2,scrubber_exhaustion
EVA-0242,255,172,39,38.1,96,-38.3,9577,29.6,56.5,scrubber_exhaustion
EVA-0242,260,178,41,38.2,97,-40.8,10102,29.7,58.2,scrubber_exhaustion
EVA-0242,265,178,43,38.2,97,-42.3,10582,29.6,57.2,scrubber_exhaustion
EVA-0243,0,69,16,37.0,98,-81.4,567,29.6,1.8,heater_failure
EVA-0243,5,72,17,36.9,99,-83.4,752,29.6,4.6,heater_failure
EVA-0243,10,72,18,36.9,99,-81.8,586,29.5,4.1,heater_failure
EVA-0243,15,71,18,36.8,99,-82.3,693,29.6,6.2,heater_failure
EVA-0243,20,75,19,36.7,99,-82.5,728,29.6,8.1,heater_failure
EVA-0243,25,79,19,36.7,99,-84.3,694,29.6,9.9,heater_failure
EVA-0243,30,74,18,36.5,99,-84.6,652,29.6,9.8,heater_failure
EVA-0243,35,74,19,36.5,99,-85.3,677,29.6,11.1,heater_failure
EVA-0243,40,79,19,36.5,98,-82.0,679,29.6,12.4,heater_failure
EVA-0243,45,81,19,36.5,98,-82.0,738,29.6,12.6,heater_failure
EVA-0243,50,90,20,36.1,99,-85.3,787,29.6,19.6,heater_failure
EVA-0243,55,91,20,36.2,99,-84.3,786,29.6,19.0,heater_failure
EVA-0243,60,101,19,36.1,99,-84.1,780,29.6,20.8,heater_failure
EVA-0243,65,93,19,36.1,98,-81.9,728,29.6,19.7,heater_failure
EVA-0243,70,98,19,35.9,99,-82.6,880,29.6,22.2,heater_failure
EVA-0243,75,104,20,36.0,99,-80.6,809,29.6,24.0,heater_failure
EVA-0243,80,102,20,35.8,98,-82.5,813,29.6,25.7,heater_failure
EVA-0243,85,104,20,35.7,99,-83.4,853,29.6,27.2,heater_failure
EVA-0243,90,102,19,35.6,99,-82.3,781,29.7,27.2,heater_failure
EVA-0243,95,103,19,35.6,98,-82.0,867,29.7,27.9,heater_failure
EVA-0243,100,97,18,35.7,99,-79.2,873,29.6,25.1,heater_failure
EVA-0243,105,95,19,35.7,99,-77.7,888,29.6,24.5,heater_failure
EVA-0243,110,95,19,35.5,99,-79.0,963,29.7,27.4,heater_failure
EVA-0243,115,89,18,35.3,98,-79.9,865,29.6,27.7,heater_failure
EVA-0243,120,88,18,35.3,98,-78.3,933,29.6,28.1,heater_failure
EVA-0243,125,74,16,35.0,99,-80.1,920,29.7,26.5,heater_failure
EVA-0243,130,83,16,35.2,98,-77.9,951,29.6,25.5,heater_failure
EVA-0243,135,73,16,34.9,99,-79.2,1012,29.5,27.1,heater_failure
EVA-0243,140,81,15,35.2,99,-76.2,982,29.6,24.1,heater_failure
EVA-0243,145,79,16,35.2,98,-76.5,988,29.6,25.1,heater_failure
EVA-0243,150,76,17,35.3,98,-75.0,908,29.6,24.8,heater_failure
EVA-0243,155,71,16,35.1,98,-74.7,1062,29.6,26.1,heater_failure
EVA-0243,160,67,15,35.0,98,-75.9,967,29.5,25.6,heater_failure
EVA-0244,0,74,17,37.2,98,-65.5,632,29.6,4.7,scrubber_exhaustion
EVA-0244,5,82,17,37.1,98,-60.0,613,29.6,5.2,scrubber_exhaustion
EVA-0244,10,81,17,37.1,98,-62.2,738,29.6,4.9,scrubber_exhaustion
EVA-0244,15,81,18,37.1,98,-64.4,716,29.6,6.4,scrubber_exhaustion
EVA-0244,20,75,19,37.0,98,-61.1,663,29.7,5.3,scrubber_exhaustion
EVA-0244,25,82,18,37.1,98,-61.1,678,29.7,6.0,scrubber_exhaustion
EVA-0244,30,87,19,37.1,98,-61.6,725,29.7,9.2,scrubber_exhaustion
EVA-0244,35,88,19,37.2,98,-62.1,772,29.6,10.0,scrubber_exhaustion
EVA-0244,40,93,20,37.2,98,-59.4,727,29.6,12.1,scrubber_exhaustion
EVA-0244,45,95,21,37.1,98,-63.4,683,29.6,12.1,scrubber_exhaustion
EVA-0244,50,97,19,37.2,98,-60.3,673,29.6,12.0,scrubber_exhaustion
EVA-0244,55,100,21,37.2,97,-60.0,731,29.6,15.7,scrubber_exhaustion
EVA-0244,60,102,20,37.3,98,-60.1,739,29.6,15.7,scrubber_exhaustion
EVA-0244,65,103,20,37.3,98,-59.1,735,29.5,15.8,scrubber_exhaustion
EVA-0244,70,101,21,37.3,98,-60.3,858,29.6,15.7,scrubber_exhaustion
EVA-0244,75,100,22,37.3,98,-57.9,732,29.6,15.7,scrubber_exhaustion
EVA-0244,80,101,22,37.2,98,-54.9,778,29.6,16.4,scrubber_exhaustion
EVA-0244,85,106,23,37.2,98,-59.3,917,29.7,16.9,scrubber_exhaustion
EVA-0244,90,104,22,37.3,99,-57.5,793,29.6,17.2,scrubber_exhaustion
EVA-0244,95,107,22,37.2,98,-57.7,840,29.6,16.7,scrubber_exhaustion
EVA-0244,100,107,23,37.3,98,-57.5,930,29.6,18.8,scrubber_exhaustion
EVA-0244,105,109,23,37.3,98,-58.1,907,29.7,18.5,scrubber_exhaustion
EVA-0244,110,113,23,37.3,98,-57.5,994,29.6,19.7,scrubber_exhaustion
EVA-0244,115,113,23,37.3,98,-57.1,1032,29.6,20.2,scrubber_exhaustion
EVA-0244,120,105,23,37.3,98,-56.4,1129,29.6,17.3,scrubber_exhaustion
EVA-0244,125,109,24,37.2,98,-56.4,1222,29.6,18.8,scrubber_exhaustion
EVA-0244,130,109,24,37.4,98,-55.7,1434,29.6,20.2,scrubber_exhaustion
EVA-0244,135,110,24,37.3,99,-58.1,1631,29.6,19.7,scrubber_exhaustion
EVA-0244,140,109,23,37.4,98,-57.0,1894,29.6,20.7,scrubber_exhaustion
EVA-0244,145,107,24,37.4,98,-57.4,1997,29.6,20.3,scrubber_exhaustion
EVA-0244,150,114,25,37.4,98,-56.3,2313,29.5,23.9,scrubber_exhaustion
EVA-0244,155,115,26,37.5,98,-59.2,2562,29.5,24.3,scrubber_exhaustion
EVA-0244,160,117,25,37.5,98,-56.1,2770,29.5,24.8,scrubber_exhaustion
EVA-0244,165,117,25,37.6,98,-57.1,3112,29.5,26.9,scrubber_exhaustion
EVA-0244,170,120,27,37.6,97,-56.2,3443,29.6,29.1,scrubber_exhaustion
EVA-0244,175,120,28,37.6,98,-57.7,3732,29.6,29.9,scrubber_exhaustion
EVA-0244,180,124,28,37.6,97,-58.1,4161,29.6,31.6,scrubber_exhaustion
EVA-0244,185,128,31,37.6,98,-58.9,4535,29.6,33.4,scrubber_exhaustion
EVA-0244,190,130,31,37.7,97,-58.7,4988,29.6,37.0,scrubber_exhaustion
EVA-0244,195,135,32,37.8,97,-60.9,5440,29.6,41.4,scrubber_exhaustion
EVA-0244,200,138,32,37.8,97,-58.9,5918,29.5,42.2,scrubber_exhaustion
EVA-0244,205,134,31,37.8,97,-59.5,6391,29.6,39.6,scrubber_exhaustion
EVA-0244,210,141,34,37.9,96,-59.0,6893,29.6,46.8,scrubber_exhaustion
EVA-0244,215,144,34,37.9,97,-60.2,7408,29.6,45.3,scrubber_exhaustion
EVA-0244,220,144,35,38.0,96,-59.2,8100,29.6,50.3,scrubber_exhaustion
EVA-0244,225,152,37,38.0,96,-60.1,8655,29.6,52.1,scrubber_exhaustion
EVA-0244,230,154,38,38.1,96,-62.4,9321,29.6,52.9,scrubber_exhaustion
EVA-0244,235,158,38,38.1,97,-60.5,9914,29.6,53.4,scrubber_exhaustion
EVA-0244,240,169,40,38.2,96,-59.9,10591,29.6,58.0,scrubber_exhaustion
EVA-0245,0,84,18,36.9,97,-50.6,686,29.5,8.8,seal_leak
EVA-0245,5,88,19,37.0,98,-53.1,872,29.5,8.5,seal_leak
EVA-0245,10,90,20,37.1,97,-49.3,881,29.6,10.9,seal_leak
EVA-0245,15,94,20,37.0,98,-51.6,798,29.6,10.4,seal_leak
EVA-0245,20,94,20,37.0,97,-51.7,760,29.6,11.5,seal_leak
EVA-0245,25,94,21,37.1,98,-52.8,802,29.6,12.6,seal_leak
EVA-0245,30,103,21,37.1,98,-54.0,820,29.6,13.2,seal_leak
EVA-0245,35,98,23,37.2,97,-53.2,897,29.5,17.1,seal_leak
EVA-0245,40,97,22,37.1,97,-54.6,881,29.6,15.4,seal_leak
EVA-0245,45,113,23,37.1,98,-57.1,889,29.6,16.8,seal_leak
EVA-0245,50,105,23,37.1,98,-55.7,960,29.6,16.6,seal_leak
EVA-0245,55,111,22,37.2,98,-58.2,920,29.5,18.0,seal_leak
EVA-0245,60,111,23,37.2,97,-58.8,954,29.2,21.2,seal_leak
EVA-0245,65,111,23,37.1,96,-64.6,899,28.9,22.4,seal_leak
EVA-0245,70,113,24,37.0,96,-64.8,956,28.6,22.7,seal_leak
EVA-0245,75,115,25,37.1,95,-64.6,961,28.1,27.0,seal_leak
EVA-0245,80,120,25,36.8,94,-69.0,867,27.7,31.4,seal_leak
EVA-0245,85,126,25,36.9,93,-69.8,831,27.1,33.5,seal_leak
EVA-0245,90,121,27,36.8,92,-72.3,823,26.6,39.7,seal_leak
EVA-0245,95,115,25,36.7,92,-72.4,843,26.0,39.1,seal_leak
EVA-0245,100,120,25,36.7,90,-75.0,816,25.4,44.0,seal_leak
EVA-0245,105,125,26,36.6,90,-77.5,709,24.8,48.1,seal_leak
EVA-0245,110,127,27,36.5,88,-75.9,764,24.1,54.5,seal_leak
EVA-0245,115,129,27,36.4,87,-78.7,715,23.3,58.4,seal_leak
EVA-0245,120,138,28,36.3,86,-80.2,711,22.6,65.0,seal_leak
EVA-0245,125,137,28,36.2,85,-82.1,680,21.8,69.4,seal_leak
EVA-0245,130,148,28,36.0,83,-82.6,645,21.0,74.4,seal_leak
EVA-0246,0,93,16,36.8,99,-40.2,767,29.6,7.3,scrubber_exhaustion
EVA-0246,5,100,15,36.8,99,-42.1,832,29.6,9.1,scrubber_exhaustion
EVA-0246,10,100,16,36.9,99,-42.8,829,29.6,8.5,scrubber_exhaustion
EVA-0246,15,104,17,36.9,99,-43.5,809,29.6,9.8,scrubber_exhaustion
EVA-0246,20,101,17,36.9,99,-44.5,956,29.6,8.7,scrubber_exhaustion
EVA-0246,25,101,18,36.8,99,-46.1,797,29.6,11.4,scrubber_exhaustion
EVA-0246,30,100,17,36.8,99,-46.0,881,29.6,10.0,scrubber_exhaustion
EVA-0246,35,103,17,36.9,99,-46.3,894,29.6,9.1,scrubber_exhaustion
EVA-0246,40,102,17,36.8,98,-45.8,863,29.6,10.0,scrubber_exhaustion
EVA-0246,45,103,17,36.9,99,-48.0,896,29.7,9.8,scrubber_exhaustion
EVA-0246,50,105,17,36.9,98,-50.2,914,29.6,9.4,scrubber_exhaustion
EVA-0246,55,105,18,36.9,99,-51.5,899,29.6,10.9,scrubber_exhaustion
EVA-0246,60,108,19,36.9,99,-55.9,886,29.6,12.0,scrubber_exhaustion
EVA-0246,65,111,18,36.9,99,-54.1,916,29.6,11.6,scrubber_exhaustion
EVA-0246,70,114,18,36.9,99,-54.8,901,29.5,12.7,scrubber_exhaustion
EVA-0246,75,110,18,36.9,99,-57.1,999,29.6,11.8,scrubber_exhaustion
EVA-0246,80,114,19,36.9,98,-58.4,987,29.6,13.0,scrubber_exhaustion
EVA-0246,85,112,18,37.0,99,-62.1,972,29.5,11.0,scrubber_exhaustion
EVA-0246,90,109,19,36.9,99,-62.2,972,29.6,11.7,scrubber_exhaustion
EVA-0246,95,117,18,37.0,99,-63.3,1043,29.6,12.8,scrubber_exhaustion
EVA-0246,100,111,19,36.9,99,-64.2,1100,29.5,12.7,scrubber_exhaustion
EVA-0246,105,110,17,37.0,98,-68.4,1209,29.6,9.9,scrubber_exhaustion
EVA-0246,110,113,19,36.9,99,-66.4,1245,29.6,13.5,scrubber_exhaustion
EVA-0246,115,120,20,36.9,99,-67.6,1413,29.6,15.0,scrubber_exhaustion
EVA-0246,120,114,19,37.0,98,-68.3,1529,29.6,12.7,scrubber_exhaustion
EVA-0246,125,121,19,36.9,99,-70.6,1704,29.6,14.3,scrubber_exhaustion
EVA-0246,130,116,21,37.0,98,-70.3,1994,29.5,14.3,scrubber_exhaustion
EVA-0246,135,120,22,37.0,98,-70.3,2092,29.6,16.4,scrubber_exhaustion
EVA-0246,140,119,21,37.0,99,-75.2,2329,29.6,15.1,scrubber_exhaustion
EVA-0246,145,122,23,37.1,99,-76.1,2543,29.6,18.8,scrubber_exhaustion
EVA-0246,150,127,23,37.1,99,-75.1,2833,29.6,20.2,scrubber_exhaustion
EVA-0246,155,130,24,37.2,98,-75.7,3058,29.5,22.1,scrubber_exhaustion
EVA-0246,160,127,24,37.2,99,-78.7,3341,29.6,21.9,scrubber_exhaustion
EVA-0246,165,130,24,37.2,98,-75.9,3644,29.6,22.2,scrubber_exhaustion
EVA-0246,170,131,24,37.3,98,-79.7,3971,29.6,23.3,scrubber_exhaustion
EVA-0246,175,129,25,37.4,98,-79.5,4421,29.7,24.7,scrubber_exhaustion
EVA-0246,180,132,26,37.4,98,-78.8,4740,29.6,27.7,scrubber_exhaustion
EVA-0246,185,132,26,37.4,98,-78.3,5083,29.6,27.4,scrubber_exhaustion
EVA-0246,190,136,26,37.4,98,-81.5,5558,29.6,27.7,scrubber_exhaustion
EVA-0246,195,136,28,37.4,98,-79.6,6000,29.6,29.9,scrubber_exhaustion
EVA-0246,200,141,28,37.4,98,-80.6,6366,29.5,31.7,scrubber_exhaustion
EVA-0246,205,141,30,37.5,98,-82.3,6854,29.6,33.9,scrubber_exhaustion
EVA-0246,210,141,31,37.6,97,-81.1,7357,29.6,37.9,scrubber_exhaustion
EVA-0246,215,132,31,37.5,98,-81.6,7832,29.6,33.7,scrubber_exhaustion
EVA-0246,220,142,31,37.6,97,-79.0,8375,29.5,39.3,scrubber_exhaustion
EVA-0246,225,142,32,37.6,97,-81.1,8926,29.5,40.6,scrubber_exhaustion
EVA-0246,230,150,33,37.8,97,-78.4,9514,29.7,43.4,scrubber_exhaustion
EVA-0246,235,155,35,37.8,96,-78.3,10251,29.7,50.0,scrubber_exhaustion
EVA-0246,240,151,36,37.8,97,-77.2,10686,29.6,47.3,scrubber_exhaustion
EVA-0247,0,83,14,37.0,99,-70.2,553,29.5,2.4,seal_leak
EVA-0247,5,79,16,37.1,98,-70.0,581,29.6,3.1,seal_leak
EVA-0247,10,76,15,37.2,99,-70.6,676,29.6,4.0,seal_leak
EVA-0247,15,84,16,37.1,98,-70.8,657,29.6,4.9,seal_leak
EVA-0247,20,86,17,37.1,98,-72.5,679,29.6,5.8,seal_leak
EVA-0247,25,86,17,37.2,99,-72.8,739,29.6,8.2,seal_leak
EVA-0247,30,84,18,37.0,99,-74.4,649,29.7,5.3,seal_leak
EVA-0247,35,83,15,37.1,98,-74.1,689,29.6,4.2,seal_leak
EVA-0247,40,86,17,37.2,99,-76.9,782,29.6,7.4,seal_leak
EVA-0247,45,89,18,37.1,99,-76.2,679,29.6,6.9,seal_leak
EVA-0247,50,88,17,37.1,99,-78.3,786,29.5,6.6,seal_leak
EVA-0247,55,88,17,37.1,98,-78.1,749,29.4,7.1,seal_leak
EVA-0247,60,95,19,37.1,98,-78.1,727,29.1,10.3,seal_leak
EVA-0247,65,96,19,37.1,98,-80.0,737,28.9,10.8,seal_leak
EVA-0247,70,99,20,37.0,97,-79.7,744,28.7,14.4,seal_leak
EVA-0247,75,103,19,37.0,97,-80.5,754,28.4,14.2,seal_leak
EVA-0247,80,101,20,37.0,97,-78.1,643,28.2,15.3,seal_leak
EVA-0247,85,106,21,36.9,96,-80.6,771,27.9,19.7,seal_leak
EVA-0247,90,107,20,37.0,95,-80.9,728,27.6,19.7,seal_leak
EVA-0247,95,114,22,36.9,95,-82.8,758,27.2,23.6,seal_leak
EVA-0247,100,112,21,36.8,94,-85.1,727,26.9,26.7,seal_leak
EVA-0247,105,114,23,36.9,93,-83.0,786,26.5,29.3,seal_leak
EVA-0247,110,115,22,36.8,93,-84.4,677,26.1,30.6,seal_leak
EVA-0247,115,118,22,36.7,92,-82.3,754,25.6,36.2,seal_leak
EVA-0247,120,114,22,36.7,92,-82.2,662,25.3,36.1,seal_leak
EVA-0247,125,120,23,36.7,91,-82.3,705,24.9,39.8,seal_leak
EVA-0247,130,119,24,36.5,90,-82.5,715,24.3,43.7,seal_leak
EVA-0247,135,119,23,36.4,89,-83.3,675,23.9,47.2,seal_leak
EVA-0247,140,121,25,36.5,89,-82.9,606,23.5,50.9,seal_leak
EVA-0247,145,132,24,36.4,88,-81.3,665,23.0,55.4,seal_leak
EVA-0247,150,126,24,36.4,88,-79.1,639,22.5,54.9,seal_leak
EVA-0247,155,129,24,36.2,86,-80.8,672,22.0,61.6,seal_leak
EVA-0247,160,138,25,36.2,85,-80.2,612,21.5,66.4,seal_leak
EVA-0247,165,138,24,36.1,84,-77.8,614,20.9,67.8,seal_leak
EVA-0247,170,137,26,36.0,84,-79.6,602,20.4,70.4,seal_leak
EVA-0247,175,143,25,35.9,83,-80.1,603,19.8,71.7,seal_leak
EVA-0247,180,141,26,35.9,82,-77.8,605,19.3,72.8,seal_leak
EVA-0247,185,140,26,35.9,82,-75.6,607,18.7,71.9,seal_leak
EVA-0247,190,143,25,35.8,82,-75.8,595,18.2,73.5,seal_leak
EVA-0248,0,94,17,36.9,99,-71.0,668,29.6,8.2,seal_leak
EVA-0248,5,94,17,36.9,99,-72.2,714,29.6,7.7,seal_leak
EVA-0248,10,94,16,36.9,99,-73.7,814,29.6,6.5,seal_leak
EVA-0248,15,93,16,36.9,99,-74.0,737,29.6,6.1,seal_leak
EVA-0248,20,98,16,36.9,99,-76.7,688,29.6,7.1,seal_leak
EVA-0248,25,95,17,37.0,99,-76.4,782,29.6,7.5,seal_leak
EVA-0248,30,94,16,36.9,99,-76.6,836,29.5,7.2,seal_leak
EVA-0248,35,91,16,36.9,99,-78.0,701,29.6,5.6,seal_leak
EVA-0248,40,99,16,37.0,99,-77.0,733,29.6,6.7,seal_leak
EVA-0248,45,97,16,37.0,99,-73.9,805,29.6,7.0,seal_leak
EVA-0248,50,101,17,37.0,99,-76.6,757,29.7,7.9,seal_leak
EVA-0248,55,107,17,37.0,99,-74.9,812,29.6,9.0,seal_leak
EVA-0248,60,104,18,37.0,99,-74.9,893,29.6,9.7,seal_leak
EVA-0248,65,101,17,37.0,99,-77.7,820,29.6,8.4,seal_leak
EVA-0248,70,96,17,36.9,99,-76.3,866,29.6,8.3,seal_leak
EVA-0248,75,104,18,37.0,99,-76.6,876,29.6,9.2,seal_leak
EVA-0248,80,102,18,37.0,99,-74.6,814,29.5,9.3,seal_leak
EVA-0248,85,107,17,36.9,99,-74.8,800,29.4,9.6,seal_leak
EVA-0248,90,102,19,36.9,99,-72.9,886,29.4,10.8,seal_leak
EVA-0248,95,103,18,37.0,98,-74.1,842,29.2,9.6,seal_leak
EVA-0248,100,111,18,37.0,99,-72.8,845,29.0,11.0,seal_leak
EVA-0248,105,106,19,36.9,98,-73.9,830,28.9,12.3,seal_leak
EVA-0248,110,110,19,37.0,98,-74.2,823,28.8,12.3,seal_leak
EVA-0248,115,107,19,36.9,97,-70.9,831,28.5,14.4,seal_leak
EVA-0248,120,107,19,36.8,97,-70.7,775,28.3,15.4,seal_leak
EVA-0248,125,108,19,36.8,96,-69.4,829,28.0,19.3,seal_leak
EVA-0248,130,104,19,36.8,96,-67.4,770,27.8,18.4,seal_leak
EVA-0248,135,111,19,36.7,95,-67.8,891,27.5,22.0,seal_leak
EVA-0248,140,107,19,36.8,95,-66.2,821,27.3,21.3,seal_leak
EVA-0248,145,113,20,36.6,95,-64.9,803,27.1,26.0,seal_leak
EVA-0248,150,116,21,36.7,94,-65.2,748,26.8,28.7,seal_leak
EVA-0248,155,114,20,36.6,94,-64.6,819,26.5,30.3,seal_leak
EVA-0248,160,117,21,36.5,94,-60.4,757,26.2,31.3,seal_leak
EVA-0248,165,116,20,36.5,93,-61.1,788,26.0,33.2,seal_leak
EVA-0248,170,123,22,36.5,93,-60.0,738,25.6,36.3,seal_leak
EVA-0248,175,126,22,36.4,92,-60.3,690,25.4,41.0,seal_leak
EVA-0248,180,125,21,36.4,91,-57.6,796,24.9,42.1,seal_leak
EVA-0248,185,125,20,36.3,91,-56.2,757,24.7,42.8,seal_leak
EVA-0248,190,128,20,36.2,90,-56.4,718,24.4,46.2,seal_leak
EVA-0248,195,133,22,36.2,90,-53.1,783,24.0,50.9,seal_leak
EVA-0248,200,123,22,36.3,89,-53.0,714,23.6,50.2,seal_leak
EVA-0248,205,127,21,36.1,89,-54.0,741,23.3,52.0,seal_leak
EVA-0248,210,128,23,36.1,88,-50.7,650,23.0,57.8,seal_leak
EVA-0248,215,129,22,36.1,87,-47.6,679,22.5,56.8,seal_leak
EVA-0248,220,138,22,35.9,87,-48.5,671,22.1,64.2,seal_leak
EVA-0248,225,136,22,36.0,86,-43.2,643,21.8,64.1,seal_leak
EVA-0248,230,144,24,35.9,86,-44.3,637,21.4,69.9,seal_leak
EVA-0248,235,147,23,35.9,85,-40.9,654,21.0,71.4,seal_leak
EVA-0248,240,150,25,35.8,84,-43.6,636,20.5,75.1,seal_leak
EVA-0248,245,154,25,35.7,83,-42.5,625,20.1,76.1,seal_leak
EVA-0249,0,78,18,37.0,98,-70.9,797,29.7,4.7,nominal
EVA-0249,5,81,18,37.2,97,-70.2,833,29.6,8.9,nominal
EVA-0249,10,84,18,37.1,98,-69.5,876,29.6,7.6,nominal
EVA-0249,15,83,18,37.1,98,-70.6,850,29.7,6.8,nominal
EVA-0249,20,86,21,37.1,98,-69.7,856,29.6,10.2,nominal
EVA-0249,25,93,20,37.2,98,-68.3,883,29.7,11.2,nominal
EVA-0249,30,90,20,37.1,98,-68.2,831,29.6,10.2,nominal
EVA-0249,35,95,21,37.2,98,-67.5,786,29.6,13.5,nominal
EVA-0249,40,97,19,37.1,98,-65.7,889,29.5,11.2,nominal
EVA-0249,45,94,20,37.2,98,-66.6,830,29.6,13.6,nominal
EVA-0249,50,93,20,37.2,99,-63.5,866,29.6,12.2,nominal
EVA-0249,55,93,20,37.1,98,-60.6,833,29.6,11.8,nominal
EVA-0249,60,94,21,37.2,98,-61.8,939,29.6,12.1,nominal
EVA-0249,65,92,20,37.2,98,-61.4,933,29.7,11.3,nominal
EVA-0249,70,93,19,37.2,98,-61.3,840,29.6,12.0,nominal
EVA-0249,75,98,20,37.2,98,-58.7,916,29.7,12.8,nominal
EVA-0249,80,93,20,37.2,98,-56.2,966,29.6,11.7,nominal
EVA-0249,85,100,20,37.2,98,-55.2,921,29.6,13.9,nominal
EVA-0249,90,99,20,37.3,97,-53.5,934,29.6,16.0,nominal
EVA-0249,95,99,21,37.2,98,-51.9,987,29.6,13.5,nominal
EVA-0249,100,101,21,37.3,98,-50.7,939,29.6,16.8,nominal
EVA-0249,105,101,20,37.3,98,-48.5,956,29.6,14.7,nominal
EVA-0249,110,99,21,37.3,98,-47.7,1003,29.6,15.0,nominal
EVA-0249,115,97,21,37.3,98,-44.8,930,29.7,15.9,nominal
EVA-0249,120,100,22,37.3,97,-43.0,953,29.7,17.1,nominal
EVA-0249,125,96,20,37.3,98,-39.7,915,29.6,13.7,nominal
EVA-0249,130,101,22,37.3,98,-40.6,1090,29.6,16.9,nominal
EVA-0249,135,95,21,37.2,98,-37.0,1013,29.6,13.8,nominal
EVA-0249,140,96,22,37.2,98,-35.2,1063,29.6,14.1,nominal
EVA-0249,145,95,22,37.2,98,-34.8,970,29.5,13.6,nominal
EVA-0249,150,93,19,37.3,98,-33.6,1088,29.6,12.5,nominal
EVA-0249,155,91,20,37.3,98,-29.6,1027,29.6,13.0,nominal
EVA-0249,160,88,20,37.1,98,-31.2,1110,29.6,10.7,nominal
EVA-0249,165,85,20,37.1,98,-29.1,1047,29.7,8.4,nominal
EVA-0249,170,80,18,37.1,98,-27.9,1016,29.6,6.1,nominal
EVA-0249,175,82,19,37.1,98,-26.1,1121,29.6,8.0,nominal
EVA-0249,180,82,19,37.1,98,-24.2,1083,29.7,7.8,nominal
EVA-0249,185,86,18,37.0,98,-20.9,1036,29.6,5.7,nominal
EVA-0249,190,85,17,37.0,98,-22.1,1023,29.6,5.2,nominal
EVA-0249,195,83,19,37.1,98,-18.0,1123,29.6,7.5,nominal
EVA-0249,200,75,18,37.1,98,-18.4,1112,29.6,4.4,nominal
EVA-0249,205,68,17,37.0,98,-19.2,1130,29.5,4.8,nominal
EVA-0249,210,70,14,37.0,98,-18.4,1140,29.6,0.7,nominal
EVA-0249,215,69,16,37.0,98,-16.9,1131,29.6,2.3,nominal
EVA-0249,220,70,17,37.1,98,-16.5,1162,29.6,4.9,nominal
EVA-0249,225,71,15,37.0,98,-17.5,1186,29.7,1.5,nominal
EVA-0249,230,71,17,36.9,98,-16.6,1155,29.6,3.9,nominal
EVA-0249,235,65,16,37.0,98,-17.4,1193,29.6,2.0,nominal
EVA-0249,240,73,15,37.0,98,-13.3,1203,29.6,1.7,nominal
EVA-0249,245,72,16,36.9,98,-15.2,1234,29.6,2.8,nominal
EVA-0249,250,68,17,37.0,98,-15.8,1093,29.6,4.3,nominal
EVA-0249,255,72,17,37.0,98,-16.5,1182,29.5,3.1,nominal
EVA-0249,260,69,16,37.0,98,-16.7,1235,29.6,2.6,nominal
EVA-0250,0,93,17,37.0,97,-74.7,586,29.5,8.5,heater_failure
EVA-0250,5,95,17,36.9,97,-74.2,695,29.6,10.4,heater_failure
EVA-0250,10,92,17,36.9,98,-75.1,703,29.6,7.5,heater_failure
EVA-0250,15,99,17,36.9,97,-77.7,680,29.6,10.6,heater_failure
EVA-0250,20,96,17,36.9,97,-76.7,681,29.6,9.6,heater_failure
EVA-0250,25,101,19,36.8,97,-78.9,688,29.6,14.6,heater_failure
EVA-0250,30,93,17,36.8,97,-76.7,690,29.7,12.4,heater_failure
EVA-0250,35,98,19,36.8,98,-79.0,702,29.6,12.5,heater_failure
EVA-0250,40,95,19,36.6,97,-79.2,753,29.6,15.4,heater_failure
EVA-0250,45,99,17,36.7,97,-78.8,642,29.6,13.6,heater_failure
EVA-0250,50,102,19,36.6,97,-79.5,813,29.5,16.3,heater_failure
EVA-0250,55,95,19,36.5,97,-78.2,747,29.6,16.7,heater_failure
EVA-0250,60,99,19,36.6,97,-80.3,848,29.5,16.5,heater_failure
EVA-0250,65,105,18,36.5,97,-76.3,766,29.6,18.2,heater_failure
EVA-0250,70,105,19,36.4,97,-78.9,764,29.6,20.7,heater_failure
EVA-0250,75,109,19,36.3,97,-80.1,800,29.6,21.8,heater_failure
EVA-0250,80,108,17,36.2,97,-80.9,723,29.6,21.4,heater_failure
EVA-0250,85,109,17,36.2,97,-80.2,740,29.5,22.5,heater_failure
EVA-0250,90,110,18,36.1,97,-80.2,787,29.6,24.3,heater_failure
EVA-0250,95,107,19,36.2,97,-80.4,808,29.6,22.5,heater_failure
EVA-0250,100,114,19,36.1,97,-80.7,859,29.5,25.9,heater_failure
EVA-0250,105,117,19,36.1,98,-81.1,824,29.6,25.4,heater_failure
EVA-0250,110,120,21,36.2,97,-79.1,894,29.5,27.0,heater_failure
EVA-0250,115,116,21,36.2,97,-78.5,717,29.6,25.7,heater_failure
EVA-0250,120,125,20,35.9,97,-81.2,927,29.6,31.4,heater_failure
EVA-0250,125,123,19,35.9,97,-80.2,835,29.6,30.1,heater_failure
EVA-0250,130,130,21,35.8,97,-82.3,893,29.6,33.6,heater_failure
EVA-0250,135,123,19,35.9,98,-80.8,924,29.7,29.2,heater_failure
EVA-0250,140,126,19,36.0,97,-77.7,819,29.6,29.2,heater_failure
EVA-0250,145,129,21,35.9,97,-78.6,952,29.6,33.3,heater_failure
EVA-0250,150,130,19,35.8,97,-79.2,929,29.7,32.7,heater_failure
EVA-0250,155,127,20,35.5,97,-81.2,983,29.6,35.6,heater_failure
EVA-0250,160,133,20,35.6,97,-80.6,915,29.6,38.4,heater_failure
EVA-0250,165,129,21,35.5,97,-80.2,919,29.5,37.3,heater_failure
EVA-0250,170,127,21,35.7,97,-78.2,894,29.5,35.1,heater_failure
EVA-0250,175,126,20,35.7,97,-77.8,904,29.6,33.9,heater_failure
EVA-0250,180,129,19,35.4,97,-79.1,941,29.6,37.6,heater_failure
EVA-0250,185,122,19,35.5,97,-77.9,979,29.6,34.6,heater_failure
EVA-0250,190,119,18,35.3,98,-79.7,994,29.6,35.0,heater_failure
EVA-0250,195,123,19,35.4,97,-78.2,923,29.5,37.3,heater_failure
EVA-0250,200,116,19,35.4,97,-77.1,973,29.6,34.1,heater_failure
EVA-0250,205,119,20,35.5,97,-76.2,996,29.6,34.3,heater_failure
EVA-0250,210,113,18,35.1,97,-79.3,897,29.5,36.3,heater_failure
EVA-0250,215,119,17,35.4,98,-75.9,1041,29.6,32.0,heater_failure
EVA-0250,220,117,19,35.5,97,-74.5,998,29.6,34.1,heater_failure
EVA-0250,225,103,15,34.9,97,-78.9,1019,29.6,33.7,heater_failure
EVA-0250,230,98,14,34.9,97,-78.8,1092,29.6,32.1,heater_failure
EVA-0250,235,111,18,35.5,97,-74.7,990,29.6,31.5,heater_failure
EVA-0250,240,103,16,35.0,97,-76.8,1004,29.6,33.9,heater_failure
EVA-0250,245,104,16,35.1,97,-76.2,948,29.6,34.2,heater_failure
EVA-0250,250,107,16,35.3,97,-74.2,1056,29.6,32.2,heater_failure
EVA-0250,255,105,17,35.0,97,-76.4,1116,29.6,36.8,heater_failure
EVA-0251,0,81,17,37.0,98,-55.2,632,29.5,4.5,nominal
EVA-0251,5,87,17,37.1,98,-49.7,641,29.6,6.1,nominal
EVA-0251,10,92,18,37.0,97,-49.7,664,29.6,9.4,nominal
EVA-0251,15,95,20,37.1,98,-45.6,648,29.6,10.9,nominal
EVA-0251,20,97,19,37.1,98,-42.7,850,29.6,11.1,nominal
EVA-0251,25,102,19,37.1,98,-39.5,716,29.6,11.7,nominal
EVA-0251,30,110,20,37.3,98,-38.7,839,29.6,16.8,nominal
EVA-0251,35,104,19,37.2,97,-37.8,738,29.6,14.8,nominal
EVA-0251,40,104,20,37.2,98,-36.0,811,29.7,14.1,nominal
EVA-0251,45,107,21,37.2,98,-32.0,843,29.6,15.9,nominal
EVA-0251,50,108,21,37.3,98,-27.9,945,29.6,17.9,nominal
EVA-0251,55,107,20,37.2,97,-28.6,918,29.6,15.9,nominal
EVA-0251,60,102,21,37.2,98,-26.2,877,29.6,14.4,nominal
EVA-0251,65,102,19,37.2,98,-28.5,936,29.7,13.2,nominal
EVA-0251,70,103,19,37.2,97,-25.7,1023,29.6,15.3,nominal
EVA-0251,75,95,18,37.2,98,-27.2,1039,29.6,9.8,nominal
EVA-0251,80,98,18,37.2,98,-28.8,983,29.6,11.2,nominal
EVA-0251,85,95,19,37.2,98,-29.3,969,29.5,11.6,nominal
EVA-0251,90,88,19,37.1,98,-32.9,1029,29.6,8.6,nominal
EVA-0251,95,94,17,37.1,98,-33.8,1110,29.5,8.7,nominal
EVA-0252,0,93,19,36.9,97,-55.6,717,29.6,11.4,scrubber_exhaustion
EVA-0252,5,98,18,37.0,97,-55.8,725,29.6,11.7,scrubber_exhaustion
EVA-0252,10,96,19,36.9,97,-55.2,826,29.6,11.5,scrubber_exhaustion
EVA-0252,15,95,19,37.0,97,-57.4,812,29.6,11.2,scrubber_exhaustion
EVA-0252,20,94,19,36.9,97,-56.3,768,29.6,12.5,scrubber_exhaustion
EVA-0252,25,94,20,36.9,97,-55.9,765,29.6,13.0,scrubber_exhaustion
EVA-0252,30,99,19,37.0,97,-57.1,835,29.6,12.1,scrubber_exhaustion
EVA-0252,35,99,20,37.1,97,-54.8,851,29.7,14.4,scrubber_exhaustion
EVA-0252,40,101,21,37.0,97,-53.1,799,29.6,13.9,scrubber_exhaustion
EVA-0252,45,103,21,36.8,97,-51.2,809,29.7,16.8,scrubber_exhaustion
EVA-0252,50,114,21,37.1,97,-50.9,776,29.6,16.9,scrubber_exhaustion
EVA-0252,55,109,20,37.1,97,-51.3,862,29.6,15.5,scrubber_exhaustion
EVA-0252,60,104,20,37.0,98,-48.4,917,29.6,13.0,scrubber_exhaustion
EVA-0252,65,112,21,37.0,97,-48.2,1043,29.6,16.4,scrubber_exhaustion
EVA-0252,70,107,22,37.1,97,-49.4,1205,29.6,17.6,scrubber_exhaustion
EVA-0252,75,107,23,37.0,97,-46.2,1338,29.6,18.4,scrubber_exhaustion
EVA-0252,80,109,23,37.1,97,-44.4,1525,29.7,18.6,scrubber_exhaustion
EVA-0252,85,113,23,37.0,97,-43.7,1698,29.6,18.3,scrubber_exhaustion
EVA-0252,90,113,24,37.0,97,-44.7,1957,29.6,19.6,scrubber_exhaustion
EVA-0252,95,115,23,37.2,97,-43.5,2313,29.6,22.2,scrubber_exhaustion
EVA-0252,100,116,24,37.1,97,-39.0,2647,29.6,22.1,scrubber_exhaustion
EVA-0252,105,120,24,37.3,97,-41.8,3032,29.5,25.2,scrubber_exhaustion
EVA-0252,110,125,26,37.3,97,-39.9,3373,29.6,29.0,scrubber_exhaustion
EVA-0252,115,123,27,37.3,97,-42.3,3829,29.7,28.3,scrubber_exhaustion
EVA-0252,120,124,27,37.3,97,-37.2,4345,29.6,29.9,scrubber_exhaustion
EVA-0252,125,128,30,37.5,96,-37.3,4935,29.6,35.2,scrubber_exhaustion
EVA-0252,130,129,30,37.5,97,-35.9,5476,29.6,36.5,scrubber_exhaustion
EVA-0252,135,134,30,37.5,96,-39.0,6158,29.6,39.1,scrubber_exhaustion
EVA-0252,140,131,34,37.5,96,-36.1,6696,29.6,41.7,scrubber_exhaustion
EVA-0252,145,144,34,37.6,96,-38.8,7389,29.5,46.4,scrubber_exhaustion
EVA-0252,150,139,36,37.7,96,-35.8,8157,29.6,47.6,scrubber_exhaustion
EVA-0252,155,145,35,37.7,96,-40.8,8916,29.6,48.2,scrubber_exhaustion
EVA-0252,160,157,39,37.9,95,-37.0,9719,29.6,54.0,scrubber_exhaustion
EVA-0252,165,157,40,37.9,95,-38.7,10614,29.5,55.6,scrubber_exhaustion
EVA-0253,0,84,16,36.8,97,-55.4,472,29.7,6.9,nominal
EVA-0253,5,91,16,36.9,97,-55.6,530,29.6,8.1,nominal
EVA-0253,10,89,16,37.0,97,-54.5,580,29.6,6.7,nominal
EVA-0253,15,85,14,37.0,98,-54.2,539,29.6,3.6,nominal
EVA-0253,20,89,15,37.0,97,-53.2,542,29.6,6.0,nominal
EVA-0253,25,92,16,37.0,97,-52.3,529,29.6,7.3,nominal
EVA-0253,30,92,17,37.0,97,-50.5,553,29.6,8.8,nominal
EVA-0253,35,88,15,37.1,97,-50.4,534,29.5,6.8,nominal
EVA-0253,40,92,18,37.1,97,-50.2,650,29.5,10.0,nominal
EVA-0253,45,95,18,36.9,97,-49.9,638,29.6,10.7,nominal
EVA-0253,50,91,18,37.1,97,-47.8,559,29.6,10.3,nominal
EVA-0253,55,98,18,37.0,97,-47.5,602,29.5,11.0,nominal
EVA-0253,60,100,18,37.1,97,-47.2,672,29.7,11.5,nominal
EVA-0253,65,96,17,37.1,97,-46.7,678,29.5,10.3,nominal
EVA-0253,70,97,18,37.0,97,-45.5,655,29.6,11.3,nominal
EVA-0253,75,98,18,37.1,97,-45.7,659,29.7,10.6,nominal
EVA-0253,80,99,18,37.1,97,-46.0,681,29.6,12.4,nominal
EVA-0253,85,99,19,37.0,97,-41.7,672,29.7,11.2,nominal
EVA-0253,90,98,18,37.2,98,-41.1,751,29.6,10.6,nominal
EVA-0253,95,101,18,37.1,97,-42.2,745,29.6,12.3,nominal
EVA-0253,100,104,19,37.1,97,-41.2,737,29.6,13.4,nominal
EVA-0253,105,105,19,37.1,97,-41.7,686,29.6,13.9,nominal
EVA-0253,110,107,19,37.1,98,-40.3,718,29.6,13.2,nominal
EVA-0253,115,101,18,37.1,97,-40.4,728,29.6,12.4,nominal
EVA-0253,120,100,18,37.1,97,-39.9,751,29.6,14.0,nominal
EVA-0253,125,97,19,37.1,97,-41.1,786,29.6,12.3,nominal
EVA-0253,130,101,18,37.1,97,-37.5,860,29.6,11.8,nominal
EVA-0253,135,99,17,37.0,97,-40.8,807,29.5,10.3,nominal
EVA-0253,140,98,19,37.1,98,-38.3,748,29.6,11.3,nominal
EVA-0253,145,101,16,37.1,97,-40.1,851,29.6,10.9,nominal
EVA-0253,150,94,18,37.0,97,-41.5,771,29.6,9.7,nominal
EVA-0253,155,94,17,37.1,97,-38.0,863,29.6,10.4,nominal
EVA-0253,160,89,17,37.1,97,-39.0,833,29.6,8.9,nominal
EVA-0253,165,89,17,37.0,97,-41.0,890,29.6,8.0,nominal
EVA-0253,170,88,17,37.0,97,-38.7,898,29.6,7.1,nominal
EVA-0253,175,92,16,37.0,98,-40.2,893,29.5,6.9,nominal
EVA-0253,180,87,16,36.9,97,-37.9,849,29.6,7.8,nominal
EVA-0253,185,88,16,36.9,98,-42.1,879,29.6,6.4,nominal
EVA-0253,190,89,14,37.0,98,-41.5,941,29.6,2.9,nominal
EVA-0253,195,84,16,37.1,97,-40.2,936,29.5,7.4,nominal
EVA-0254,0,98,19,37.1,98,-67.1,655,29.5,10.8,nominal
EVA-0254,5,97,20,37.2,98,-69.1,735,29.6,13.5,nominal
EVA-0254,10,97,18,37.2,97,-69.5,589,29.6,12.9,nominal
EVA-0254,15,98,18,37.2,98,-68.3,703,29.6,9.9,nominal
EVA-0254,20,101,19,37.3,98,-68.6,642,29.6,14.5,nominal
EVA-0254,25,102,19,37.2,98,-72.4,696,29.6,13.7,nominal
EVA-0254,30,104,20,37.2,98,-69.1,763,29.6,14.6,nominal
EVA-0254,35,108,21,37.2,98,-74.5,767,29.6,15.8,nominal
EVA-0254,40,110,20,37.3,98,-74.8,728,29.5,16.7,nominal
EVA-0254,45,113,20,37.4,98,-76.2,774,29.6,17.3,nominal
EVA-0254,50,112,22,37.2,98,-76.6,795,29.7,17.7,nominal
EVA-0254,55,118,23,37.3,98,-73.5,762,29.6,20.8,nominal
EVA-0254,60,117,22,37.3,98,-75.8,831,29.6,20.2,nominal
EVA-0254,65,120,24,37.4,98,-75.5,816,29.6,23.9,nominal
EVA-0254,70,117,24,37.4,99,-76.1,795,29.7,22.4,nominal
EVA-0254,75,118,23,37.4,98,-77.3,911,29.6,22.3,nominal
EVA-0254,80,120,23,37.4,98,-77.8,820,29.6,21.9,nominal
EVA-0254,85,123,24,37.4,98,-78.3,799,29.6,24.0,nominal
EVA-0254,90,121,24,37.4,98,-75.9,901,29.6,22.7,nominal
EVA-0254,95,118,21,37.4,98,-74.8,894,29.7,20.5,nominal
EVA-0254,100,121,23,37.4,98,-76.1,784,29.5,22.4,nominal
EVA-0254,105,117,22,37.4,98,-77.2,795,29.6,20.7,nominal
EVA-0254,110,116,22,37.4,98,-72.9,915,29.6,21.0,nominal
EVA-0254,115,119,23,37.4,98,-72.1,871,29.7,22.6,nominal
EVA-0254,120,121,23,37.5,98,-74.4,926,29.6,22.9,nominal
EVA-0254,125,117,23,37.3,98,-73.5,904,29.6,20.8,nominal
EVA-0254,130,117,22,37.3,98,-70.3,955,29.6,20.7,nominal
EVA-0254,135,119,22,37.4,98,-72.7,974,29.6,21.4,nominal
EVA-0254,140,117,22,37.3,98,-71.1,865,29.7,19.5,nominal
EVA-0254,145,118,23,37.4,98,-66.7,914,29.6,21.6,nominal
EVA-0254,150,113,22,37.3,98,-68.1,1040,29.6,18.4,nominal
EVA-0254,155,114,21,37.3,98,-66.4,997,29.6,17.8,nominal
EVA-0254,160,108,20,37.2,97,-66.8,1018,29.6,16.7,nominal
EVA-0254,165,106,21,37.3,98,-62.9,1101,29.6,16.4,nominal
EVA-0254,170,101,20,37.3,98,-63.2,1059,29.6,15.5,nominal
EVA-0254,175,104,20,37.3,98,-60.8,1020,29.6,15.3,nominal
EVA-0254,180,103,20,37.3,98,-61.5,974,29.6,15.7,nominal
EVA-0254,185,102,20,37.3,98,-61.1,1095,29.6,15.1,nominal
EVA-0254,190,102,21,37.2,98,-58.7,1106,29.6,14.4,nominal
EVA-0254,195,103,20,37.1,98,-58.5,1066,29.6,12.6,nominal
EVA-0254,200,97,21,37.2,98,-57.0,1153,29.7,12.9,nominal
EVA-0254,205,96,18,37.2,98,-56.3,1092,29.6,9.8,nominal
EVA-0254,210,91,18,37.1,98,-55.8,1091,29.6,7.4,nominal
EVA-0254,215,95,18,37.2,98,-52.3,1152,29.6,10.6,nominal
EVA-0254,220,100,19,37.1,98,-51.7,1129,29.6,10.7,nominal
EVA-0254,225,91,18,37.1,98,-52.6,1151,29.6,8.6,nominal
EVA-0255,0,89,19,36.9,98,-71.1,619,29.6,9.0,nominal
EVA-0255,5,86,18,36.9,98,-72.8,473,29.6,9.2,nominal
EVA-0255,10,86,17,36.9,97,-74.4,593,29.6,9.0,nominal
EVA-0255,15,91,20,36.8,98,-75.7,668,29.6,11.9,nominal
EVA-0255,20,94,19,36.9,98,-77.6,684,29.6,10.2,nominal
EVA-0255,25,98,19,36.9,98,-78.7,593,29.6,10.8,nominal
EVA-0255,30,97,20,36.9,97,-82.0,726,29.6,11.5,nominal
EVA-0255,35,96,20,36.9,98,-84.2,765,29.6,10.7,nominal
EVA-0255,40,101,20,37.0,98,-83.8,750,29.6,11.7,nominal
EVA-0255,45,102,20,37.0,98,-80.7,727,29.6,10.9,nominal
EVA-0255,50,104,21,37.0,98,-84.6,776,29.6,13.5,nominal
EVA-0255,55,104,22,37.1,98,-86.8,740,29.6,15.2,nominal
EVA-0255,60,101,22,37.0,97,-81.1,839,29.6,13.8,nominal
EVA-0255,65,109,22,37.0,97,-83.5,876,29.6,17.2,nominal
EVA-0255,70,107,22,37.0,98,-84.0,806,29.6,14.3,nominal
EVA-0255,75,110,21,37.0,97,-83.4,878,29.6,15.2,nominal
EVA-0255,80,100,21,37.0,98,-80.5,906,29.6,11.3,nominal
EVA-0255,85,107,21,37.0,98,-78.3,868,29.6,12.6,nominal
EVA-0255,90,99,20,37.0,98,-76.8,792,29.6,11.2,nominal
EVA-0255,95,95,20,37.0,98,-74.7,920,29.6,11.4,nominal
EVA-0255,100,90,20,36.9,98,-75.6,791,29.6,9.8,nominal
EVA-0255,105,93,19,36.9,98,-73.2,1020,29.6,10.0,nominal
EVA-0255,110,96,19,36.9,98,-69.7,992,29.5,10.6,nominal
EVA-0255,115,91,18,36.9,97,-66.1,971,29.6,10.1,nominal
EVA-0255,120,91,18,36.9,97,-65.9,1043,29.6,10.2,nominal
EVA-0256,0,93,17,37.0,98,-35.1,530,29.6,7.3,scrubber_exhaustion
EVA-0256,5,96,18,37.1,98,-33.0,477,29.6,8.4,scrubber_exhaustion
EVA-0256,10,96,19,37.1,98,-37.3,465,29.6,9.5,scrubber_exhaustion
EVA-0256,15,98,20,37.2,98,-38.7,571,29.6,13.1,scrubber_exhaustion
EVA-0256,20,99,19,37.2,98,-38.8,451,29.6,11.8,scrubber_exhaustion
EVA-0256,25,107,20,37.3,98,-40.5,567,29.6,15.7,scrubber_exhaustion
EVA-0256,30,108,20,37.2,98,-42.3,576,29.6,13.8,scrubber_exhaustion
EVA-0256,35,107,20,37.3,98,-44.9,617,29.6,16.3,scrubber_exhaustion
EVA-0256,40,110,20,37.2,98,-46.9,605,29.6,15.9,scrubber_exhaustion
EVA-0256,45,106,21,37.2,98,-46.8,717,29.6,14.6,scrubber_exhaustion
EVA-0256,50,103,20,37.2,98,-48.5,584,29.6,13.6,scrubber_exhaustion
EVA-0256,55,108,21,37.2,98,-50.4,549,29.6,15.4,scrubber_exhaustion
EVA-0256,60,104,21,37.2,98,-50.3,742,29.6,14.7,scrubber_exhaustion
EVA-0256,65,111,20,37.1,98,-51.6,631,29.6,14.7,scrubber_exhaustion
EVA-0256,70,101,20,37.3,98,-52.8,596,29.6,13.9,scrubber_exhaustion
EVA-0256,75,108,19,37.2,98,-56.9,577,29.6,13.9,scrubber_exhaustion
EVA-0256,80,110,20,37.1,98,-55.9,660,29.6,14.0,scrubber_exhaustion
EVA-0256,85,104,21,37.2,98,-60.8,678,29.6,15.5,scrubber_exhaustion
EVA-0256,90,107,20,37.2,98,-59.9,732,29.6,14.7,scrubber_exhaustion
EVA-0256,95,110,20,37.3,98,-60.2,741,29.6,16.9,scrubber_exhaustion
EVA-0256,100,114,21,37.2,98,-63.7,901,29.6,16.8,scrubber_exhaustion
EVA-0256,105,116,21,37.3,98,-65.3,1034,29.6,18.1,scrubber_exhaustion
EVA-0256,110,110,24,37.2,97,-64.9,1082,29.6,20.4,scrubber_exhaustion
EVA-0256,115,115,21,37.3,98,-64.0,1236,29.7,19.0,scrubber_exhaustion
EVA-0256,120,119,22,37.3,98,-65.0,1378,29.6,19.1,scrubber_exhaustion
EVA-0256,125,113,23,37.4,98,-66.6,1564,29.7,20.7,scrubber_exhaustion
EVA-0256,130,118,23,37.4,98,-70.1,1811,29.6,21.1,scrubber_exhaustion
EVA-0256,135,120,23,37.5,98,-69.7,1937,29.6,24.0,scrubber_exhaustion
EVA-0256,140,120,25,37.4,98,-67.7,2084,29.6,23.9,scrubber_exhaustion
EVA-0256,145,121,23,37.4,98,-69.9,2355,29.7,22.5,scrubber_exhaustion
EVA-0256,150,122,25,37.4,98,-73.4,2618,29.6,24.4,scrubber_exhaustion
EVA-0256,155,120,26,37.4,98,-71.1,2804,29.6,25.0,scrubber_exhaustion
EVA-0256,160,129,25,37.5,98,-73.3,3093,29.6,27.4,scrubber_exhaustion
EVA-0256,165,130,26,37.6,98,-73.0,3383,29.6,31.4,scrubber_exhaustion
EVA-0256,170,138,29,37.6,98,-71.9,3725,29.6,33.5,scrubber_exhaustion
EVA-0256,175,139,28,37.7,97,-73.3,4042,29.5,35.8,scrubber_exhaustion
EVA-0256,180,141,30,37.6,97,-73.5,4325,29.6,37.7,scrubber_exhaustion
EVA-0256,185,150,31,37.7,97,-71.5,4734,29.5,41.6,scrubber_exhaustion
EVA-0256,190,148,32,37.7,97,-71.6,5135,29.6,41.1,scrubber_exhaustion
EVA-0256,195,156,33,37.9,97,-71.8,5579,29.5,46.3,scrubber_exhaustion
EVA-0256,200,159,34,37.8,97,-69.3,5882,29.6,47.9,scrubber_exhaustion
EVA-0256,205,163,35,38.0,97,-71.0,6329,29.6,51.7,scrubber_exhaustion
EVA-0256,210,165,35,38.0,97,-70.3,6765,29.6,52.7,scrubber_exhaustion
EVA-0256,215,167,35,38.0,97,-70.4,7206,29.6,52.4,scrubber_exhaustion
EVA-0256,220,165,36,38.0,97,-70.4,7642,29.6,52.6,scrubber_exhaustion
EVA-0256,225,168,37,38.1,97,-70.1,8281,29.6,55.0,scrubber_exhaustion
EVA-0256,230,172,37,38.2,96,-66.5,8783,29.6,58.6,scrubber_exhaustion
EVA-0256,235,173,38,38.1,97,-67.0,9330,29.6,56.3,scrubber_exhaustion
EVA-0256,240,176,40,38.2,96,-62.3,9876,29.6,58.7,scrubber_exhaustion
EVA-0256,245,177,41,38.3,96,-65.4,10415,29.6,60.5,scrubber_exhaustion
EVA-0257,0,74,19,36.9,98,-53.5,599,29.7,5.8,nominal
EVA-0257,5,77,20,37.0,98,-52.2,677,29.7,6.1,nominal
EVA-0257,10,78,19,36.9,98,-52.1,619,29.6,6.9,nominal
EVA-0257,15,81,19,36.9,98,-48.2,665,29.6,7.2,nominal
EVA-0257,20,83,22,37.0,98,-48.8,657,29.6,9.7,nominal
EVA-0257,25,81,20,36.9,98,-46.9,669,29.5,7.9,nominal
EVA-0257,30,86,21,37.0,98,-44.4,684,29.5,9.4,nominal
EVA-0257,35,82,20,37.0,98,-42.3,651,29.7,7.8,nominal
EVA-0257,40,88,22,36.9,98,-43.0,692,29.6,10.9,nominal
EVA-0257,45,86,22,37.1,98,-40.1,691,29.6,10.7,nominal
EVA-0257,50,94,23,37.1,98,-39.5,718,29.6,13.9,nominal
EVA-0257,55,94,22,37.0,99,-39.2,701,29.6,11.9,nominal
EVA-0257,60,97,23,37.1,98,-38.2,825,29.6,13.5,nominal
EVA-0257,65,103,24,37.1,98,-37.5,677,29.6,16.0,nominal
EVA-0257,70,99,24,37.2,98,-36.5,690,29.6,15.8,nominal
EVA-0257,75,99,24,37.2,98,-34.9,795,29.6,16.0,nominal
EVA-0257,80,100,24,37.1,98,-35.7,824,29.6,15.8,nominal
EVA-0257,85,101,23,37.1,98,-36.2,871,29.6,14.8,nominal
EVA-0257,90,103,23,37.1,98,-36.5,798,29.5,15.4,nominal
EVA-0257,95,103,23,37.1,99,-35.9,821,29.6,16.0,nominal
EVA-0257,100,101,23,37.1,98,-37.0,854,29.6,14.1,nominal
EVA-0257,105,102,23,37.0,98,-39.1,906,29.6,14.1,nominal
EVA-0257,110,101,23,37.1,98,-36.2,795,29.7,15.3,nominal
EVA-0257,115,100,24,37.1,98,-38.6,873,29.5,15.2,nominal
EVA-0257,120,97,23,37.1,98,-39.5,905,29.6,13.8,nominal
EVA-0257,125,100,25,37.1,99,-38.7,872,29.6,16.4,nominal
EVA-0257,130,98,23,37.1,98,-42.1,917,29.6,14.1,nominal
EVA-0257,135,96,23,37.0,98,-42.2,881,29.5,12.8,nominal
EVA-0257,140,98,21,37.0,99,-44.1,975,29.7,11.7,nominal
EVA-0257,145,88,22,37.0,98,-45.0,852,29.5,10.6,nominal
EVA-0257,150,93,23,36.9,98,-47.6,930,29.6,12.9,nominal
EVA-0257,155,90,21,37.0,98,-47.2,979,29.6,10.0,nominal
EVA-0257,160,89,22,37.0,98,-47.6,951,29.6,10.4,nominal
EVA-0257,165,87,22,37.0,98,-52.4,1014,29.6,10.2,nominal
EVA-0257,170,84,21,37.0,98,-51.8,989,29.6,8.8,nominal
EVA-0257,175,77,21,36.9,98,-53.9,1011,29.6,8.0,nominal
EVA-0257,180,76,19,36.9,98,-55.0,1034,29.6,7.7,nominal
EVA-0257,185,77,18,36.8,98,-56.1,1017,29.5,6.9,nominal
EVA-0257,190,75,20,37.0,98,-59.4,956,29.6,6.0,nominal
EVA-0258,0,78,18,36.9,98,-80.9,763,29.6,6.3,heater_failure
EVA-0258,5,83,19,36.9,98,-81.7,763,29.6,8.4,heater_failure
EVA-0258,10,83,19,36.9,98,-79.0,781,29.6,8.5,heater_failure
EVA-0258,15,80,19,36.8,97,-78.8,738,29.5,9.9,heater_failure
EVA-0258,20,83,20,36.7,98,-79.0,813,29.6,10.9,heater_failure
EVA-0258,25,82,19,36.7,98,-77.4,776,29.5,9.8,heater_failure
EVA-0258,30,86,19,36.6,98,-79.7,778,29.7,11.9,heater_failure
EVA-0258,35,80,18,36.5,98,-78.3,738,29.6,10.8,heater_failure
EVA-0258,40,84,19,36.6,98,-78.8,822,29.6,10.9,heater_failure
EVA-0258,45,84,19,36.5,98,-75.7,825,29.6,12.8,heater_failure
EVA-0258,50,86,18,36.5,98,-76.5,851,29.6,13.3,heater_failure
EVA-0258,55,84,19,36.5,98,-78.1,763,29.6,12.9,heater_failure
EVA-0258,60,85,18,36.3,98,-77.0,866,29.7,14.2,heater_failure
EVA-0258,65,87,19,36.4,98,-77.1,833,29.6,15.8,heater_failure
EVA-0258,70,85,20,36.3,98,-78.3,809,29.6,16.1,heater_failure
EVA-0258,75,87,18,36.4,98,-74.6,836,29.6,14.0,heater_failure
EVA-0258,80,90,18,36.3,98,-76.9,828,29.6,15.5,heater_failure
EVA-0258,85,90,20,36.5,98,-72.6,887,29.6,15.6,heater_failure
EVA-0258,90,99,21,36.4,98,-76.1,861,29.5,20.6,heater_failure
EVA-0258,95,96,21,36.4,99,-74.6,884,29.6,18.1,heater_failure
EVA-0258,100,100,21,36.2,98,-76.0,875,29.6,21.4,heater_failure
EVA-0258,105,101,21,36.2,98,-75.6,898,29.6,21.9,heater_failure
EVA-0258,110,105,22,36.1,98,-76.4,860,29.6,24.4,heater_failure
EVA-0258,115,101,22,36.1,98,-78.0,829,29.5,24.5,heater_failure
EVA-0258,120,105,23,36.2,98,-73.9,1046,29.6,23.6,heater_failure
EVA-0258,125,105,23,36.0,98,-76.6,936,29.6,26.4,heater_failure
EVA-0258,130,101,21,36.2,98,-74.2,1075,29.7,21.2,heater_failure
EVA-0258,135,102,22,36.2,98,-73.5,947,29.6,22.7,heater_failure
EVA-0258,140,106,21,36.0,98,-76.9,956,29.6,25.5,heater_failure
EVA-0258,145,110,20,35.9,98,-77.2,952,29.6,26.5,heater_failure
EVA-0258,150,112,22,35.8,98,-77.0,999,29.5,28.7,heater_failure
EVA-0258,155,115,21,35.6,98,-78.7,986,29.6,31.0,heater_failure
EVA-0258,160,112,21,35.7,98,-76.2,928,29.5,30.1,heater_failure
EVA-0258,165,108,20,35.8,98,-75.2,949,29.7,27.1,heater_failure
EVA-0258,170,113,22,35.5,98,-78.1,950,29.6,33.0,heater_failure
EVA-0258,175,116,21,35.6,98,-76.5,1017,29.6,31.5,heater_failure
EVA-0258,180,115,21,35.5,97,-77.6,1027,29.5,33.9,heater_failure
EVA-0258,185,116,22,35.5,98,-77.8,1032,29.6,33.9,heater_failure
EVA-0258,190,113,21,35.4,98,-77.8,1003,29.6,34.1,heater_failure
EVA-0258,195,113,22,35.4,98,-77.6,988,29.6,34.5,heater_failure
EVA-0258,200,107,21,35.2,98,-79.0,1102,29.6,35.3,heater_failure
EVA-0258,205,103,20,35.2,98,-78.4,1068,29.6,34.1,heater_failure
EVA-0258,210,99,18,35.0,98,-79.4,1092,29.5,34.2,heater_failure
EVA-0258,215,103,19,35.1,98,-78.7,1117,29.7,35.4,heater_failure
EVA-0258,220,98,19,34.9,99,-80.2,989,29.6,34.5,heater_failure
EVA-0258,225,96,18,35.1,98,-78.3,1092,29.6,31.7,heater_failure
EVA-0258,230,88,17,34.8,98,-80.0,1147,29.6,30.6,heater_failure
EVA-0258,235,74,16,34.6,98,-81.3,1049,29.6,27.0,heater_failure
EVA-0258,240,82,17,34.7,98,-80.3,1062,29.6,30.1,heater_failure
EVA-0258,245,80,17,34.6,98,-80.4,1069,29.6,28.5,heater_failure
EVA-0258,250,79,16,34.5,97,-81.1,1059,29.6,29.3,heater_failure
EVA-0258,255,65,16,34.2,97,-82.6,1162,29.6,28.5,heater_failure
EVA-0258,260,70,13,34.4,98,-81.0,1152,29.6,25.9,heater_failure
EVA-0258,265,68,12,34.4,97,-80.8,1095,29.6,26.4,heater_failure
EVA-0258,270,71,15,34.4,97,-80.7,1076,29.6,27.2,heater_failure
EVA-0259,0,82,19,36.9,98,-77.7,845,29.6,8.1,nominal
EVA-0259,5,84,19,36.8,98,-77.5,810,29.6,8.5,nominal
EVA-0259,10,89,19,36.8,97,-78.6,885,29.6,12.1,nominal
EVA-0259,15,94,19,36.9,98,-80.5,850,29.6,9.8,nominal
EVA-0259,20,90,21,37.0,98,-78.0,812,29.6,10.4,nominal
EVA-0259,25,95,21,37.0,98,-81.9,762,29.6,11.7,nominal
EVA-0259,30,102,23,37.0,98,-84.7,865,29.6,14.3,nominal
EVA-0259,35,107,22,37.0,98,-84.2,956,29.6,14.4,nominal
EVA-0259,40,110,23,37.1,98,-80.5,909,29.6,16.7,nominal
EVA-0259,45,106,24,37.1,98,-83.5,875,29.6,16.4,nominal
EVA-0259,50,110,23,37.1,98,-81.1,928,29.6,17.4,nominal
EVA-0259,55,114,23,37.1,98,-78.5,932,29.5,18.2,nominal
EVA-0259,60,113,23,37.2,98,-82.2,966,29.6,18.5,nominal
EVA-0259,65,117,24,37.1,97,-78.7,880,29.6,21.0,nominal
EVA-0259,70,118,24,37.1,98,-77.6,948,29.5,20.3,nominal
EVA-0259,75,122,25,37.3,97,-78.3,871,29.6,24.6,nominal
EVA-0259,80,123,26,37.2,98,-75.1,863,29.6,23.2,nominal
EVA-0259,85,116,25,37.2,98,-74.3,988,29.6,21.5,nominal
EVA-0259,90,127,27,37.2,98,-72.0,1022,29.6,24.7,nominal
EVA-0259,95,124,24,37.2,98,-71.4,976,29.6,21.7,nominal
EVA-0259,100,111,25,37.1,98,-70.4,981,29.6,20.2,nominal
EVA-0259,105,119,25,37.2,97,-67.8,1011,29.6,22.9,nominal
EVA-0259,110,116,25,37.2,98,-65.0,1056,29.7,21.4,nominal
EVA-0259,115,115,25,37.2,97,-63.2,1054,29.6,21.8,nominal
EVA-0259,120,121,26,37.2,98,-62.4,1038,29.6,23.3,nominal
EVA-0259,125,124,26,37.2,98,-60.3,1064,29.6,24.4,nominal
EVA-0259,130,118,25,37.1,98,-60.2,1079,29.6,20.7,nominal
EVA-0259,135,121,24,37.1,98,-57.9,1004,29.6,20.9,nominal
EVA-0259,140,112,24,37.1,98,-55.2,1086,29.6,18.6,nominal
EVA-0259,145,106,24,37.0,98,-53.6,1013,29.7,15.9,nominal
EVA-0259,150,106,23,37.1,98,-51.3,1129,29.6,15.7,nominal
EVA-0259,155,103,21,37.0,98,-48.5,1128,29.5,12.8,nominal
EVA-0259,160,107,23,37.1,98,-48.6,1103,29.7,16.1,nominal
EVA-0259,165,111,23,37.1,98,-48.5,1101,29.6,17.4,nominal
EVA-0259,170,106,24,37.1,98,-46.2,1171,29.6,16.9,nominal
EVA-0259,175,99,22,37.1,98,-43.3,1141,29.6,13.1,nominal
EVA-0259,180,107,21,37.0,98,-42.4,1150,29.5,14.1,nominal
EVA-0259,185,101,21,37.1,98,-42.0,1163,29.6,13.6,nominal
EVA-0259,190,100,21,36.9,98,-39.2,1175,29.6,13.1,nominal
EVA-0259,195,98,22,37.0,98,-38.8,1219,29.7,12.5,nominal
EVA-0259,200,96,21,37.0,98,-36.1,1104,29.6,10.9,nominal
EVA-0259,205,97,21,37.0,98,-33.9,1181,29.6,11.9,nominal
EVA-0259,210,94,19,37.0,98,-33.5,1104,29.7,8.3,nominal
EVA-0259,215,95,19,37.0,98,-35.2,1223,29.6,9.1,nominal
EVA-0259,220,92,21,37.0,98,-34.2,1186,29.5,10.4,nominal
EVA-0260,0,81,14,37.0,98,-84.3,767,29.5,1.9,nominal
EVA-0260,5,85,16,37.0,97,-84.1,877,29.6,6.5,nominal
EVA-0260,10,90,17,37.0,98,-81.6,772,29.5,6.6,nominal
EVA-0260,15,96,16,37.1,98,-82.0,815,29.6,7.1,nominal
EVA-0260,20,97,17,37.0,98,-81.6,752,29.6,7.3,nominal
EVA-0260,25,95,18,37.0,97,-82.0,837,29.6,9.1,nominal
EVA-0260,30,99,16,37.1,98,-79.2,922,29.6,7.6,nominal
EVA-0260,35,101,18,37.1,97,-79.4,807,29.5,11.8,nominal
EVA-0260,40,110,17,37.2,98,-80.1,893,29.6,13.3,nominal
EVA-0260,45,105,19,37.2,98,-78.7,849,29.7,13.1,nominal
EVA-0260,50,113,19,37.2,98,-76.5,865,29.6,15.6,nominal
EVA-0260,55,106,19,37.1,98,-78.8,901,29.6,12.9,nominal
EVA-0260,60,108,20,37.2,98,-75.8,824,29.6,16.0,nominal
EVA-0260,65,104,18,37.1,98,-73.9,853,29.6,11.4,nominal
EVA-0260,70,108,19,37.2,98,-73.7,854,29.6,13.2,nominal
EVA-0260,75,111,19,37.2,98,-72.3,978,29.6,14.1,nominal
EVA-0260,80,108,19,37.2,98,-74.7,957,29.6,14.1,nominal
EVA-0260,85,112,20,37.1,98,-72.8,961,29.5,15.3,nominal
EVA-0260,90,115,21,37.3,97,-69.3,969,29.6,19.0,nominal
EVA-0260,95,117,21,37.3,98,-68.9,968,29.6,18.6,nominal
EVA-0260,100,120,20,37.2,98,-68.7,865,29.6,17.3,nominal
EVA-0260,105,116,21,37.3,98,-67.1,919,29.6,18.8,nominal
EVA-0260,110,117,22,37.3,98,-65.8,943,29.6,19.7,nominal
EVA-0260,115,120,22,37.3,97,-66.1,966,29.6,21.4,nominal
EVA-0260,120,120,22,37.3,97,-65.4,922,29.7,21.0,nominal
EVA-0260,125,124,22,37.4,98,-65.2,912,29.6,21.9,nominal
EVA-0260,130,121,20,37.4,98,-60.9,934,29.7,21.3,nominal
EVA-0260,135,121,21,37.4,98,-61.6,955,29.6,21.2,nominal
EVA-0260,140,121,21,37.3,98,-59.0,980,29.6,19.9,nominal
EVA-0260,145,126,22,37.4,98,-61.5,1023,29.6,22.4,nominal
EVA-0260,150,121,21,37.3,98,-58.8,1004,29.6,21.2,nominal
EVA-0260,155,119,23,37.3,97,-59.6,1073,29.6,21.8,nominal
EVA-0260,160,123,22,37.3,98,-55.2,1053,29.7,21.6,nominal
EVA-0260,165,127,22,37.3,98,-53.2,1019,29.6,20.7,nominal
EVA-0260,170,118,22,37.3,98,-54.2,1060,29.6,20.4,nominal
EVA-0260,175,126,22,37.4,98,-56.2,1042,29.6,22.9,nominal
EVA-0260,180,120,23,37.3,98,-55.5,1028,29.6,21.2,nominal
EVA-0260,185,126,22,37.3,98,-53.6,1064,29.6,21.7,nominal
EVA-0260,190,118,21,37.3,98,-52.6,1087,29.7,18.7,nominal
EVA-0260,195,114,20,37.2,98,-51.5,1121,29.6,16.6,nominal
EVA-0260,200,114,20,37.3,97,-51.0,1182,29.6,18.2,nominal
EVA-0260,205,116,22,37.2,98,-51.0,1148,29.6,18.3,nominal
EVA-0260,210,116,20,37.2,98,-50.7,1053,29.6,16.7,nominal
EVA-0260,215,108,19,37.2,98,-51.0,1033,29.6,14.1,nominal
EVA-0260,220,111,20,37.2,98,-48.7,1170,29.6,15.8,nominal
EVA-0260,225,107,19,37.1,98,-52.0,1114,29.6,13.1,nominal
EVA-0260,230,106,18,37.1,97,-48.7,1095,29.6,12.7,nominal
EVA-0260,235,109,19,37.2,97,-48.2,1207,29.6,15.5,nominal
EVA-0260,240,106,19,37.2,97,-48.5,1133,29.6,14.9,nominal
EVA-0260,245,107,17,37.1,98,-47.1,1143,29.7,10.5,nominal
EVA-0260,250,104,19,37.1,98,-46.7,1127,29.6,12.2,nominal
EVA-0260,255,102,17,37.1,98,-47.5,1071,29.6,10.9,nominal
EVA-0260,260,109,18,37.1,98,-45.0,1129,29.6,12.6,nominal
EVA-0260,265,97,18,37.1,98,-48.6,1149,29.7,10.2,nominal
EVA-0260,270,100,19,37.2,98,-48.3,1111,29.6,12.2,nominal
EVA-0260,275,108,19,37.1,98,-48.3,1195,29.6,12.7,nominal
EVA-0260,280,101,17,37.2,98,-46.6,1211,29.6,11.4,nominal
EVA-0260,285,107,17,37.1,98,-47.7,1247,29.6,11.4,nominal
EVA-0260,290,105,17,37.2,98,-50.7,1180,29.6,12.1,nominal
EVA-0261,0,86,18,37.0,98,-84.8,749,29.6,6.4,seal_leak
EVA-0261,5,85,19,37.1,97,-85.1,702,29.6,9.7,seal_leak
EVA-0261,10,88,19,37.0,98,-83.4,672,29.6,7.9,seal_leak
EVA-0261,15,92,19,37.1,98,-84.7,719,29.7,9.6,seal_leak
EVA-0261,20,96,20,37.1,98,-84.4,752,29.6,11.1,seal_leak
EVA-0261,25,97,21,37.2,98,-85.1,693,29.6,13.5,seal_leak
EVA-0261,30,99,21,37.2,98,-85.8,734,29.6,13.3,seal_leak
EVA-0261,35,104,21,37.1,98,-84.3,750,29.6,13.5,seal_leak
EVA-0261,40,107,22,37.2,98,-88.0,750,29.6,17.3,seal_leak
EVA-0261,45,102,21,37.2,97,-86.9,723,29.6,16.3,seal_leak
EVA-0261,50,109,22,37.2,98,-86.4,813,29.6,18.2,seal_leak
EVA-0261,55,110,22,37.2,98,-85.9,690,29.6,16.6,seal_leak
EVA-0261,60,109,21,37.2,97,-86.2,752,29.4,18.1,seal_leak
EVA-0261,65,112,22,37.2,97,-85.5,747,29.3,20.6,seal_leak
EVA-0261,70,117,24,37.2,97,-83.9,752,29.1,23.1,seal_leak
EVA-0261,75,119,24,37.2,97,-86.8,832,28.9,24.2,seal_leak
EVA-0261,80,119,24,37.2,96,-83.3,756,28.7,25.6,seal_leak
EVA-0261,85,122,24,37.1,96,-85.1,807,28.5,24.5,seal_leak
EVA-0261,90,115,24,37.1,95,-84.3,766,28.3,24.9,seal_leak
EVA-0261,95,125,25,37.0,95,-84.1,773,28.0,28.0,seal_leak
EVA-0261,100,124,24,37.0,95,-83.4,740,27.8,27.5,seal_leak
EVA-0261,105,127,24,37.1,94,-81.8,773,27.6,30.4,seal_leak
EVA-0261,110,125,24,36.9,94,-84.2,718,27.2,30.1,seal_leak
EVA-0261,115,125,24,36.9,94,-83.1,719,26.9,32.6,seal_leak
EVA-0261,120,122,24,36.9,93,-81.0,710,26.6,33.0,seal_leak
EVA-0261,125,122,24,36.7,92,-82.1,686,26.3,36.6,seal_leak
EVA-0261,130,121,23,36.8,92,-82.8,714,26.0,35.7,seal_leak
EVA-0261,135,114,23,36.7,92,-79.1,736,25.7,37.1,seal_leak
EVA-0261,140,121,24,36.6,91,-80.1,689,25.3,42.1,seal_leak
EVA-0261,145,116,25,36.6,90,-77.4,667,25.0,45.1,seal_leak
EVA-0261,150,117,23,36.6,89,-78.3,743,24.6,44.9,seal_leak
EVA-0261,155,121,25,36.5,89,-75.6,664,24.3,51.4,seal_leak
EVA-0261,160,119,25,36.5,88,-75.9,687,23.9,51.3,seal_leak
EVA-0261,165,121,26,36.5,88,-76.2,657,23.4,54.4,seal_leak
EVA-0261,170,125,25,36.3,87,-76.1,677,23.1,58.0,seal_leak
EVA-0261,175,129,26,36.3,87,-74.0,636,22.7,61.0,seal_leak
EVA-0261,180,129,25,36.3,86,-72.8,625,22.2,62.2,seal_leak
EVA-0261,185,135,25,36.1,85,-72.8,614,21.9,68.1,seal_leak
EVA-0261,190,143,27,36.1,84,-72.7,598,21.4,71.8,seal_leak
EVA-0262,0,84,16,37.0,98,-71.1,627,29.6,4.5,nominal
EVA-0262,5,88,18,36.9,98,-70.5,495,29.6,7.7,nominal
EVA-0262,10,95,18,37.1,98,-65.9,536,29.6,10.1,nominal
EVA-0262,15,94,17,37.0,98,-68.4,617,29.6,7.1,nominal
EVA-0262,20,93,17,37.1,98,-67.1,648,29.6,7.8,nominal
EVA-0262,25,97,18,37.1,97,-67.0,630,29.5,11.1,nominal
EVA-0262,30,97,17,37.2,98,-62.3,713,29.6,10.4,nominal
EVA-0262,35,95,18,37.2,98,-62.8,667,29.6,10.4,nominal
EVA-0262,40,98,18,37.2,98,-59.5,707,29.6,10.4,nominal
EVA-0262,45,99,19,37.1,98,-59.3,714,29.7,11.3,nominal
EVA-0262,50,102,18,37.1,98,-56.6,716,29.7,11.2,nominal
EVA-0262,55,97,17,37.1,98,-58.1,778,29.7,9.3,nominal
EVA-0262,60,101,20,37.2,98,-56.0,725,29.5,13.3,nominal
EVA-0262,65,97,20,37.2,98,-53.9,836,29.6,12.3,nominal
EVA-0262,70,98,19,37.1,98,-53.0,839,29.6,10.4,nominal
EVA-0262,75,100,19,37.2,98,-52.5,856,29.6,11.3,nominal
EVA-0262,80,100,21,37.1,97,-52.7,931,29.6,14.1,nominal
EVA-0262,85,96,19,37.1,98,-53.1,864,29.6,9.7,nominal
EVA-0262,90,93,18,37.1,98,-52.2,868,29.6,9.1,nominal
EVA-0262,95,96,18,37.0,98,-54.4,900,29.7,8.9,nominal
EVA-0262,100,94,18,37.1,98,-53.5,877,29.6,9.3,nominal
EVA-0262,105,89,17,37.0,98,-51.6,909,29.6,6.5,nominal
EVA-0262,110,89,18,37.1,98,-52.6,892,29.6,8.4,nominal
EVA-0262,115,80,18,37.0,98,-55.8,1007,29.6,4.7,nominal
EVA-0262,120,81,17,37.1,98,-54.6,918,29.6,5.2,nominal
EVA-0262,125,76,16,37.0,98,-57.0,943,29.5,2.5,nominal
EVA-0263,0,91,16,36.9,99,-53.8,613,29.6,5.3,nominal
EVA-0263,5,88,15,37.0,99,-56.5,681,29.6,4.1,nominal
EVA-0263,10,95,15,37.0,99,-52.4,639,29.6,5.0,nominal
EVA-0263,15,85,15,37.0,99,-49.9,753,29.6,3.4,nominal
EVA-0263,20,89,17,37.0,99,-53.7,644,29.7,5.5,nominal
EVA-0263,25,94,15,37.0,99,-50.7,737,29.6,5.5,nominal
EVA-0263,30,95,16,37.0,98,-51.8,707,29.6,6.0,nominal
EVA-0263,35,96,17,37.1,99,-52.5,720,29.7,7.3,nominal
EVA-0263,40,99,17,37.0,98,-51.9,794,29.6,7.7,nominal
EVA-0263,45,97,17,37.0,99,-49.2,757,29.6,7.0,nominal
EVA-0263,50,99,16,37.0,98,-50.5,768,29.6,7.3,nominal
EVA-0263,55,98,18,37.1,98,-51.0,772,29.6,8.9,nominal
EVA-0263,60,102,17,37.0,99,-52.8,765,29.6,8.2,nominal
EVA-0263,65,93,18,37.0,99,-50.3,755,29.6,7.6,nominal
EVA-0263,70,94,17,37.1,98,-49.9,722,29.7,7.1,nominal
EVA-0263,75,101,17,37.1,99,-51.0,822,29.7,8.6,nominal
EVA-0263,80,96,17,37.1,99,-53.0,825,29.6,7.6,nominal
EVA-0263,85,105,17,37.2,99,-51.3,870,29.5,11.1,nominal
EVA-0263,90,98,16,37.0,99,-50.1,844,29.6,6.2,nominal
EVA-0263,95,99,18,37.1,99,-52.9,813,29.6,8.7,nominal
EVA-0263,100,105,16,37.1,99,-51.9,833,29.6,8.8,nominal
EVA-0263,105,104,17,37.1,99,-54.0,873,29.6,9.4,nominal
EVA-0263,110,101,18,37.1,98,-54.5,904,29.6,10.3,nominal
EVA-0263,115,100,19,37.1,99,-54.6,844,29.6,11.0,nominal
EVA-0263,120,100,16,37.2,99,-55.9,919,29.6,8.9,nominal
EVA-0263,125,101,17,37.1,99,-56.7,872,29.6,8.3,nominal
EVA-0263,130,100,16,37.0,99,-56.9,853,29.6,7.2,nominal
EVA-0263,135,99,17,37.1,99,-56.5,861,29.6,7.8,nominal
EVA-0263,140,105,19,37.0,99,-58.4,884,29.6,10.8,nominal
EVA-0263,145,98,16,37.1,98,-59.3,904,29.6,7.4,nominal
EVA-0263,150,99,15,37.1,99,-59.9,963,29.6,6.7,nominal
EVA-0263,155,100,18,37.1,99,-59.1,1003,29.6,9.7,nominal
EVA-0263,160,99,18,37.2,99,-63.1,916,29.6,10.0,nominal
EVA-0263,165,94,17,37.0,99,-62.0,871,29.6,6.4,nominal
EVA-0263,170,99,16,37.0,99,-62.7,913,29.6,6.9,nominal
EVA-0263,175,93,17,37.0,99,-64.9,933,29.6,6.3,nominal
EVA-0263,180,93,16,36.9,99,-64.2,967,29.5,6.4,nominal
EVA-0263,185,94,15,36.9,99,-65.5,880,29.6,4.9,nominal
EVA-0263,190,90,15,37.0,99,-66.5,1016,29.6,3.8,nominal
EVA-0263,195,91,15,37.0,99,-70.0,935,29.6,4.0,nominal
EVA-0263,200,91,16,37.0,99,-70.1,996,29.6,4.9,nominal
EVA-0263,205,92,17,36.9,99,-71.2,984,29.7,6.4,nominal
EVA-0263,210,93,17,37.0,99,-70.5,967,29.6,6.4,nominal
EVA-0263,215,90,15,36.9,99,-71.2,1064,29.5,4.8,nominal
EVA-0263,220,89,15,37.0,99,-73.4,991,29.6,4.3,nominal
EVA-0263,225,86,15,37.0,99,-74.3,975,29.6,3.0,nominal
EVA-0263,230,84,14,37.0,99,-72.2,1049,29.6,2.1,nominal
EVA-0263,235,82,14,37.0,99,-75.5,1072,29.6,1.9,nominal
EVA-0263,240,85,14,37.0,98,-75.9,1031,29.6,2.6,nominal
EVA-0263,245,80,14,36.9,99,-77.5,1055,29.6,2.4,nominal
EVA-0263,250,79,14,36.8,99,-76.4,1097,29.6,2.9,nominal
EVA-0263,255,78,14,37.0,99,-78.2,1051,29.7,0.8,nominal
EVA-0263,260,76,14,36.9,99,-79.1,1057,29.6,1.8,nominal
EVA-0263,265,81,15,36.9,99,-79.7,1111,29.5,2.9,nominal
EVA-0263,270,79,12,36.9,98,-81.0,1076,29.6,2.0,nominal
EVA-0263,275,86,13,36.8,99,-82.2,1055,29.5,4.7,nominal
EVA-0263,280,77,13,36.8,99,-81.5,1096,29.6,2.5,nominal
EVA-0263,285,76,14,37.0,99,-80.1,1060,29.5,0.8,nominal
EVA-0263,290,78,13,36.8,99,-82.7,1108,29.6,3.3,nominal
EVA-0263,295,85,14,36.9,99,-81.4,1161,29.5,3.4,nominal
EVA-0264,0,89,15,37.2,98,-65.3,710,29.7,7.0,scrubber_exhaustion
EVA-0264,5,92,15,37.4,98,-66.1,738,29.6,9.6,scrubber_exhaustion
EVA-0264,10,90,15,37.3,98,-61.1,767,29.6,7.7,scrubber_exhaustion
EVA-0264,15,90,16,37.3,98,-59.8,785,29.6,8.7,scrubber_exhaustion
EVA-0264,20,93,15,37.2,98,-60.2,803,29.6,8.0,scrubber_exhaustion
EVA-0264,25,97,17,37.3,98,-60.0,771,29.6,11.0,scrubber_exhaustion
EVA-0264,30,98,17,37.2,98,-57.0,1011,29.6,10.5,scrubber_exhaustion
EVA-0264,35,101,17,37.4,98,-55.2,1067,29.6,13.3,scrubber_exhaustion
EVA-0264,40,106,18,37.4,98,-56.0,1307,29.6,14.0,scrubber_exhaustion
EVA-0264,45,109,18,37.5,98,-55.8,1607,29.6,16.8,scrubber_exhaustion
EVA-0264,50,109,19,37.3,98,-55.8,1962,29.6,16.7,scrubber_exhaustion
EVA-0264,55,114,20,37.6,98,-55.1,2394,29.6,21.2,scrubber_exhaustion
EVA-0264,60,120,22,37.6,98,-54.8,2986,29.6,24.3,scrubber_exhaustion
EVA-0264,65,121,23,37.7,97,-55.4,3595,29.5,28.3,scrubber_exhaustion
EVA-0264,70,125,24,37.8,97,-56.3,4300,29.6,31.2,scrubber_exhaustion
EVA-0264,75,132,27,37.8,97,-53.7,5280,29.6,35.9,scrubber_exhaustion
EVA-0264,80,137,29,37.9,97,-56.6,6130,29.6,40.2,scrubber_exhaustion
EVA-0264,85,139,30,38.0,97,-57.9,7096,29.5,42.7,scrubber_exhaustion
EVA-0264,90,145,30,38.0,96,-58.0,8182,29.5,45.8,scrubber_exhaustion
EVA-0264,95,159,34,38.2,97,-59.1,9386,29.6,53.8,scrubber_exhaustion
EVA-0264,100,163,37,38.3,96,-60.7,10625,29.6,57.2,scrubber_exhaustion
EVA-0265,0,99,17,36.9,98,-62.5,567,29.5,9.5,nominal
EVA-0265,5,95,18,37.1,98,-62.2,523,29.6,9.4,nominal
EVA-0265,10,97,18,37.1,98,-60.9,541,29.6,8.6,nominal
EVA-0265,15,104,19,37.0,99,-62.6,505,29.6,10.3,nominal
EVA-0265,20,103,17,37.0,98,-65.0,598,29.5,9.2,nominal
EVA-0265,25,99,17,37.0,98,-64.2,521,29.6,7.6,nominal
EVA-0265,30,105,19,37.0,98,-63.8,593,29.6,11.2,nominal
EVA-0265,35,103,20,37.1,98,-67.4,619,29.7,12.0,nominal
EVA-0265,40,108,17,37.0,98,-66.7,625,29.6,9.5,nominal
EVA-0265,45,107,19,37.0,98,-64.3,526,29.7,11.8,nominal
EVA-0265,50,105,19,37.0,98,-67.0,525,29.6,10.4,nominal
EVA-0265,55,106,19,37.0,98,-64.8,561,29.6,10.3,nominal
EVA-0265,60,101,18,37.0,98,-63.5,562,29.6,9.2,nominal
EVA-0265,65,108,19,37.1,98,-63.4,712,29.6,12.0,nominal
EVA-0265,70,110,19,37.1,98,-63.2,641,29.6,13.4,nominal
EVA-0265,75,110,19,37.1,98,-60.6,574,29.5,11.9,nominal
EVA-0265,80,110,20,37.0,98,-60.4,594,29.6,12.8,nominal
EVA-0265,85,107,18,37.1,98,-57.7,716,29.5,11.3,nominal
EVA-0265,90,114,20,37.0,98,-60.5,711,29.6,13.5,nominal
EVA-0265,95,112,21,37.1,98,-58.6,601,29.7,15.8,nominal
EVA-0265,100,120,21,37.1,98,-56.7,702,29.6,16.5,nominal
EVA-0265,105,118,21,37.1,98,-53.7,660,29.6,16.9,nominal
EVA-0265,110,117,20,37.1,98,-52.9,673,29.6,15.3,nominal
EVA-0265,115,116,20,37.1,98,-52.7,628,29.7,15.9,nominal
EVA-0265,120,111,19,37.1,98,-51.8,679,29.6,13.6,nominal
EVA-0265,125,110,19,37.1,98,-50.3,657,29.5,13.0,nominal
EVA-0265,130,115,20,37.1,98,-45.2,768,29.7,15.3,nominal
EVA-0265,135,109,19,37.0,98,-45.5,674,29.7,11.5,nominal
EVA-0265,140,114,20,37.0,99,-43.5,777,29.6,14.2,nominal
EVA-0265,145,113,20,37.1,98,-43.2,715,29.6,14.7,nominal
EVA-0265,150,111,19,37.1,98,-40.2,653,29.6,12.2,nominal
EVA-0265,155,113,20,37.0,98,-39.4,717,29.5,14.8,nominal
EVA-0265,160,117,21,37.1,98,-36.5,697,29.6,16.2,nominal
EVA-0265,165,114,21,37.1,98,-35.3,781,29.6,15.4,nominal
EVA-0265,170,116,19,37.1,98,-34.0,714,29.6,13.4,nominal
EVA-0265,175,115,22,37.1,98,-30.0,753,29.7,16.3,nominal
EVA-0265,180,115,19,37.0,98,-28.3,795,29.6,12.5,nominal
EVA-0265,185,118,19,37.1,98,-27.6,733,29.5,15.2,nominal
EVA-0265,190,121,19,37.1,98,-28.8,857,29.6,15.8,nominal
EVA-0265,195,122,20,37.1,98,-26.5,811,29.6,16.1,nominal
EVA-0265,200,111,19,37.1,98,-25.0,813,29.6,14.4,nominal
EVA-0265,205,114,19,37.1,98,-20.3,748,29.6,14.2,nominal
EVA-0265,210,121,20,37.2,99,-20.0,800,29.6,16.3,nominal
EVA-0265,215,114,20,37.1,98,-18.5,818,29.7,13.9,nominal
EVA-0265,220,113,20,37.1,98,-20.1,782,29.6,13.2,nominal
EVA-0265,225,110,20,37.2,98,-20.1,884,29.5,14.1,nominal
EVA-0265,230,109,21,37.1,98,-16.2,853,29.6,14.5,nominal
EVA-0265,235,110,20,37.0,98,-19.5,820,29.5,12.4,nominal
EVA-0265,240,108,19,37.1,98,-16.1,851,29.6,12.5,nominal
EVA-0265,245,109,19,37.0,98,-15.0,875,29.7,11.7,nominal
EVA-0265,250,107,20,37.1,98,-16.8,970,29.5,13.4,nominal
EVA-0265,255,112,20,37.0,98,-13.4,906,29.7,13.4,nominal
EVA-0265,260,107,18,37.0,98,-15.5,858,29.6,11.6,nominal
EVA-0265,265,108,18,37.0,98,-14.8,872,29.6,10.1,nominal
EVA-0265,270,108,18,37.0,98,-14.8,891,29.5,10.5,nominal
EVA-0265,275,105,18,37.0,98,-15.5,942,29.6,9.8,nominal
EVA-0265,280,103,18,36.9,98,-16.8,941,29.6,10.6,nominal
EVA-0265,285,102,19,37.0,98,-17.7,952,29.6,9.8,nominal
EVA-0265,290,108,18,36.9,98,-16.9,934,29.6,11.4,nominal
EVA-0266,0,89,15,37.0,99,-89.9,601,29.6,4.5,seal_leak
EVA-0266,5,96,15,36.9,99,-87.1,634,29.6,6.2,seal_leak
EVA-0266,10,102,16,37.1,99,-87.4,569,29.7,8.4,seal_leak
EVA-0266,15,97,16,37.1,99,-84.3,624,29.6,7.3,seal_leak
EVA-0266,20,105,18,37.1,99,-81.5,679,29.6,10.2,seal_leak
EVA-0266,25,107,18,37.0,99,-81.9,725,29.5,10.1,seal_leak
EVA-0266,30,107,19,37.1,98,-78.1,695,29.3,12.4,seal_leak
EVA-0266,35,109,20,37.1,98,-72.0,628,29.0,14.0,seal_leak
EVA-0266,40,115,19,37.0,97,-71.1,670,28.7,14.9,seal_leak
EVA-0266,45,119,20,37.0,96,-69.8,641,28.3,19.4,seal_leak
EVA-0266,50,128,20,36.9,96,-65.3,620,27.8,23.5,seal_leak
EVA-0266,55,129,20,36.9,95,-64.9,667,27.3,24.7,seal_leak
EVA-0266,60,130,22,36.9,94,-59.7,664,26.8,30.9,seal_leak
EVA-0266,65,132,24,36.8,93,-56.9,642,26.3,35.7,seal_leak
EVA-0266,70,136,23,36.8,92,-55.2,674,25.6,39.7,seal_leak
EVA-0266,75,134,24,36.6,91,-54.0,624,25.1,44.3,seal_leak
EVA-0266,80,138,25,36.5,90,-49.3,625,24.4,49.8,seal_leak
EVA-0266,85,145,24,36.5,89,-50.6,629,23.8,53.5,seal_leak
EVA-0266,90,146,25,36.4,88,-51.6,626,23.1,58.3,seal_leak
EVA-0266,95,152,26,36.3,87,-49.0,580,22.3,66.3,seal_leak
EVA-0266,100,164,27,36.1,85,-47.3,656,21.6,74.1,seal_leak
EVA-0266,105,162,27,36.1,84,-47.2,610,20.8,75.3,seal_leak
EVA-0266,110,169,26,36.0,83,-53.1,581,20.1,76.8,seal_leak
EVA-0266,115,169,27,35.9,82,-52.1,571,19.3,79.1,seal_leak
EVA-0266,120,175,28,35.8,82,-53.0,558,18.4,82.0,seal_leak
EVA-0266,125,168,25,35.9,82,-54.3,584,17.6,76.3,seal_leak
EVA-0267,0,94,19,37.1,98,-66.0,556,29.6,9.8,nominal
EVA-0267,5,100,19,37.2,98,-64.8,696,29.7,12.5,nominal
EVA-0267,10,105,21,37.0,98,-62.6,584,29.6,12.1,nominal
EVA-0267,15,104,20,37.2,98,-61.4,625,29.6,13.7,nominal
EVA-0267,20,109,20,37.2,99,-62.8,705,29.6,14.9,nominal
EVA-0267,25,107,22,37.3,98,-62.8,784,29.6,16.6,nominal
EVA-0267,30,114,21,37.3,98,-62.4,706,29.6,17.6,nominal
EVA-0267,35,112,20,37.3,98,-61.9,653,29.6,17.1,nominal
EVA-0267,40,113,21,37.2,98,-62.3,625,29.6,16.4,nominal
EVA-0267,45,112,22,37.3,98,-59.6,787,29.6,17.6,nominal
EVA-0267,50,113,23,37.2,98,-61.4,832,29.6,18.5,nominal
EVA-0267,55,113,22,37.2,98,-60.3,821,29.6,18.2,nominal
EVA-0267,60,121,22,37.3,98,-60.1,794,29.6,20.2,nominal
EVA-0267,65,118,22,37.3,99,-63.2,766,29.6,19.4,nominal
EVA-0267,70,121,23,37.2,98,-61.6,837,29.7,20.9,nominal
EVA-0267,75,118,23,37.2,98,-59.9,844,29.6,19.4,nominal
EVA-0267,80,113,23,37.3,98,-58.9,931,29.6,19.1,nominal
EVA-0267,85,110,23,37.2,98,-60.2,879,29.6,18.6,nominal
EVA-0267,90,116,22,37.3,98,-59.8,910,29.6,18.6,nominal
EVA-0267,95,119,23,37.3,98,-62.1,879,29.5,21.7,nominal
EVA-0267,100,116,21,37.3,98,-61.0,854,29.5,17.8,nominal
EVA-0267,105,109,22,37.3,98,-62.8,910,29.5,18.3,nominal
EVA-0267,110,110,21,37.3,98,-60.8,817,29.6,16.9,nominal
EVA-0267,115,109,21,37.2,98,-62.0,939,29.6,15.9,nominal
EVA-0267,120,108,20,37.2,98,-60.4,968,29.5,15.4,nominal
EVA-0267,125,100,20,37.2,98,-63.0,943,29.7,13.9,nominal
EVA-0267,130,105,20,37.2,98,-65.4,998,29.6,14.1,nominal
EVA-0267,135,104,20,37.1,98,-63.7,1044,29.6,12.4,nominal
EVA-0267,140,101,20,37.1,98,-65.2,1016,29.6,12.3,nominal
EVA-0267,145,97,19,37.1,98,-64.1,1020,29.6,11.1,nominal
EVA-0267,150,88,19,37.0,98,-66.7,1020,29.6,7.4,nominal
EVA-0268,0,89,16,37.1,98,-78.3,741,29.5,6.6,heater_failure
EVA-0268,5,90,15,36.9,99,-78.1,643,29.6,4.8,heater_failure
EVA-0268,10,82,15,36.8,98,-79.6,740,29.6,4.7,heater_failure
EVA-0268,15,90,17,36.9,99,-77.7,664,29.6,7.2,heater_failure
EVA-0268,20,88,16,36.9,98,-76.4,756,29.6,6.4,heater_failure
EVA-0268,25,87,18,36.9,99,-77.2,740,29.6,7.6,heater_failure
EVA-0268,30,88,16,36.6,98,-79.6,752,29.6,9.5,heater_failure
EVA-0268,35,92,19,36.9,98,-75.5,705,29.6,9.6,heater_failure
EVA-0268,40,92,16,36.6,99,-75.3,762,29.7,10.0,heater_failure
EVA-0268,45,94,18,36.7,99,-76.2,739,29.6,10.8,heater_failure
EVA-0268,50,90,17,36.6,99,-75.7,745,29.6,10.8,heater_failure
EVA-0268,55,99,19,36.6,99,-76.2,855,29.6,13.6,heater_failure
EVA-0268,60,101,18,36.6,98,-75.9,936,29.6,14.3,heater_failure
EVA-0268,65,101,18,36.4,98,-77.4,784,29.6,15.9,heater_failure
EVA-0268,70,101,19,36.5,98,-75.8,848,29.5,16.1,heater_failure
EVA-0268,75,110,21,36.2,98,-79.4,883,29.6,23.1,heater_failure
EVA-0268,80,106,20,36.3,98,-77.0,823,29.6,20.2,heater_failure
EVA-0268,85,112,19,36.3,98,-75.8,822,29.6,20.8,heater_failure
EVA-0268,90,102,18,36.3,99,-75.2,873,29.7,17.2,heater_failure
EVA-0268,95,106,18,36.2,99,-76.6,885,29.7,19.5,heater_failure
EVA-0268,100,102,17,36.2,98,-75.7,782,29.6,19.0,heater_failure
EVA-0268,105,107,19,36.0,99,-77.4,918,29.7,23.6,heater_failure
EVA-0268,110,110,17,35.9,99,-76.7,954,29.6,23.2,heater_failure
EVA-0268,115,106,19,36.0,98,-76.8,951,29.6,22.9,heater_failure
EVA-0268,120,113,19,35.5,98,-80.7,928,29.6,30.4,heater_failure
EVA-0268,125,114,18,35.7,99,-77.1,885,29.6,27.8,heater_failure
EVA-0268,130,113,17,35.6,99,-78.1,982,29.6,27.2,heater_failure
EVA-0268,135,107,18,35.5,99,-78.2,938,29.6,28.4,heater_failure
EVA-0268,140,105,16,35.6,98,-77.6,970,29.5,25.5,heater_failure
EVA-0268,145,101,16,35.2,98,-79.6,995,29.6,29.2,heater_failure
EVA-0268,150,87,16,35.1,98,-79.2,1042,29.6,28.0,heater_failure
EVA-0268,155,96,13,35.2,98,-79.4,1064,29.6,27.0,heater_failure
EVA-0268,160,86,14,35.0,98,-79.3,1037,29.6,26.9,heater_failure
EVA-0268,165,69,11,34.5,98,-82.6,1040,29.6,25.8,heater_failure
EVA-0268,170,81,13,34.9,99,-79.5,1085,29.6,26.0,heater_failure
EVA-0268,175,78,12,34.8,98,-79.7,1022,29.5,25.5,heater_failure
EVA-0268,180,68,12,34.3,98,-82.4,1041,29.6,25.3,heater_failure
EVA-0268,185,62,11,34.4,98,-82.0,1149,29.6,26.2,heater_failure
EVA-0268,190,69,10,34.6,98,-80.0,1160,29.5,25.0,heater_failure
EVA-0269,0,84,17,37.1,98,-62.6,852,29.6,6.3,scrubber_exhaustion
EVA-0269,5,76,18,37.0,97,-63.5,804,29.6,7.1,scrubber_exhaustion
EVA-0269,10,86,18,37.0,98,-64.5,861,29.6,5.7,scrubber_exhaustion
EVA-0269,15,84,16,37.2,98,-62.1,867,29.6,6.2,scrubber_exhaustion
EVA-0269,20,79,17,37.1,98,-58.7,958,29.6,5.9,scrubber_exhaustion
EVA-0269,25,84,18,37.1,98,-58.1,927,29.7,6.8,scrubber_exhaustion
EVA-0269,30,84,18,37.1,98,-57.1,904,29.6,7.8,scrubber_exhaustion
EVA-0269,35,89,19,37.1,98,-56.4,838,29.5,9.5,scrubber_exhaustion
EVA-0269,40,88,19,37.1,98,-52.2,861,29.6,8.6,scrubber_exhaustion
EVA-0269,45,84,17,37.1,98,-53.7,813,29.6,5.7,scrubber_exhaustion
EVA-0269,50,86,18,37.1,98,-50.6,925,29.6,8.3,scrubber_exhaustion
EVA-0269,55,88,19,37.1,98,-48.2,975,29.6,8.2,scrubber_exhaustion
EVA-0269,60,88,18,37.1,98,-46.5,980,29.6,8.7,scrubber_exhaustion
EVA-0269,65,90,18,37.1,98,-46.2,1054,29.7,9.9,scrubber_exhaustion
EVA-0269,70,82,18,37.1,97,-42.5,1195,29.7,7.6,scrubber_exhaustion
EVA-0269,75,95,18,37.1,97,-41.1,1155,29.6,10.3,scrubber_exhaustion
EVA-0269,80,90,18,37.2,98,-40.0,1281,29.6,9.4,scrubber_exhaustion
EVA-0269,85,96,20,37.1,98,-38.3,1482,29.6,12.6,scrubber_exhaustion
EVA-0269,90,99,20,37.1,98,-38.1,1587,29.7,12.2,scrubber_exhaustion
EVA-0269,95,103,20,37.2,98,-34.1,1864,29.6,13.6,scrubber_exhaustion
EVA-0269,100,104,22,37.2,98,-33.8,2084,29.6,17.8,scrubber_exhaustion
EVA-0269,105,103,23,37.3,98,-35.4,2313,29.6,18.4,scrubber_exhaustion
EVA-0269,110,97,22,37.2,98,-34.2,2608,29.7,15.5,scrubber_exhaustion
EVA-0269,115,106,24,37.4,97,-32.2,2967,29.6,21.3,scrubber_exhaustion
EVA-0269,120,108,24,37.3,97,-32.6,3315,29.6,21.4,scrubber_exhaustion
EVA-0269,125,106,24,37.3,97,-33.3,3714,29.6,23.1,scrubber_exhaustion
EVA-0269,130,102,25,37.5,97,-34.9,4205,29.6,23.4,scrubber_exhaustion
EVA-0269,135,114,26,37.5,97,-35.2,4637,29.7,26.7,scrubber_exhaustion
EVA-0269,140,107,25,37.5,98,-34.7,5083,29.6,24.5,scrubber_exhaustion
EVA-0269,145,111,26,37.5,97,-33.6,5602,29.6,28.2,scrubber_exhaustion
EVA-0269,150,103,26,37.6,97,-35.2,6063,29.6,26.5,scrubber_exhaustion
EVA-0269,155,115,28,37.5,97,-37.1,6705,29.6,31.4,scrubber_exhaustion
EVA-0269,160,122,31,37.8,97,-38.3,7231,29.7,37.3,scrubber_exhaustion
EVA-0269,165,122,32,37.7,96,-43.4,7933,29.6,39.0,scrubber_exhaustion
EVA-0269,170,136,33,37.9,96,-41.9,8651,29.6,45.4,scrubber_exhaustion
EVA-0269,175,139,34,37.9,96,-43.6,9308,29.6,48.5,scrubber_exhaustion
EVA-0269,180,150,36,38.1,96,-47.4,10029,29.6,53.7,scrubber_exhaustion
EVA-0269,185,148,36,38.1,96,-44.8,10698,29.6,52.6,scrubber_exhaustion
EVA-0270,0,87,15,37.2,99,-46.2,819,29.6,5.7,nominal
EVA-0270,5,87,16,37.1,98,-45.2,816,29.7,5.7,nominal
EVA-0270,10,85,16,37.3,98,-47.4,836,29.7,7.5,nominal
EVA-0270,15,94,16,37.2,99,-46.8,766,29.6,8.2,nominal
EVA-0270,20,88,17,37.2,99,-49.8,837,29.7,7.8,nominal
EVA-0270,25,93,17,37.2,99,-50.6,821,29.6,9.7,nominal
EVA-0270,30,102,18,37.3,98,-50.7,800,29.6,12.4,nominal
EVA-0270,35,99,17,37.3,99,-51.6,821,29.6,10.9,nominal
EVA-0270,40,99,18,37.3,98,-51.5,865,29.6,12.1,nominal
EVA-0270,45,101,17,37.3,98,-56.4,861,29.5,11.3,nominal
EVA-0270,50,99,19,37.3,98,-54.0,868,29.5,13.8,nominal
EVA-0270,55,103,19,37.3,99,-56.5,881,29.6,13.4,nominal
EVA-0270,60,111,19,37.4,98,-55.9,841,29.5,16.5,nominal
EVA-0270,65,105,19,37.3,99,-57.6,807,29.7,15.0,nominal
EVA-0270,70,106,20,37.4,99,-56.4,843,29.6,16.2,nominal
EVA-0270,75,110,19,37.4,98,-58.3,922,29.6,16.7,nominal
EVA-0270,80,112,20,37.4,98,-59.5,826,29.5,17.5,nominal
EVA-0270,85,110,20,37.4,99,-58.8,898,29.6,17.6,nominal
EVA-0270,90,109,19,37.3,99,-56.1,912,29.6,15.3,nominal
EVA-0270,95,110,20,37.4,98,-56.6,946,29.6,17.0,nominal
EVA-0270,100,105,21,37.4,99,-55.8,864,29.6,16.9,nominal
EVA-0270,105,107,18,37.4,99,-59.5,827,29.7,15.1,nominal
EVA-0270,110,102,20,37.4,99,-54.8,911,29.6,15.8,nominal
EVA-0270,115,107,18,37.4,98,-53.7,970,29.6,15.3,nominal
EVA-0270,120,108,19,37.4,98,-57.4,1015,29.6,15.7,nominal
EVA-0270,125,110,19,37.4,99,-55.2,930,29.6,16.7,nominal
EVA-0270,130,107,20,37.3,99,-55.8,930,29.6,15.1,nominal
EVA-0270,135,114,20,37.4,98,-53.4,987,29.5,18.1,nominal
EVA-0270,140,109,20,37.4,98,-51.7,1077,29.6,16.5,nominal
EVA-0270,145,112,19,37.3,99,-54.1,1012,29.5,16.1,nominal
EVA-0270,150,112,20,37.4,98,-53.6,1023,29.6,16.8,nominal
EVA-0270,155,111,19,37.4,99,-51.5,1095,29.6,16.2,nominal
EVA-0270,160,109,20,37.4,99,-45.8,1056,29.6,18.0,nominal
EVA-0270,165,109,19,37.4,98,-48.2,1030,29.6,16.8,nominal
EVA-0270,170,112,20,37.4,99,-47.6,980,29.5,18.3,nominal
EVA-0270,175,115,19,37.4,99,-45.9,1041,29.6,16.6,nominal
EVA-0270,180,103,20,37.3,99,-44.7,1078,29.6,14.0,nominal
EVA-0270,185,104,17,37.3,98,-44.6,1006,29.6,12.6,nominal
EVA-0270,190,104,20,37.3,99,-44.0,1103,29.6,14.1,nominal
EVA-0270,195,104,19,37.3,98,-43.5,1064,29.6,14.5,nominal
EVA-0270,200,99,18,37.3,99,-41.5,1067,29.6,12.5,nominal
EVA-0270,205,99,18,37.3,99,-39.3,1043,29.6,12.2,nominal
EVA-0270,210,104,18,37.3,98,-38.3,1108,29.6,13.1,nominal
EVA-0270,215,104,18,37.3,98,-39.2,1131,29.5,13.2,nominal
EVA-0270,220,93,16,37.2,98,-37.7,1060,29.7,8.1,nominal
EVA-0270,225,97,16,37.2,99,-38.0,1139,29.6,9.0,nominal
EVA-0270,230,88,16,37.2,99,-34.4,1164,29.6,7.2,nominal
EVA-0270,235,91,17,37.1,98,-34.2,1169,29.5,7.0,nominal
EVA-0270,240,86,15,37.2,99,-34.3,1149,29.6,5.8,nominal
EVA-0270,245,85,15,37.1,99,-33.7,1132,29.6,3.6,nominal
EVA-0270,250,86,15,37.2,99,-33.7,1143,29.7,6.0,nominal
EVA-0270,255,89,16,37.1,98,-31.8,1099,29.6,6.0,nominal
EVA-0270,260,80,15,37.2,98,-29.5,1142,29.6,4.0,nominal
EVA-0270,265,85,15,37.1,99,-31.8,1165,29.6,3.2,nominal
EVA-0270,270,84,15,37.1,99,-32.1,1149,29.7,3.5,nominal
EVA-0271,0,82,15,37.0,99,-41.1,714,29.6,2.8,seal_leak
EVA-0271,5,84,17,37.1,100,-40.9,535,29.7,5.5,seal_leak
EVA-0271,10,87,17,37.1,99,-39.6,516,29.5,6.6,seal_leak
EVA-0271,15,85,16,37.1,99,-41.0,663,29.7,4.6,seal_leak
EVA-0271,20,88,16,37.0,99,-40.8,646,29.7,5.1,seal_leak
EVA-0271,25,94,17,37.1,99,-39.1,684,29.6,8.2,seal_leak
EVA-0271,30,86,17,37.1,99,-38.7,760,29.6,6.8,seal_leak
EVA-0271,35,95,19,37.2,99,-36.8,728,29.6,10.4,seal_leak
EVA-0271,40,99,17,37.3,99,-37.4,717,29.6,10.6,seal_leak
EVA-0271,45,99,17,37.1,99,-35.7,661,29.6,9.0,seal_leak
EVA-0271,50,99,16,37.1,99,-36.6,686,29.6,8.3,seal_leak
EVA-0271,55,101,19,37.2,99,-32.9,742,29.6,12.2,seal_leak
EVA-0271,60,103,19,37.2,99,-35.4,705,29.5,13.1,seal_leak
EVA-0271,65,102,19,37.3,99,-34.3,769,29.6,13.7,seal_leak
EVA-0271,70,102,19,37.2,99,-35.3,751,29.6,12.3,seal_leak
EVA-0271,75,109,19,37.2,99,-34.7,740,29.6,13.8,seal_leak
EVA-0271,80,107,19,37.2,99,-33.5,807,29.5,14.1,seal_leak
EVA-0271,85,115,21,37.3,99,-33.7,751,29.6,18.0,seal_leak
EVA-0271,90,116,20,37.3,99,-32.7,700,29.5,17.5,seal_leak
EVA-0271,95,118,20,37.3,99,-32.2,812,29.4,18.1,seal_leak
EVA-0271,100,119,22,37.3,99,-30.8,756,29.3,20.3,seal_leak
EVA-0271,105,123,21,37.2,99,-32.4,744,29.2,19.1,seal_leak
EVA-0271,110,122,22,37.2,98,-33.1,746,29.1,19.1,seal_leak
EVA-0271,115,124,20,37.3,97,-33.7,724,28.9,19.3,seal_leak
EVA-0271,120,124,22,37.2,97,-34.1,852,28.7,21.9,seal_leak
EVA-0271,125,128,23,37.2,97,-33.8,690,28.6,22.7,seal_leak
EVA-0271,130,127,24,37.3,97,-33.1,753,28.4,26.1,seal_leak
EVA-0271,135,126,23,37.2,97,-32.1,743,28.2,24.3,seal_leak
EVA-0271,140,128,21,37.2,97,-33.3,762,28.0,22.6,seal_leak
EVA-0271,145,126,23,37.2,96,-34.2,713,27.8,26.7,seal_leak
EVA-0271,150,130,23,37.2,96,-35.6,769,27.6,26.9,seal_leak
EVA-0271,155,126,24,37.2,95,-35.3,706,27.4,28.9,seal_leak
EVA-0271,160,129,24,37.1,95,-34.4,695,27.1,29.2,seal_leak
EVA-0271,165,128,23,37.0,95,-34.4,711,26.8,27.0,seal_leak
EVA-0271,170,135,24,37.0,94,-34.3,716,26.6,31.8,seal_leak
EVA-0271,175,129,26,36.9,94,-34.6,736,26.2,34.6,seal_leak
EVA-0271,180,131,24,37.0,93,-37.4,649,26.1,33.6,seal_leak
EVA-0271,185,127,24,36.8,93,-37.5,717,25.8,35.9,seal_leak
EVA-0271,190,135,25,36.8,92,-36.1,713,25.5,39.1,seal_leak
EVA-0271,195,128,23,36.7,92,-36.3,698,25.1,39.9,seal_leak
EVA-0271,200,134,23,36.7,92,-38.1,666,24.9,41.7,seal_leak
EVA-0271,205,129,24,36.7,91,-36.6,647,24.6,42.4,seal_leak
EVA-0271,210,129,23,36.7,91,-37.7,670,24.2,42.6,seal_leak
EVA-0271,215,133,25,36.5,90,-38.8,655,23.9,49.3,seal_leak
EVA-0271,220,125,23,36.5,89,-39.7,597,23.6,47.4,seal_leak
EVA-0271,225,129,24,36.5,88,-42.8,660,23.2,52.8,seal_leak
EVA-0271,230,129,23,36.4,88,-42.4,607,22.9,53.1,seal_leak
EVA-0271,235,135,24,36.3,88,-41.9,601,22.6,56.2,seal_leak
EVA-0271,240,137,25,36.2,87,-40.5,639,22.3,61.8,seal_leak
EVA-0271,245,140,24,36.1,87,-41.4,607,21.9,62.2,seal_leak
EVA-0271,250,142,23,36.1,86,-44.4,590,21.5,65.3,seal_leak
EVA-0271,255,134,23,36.1,85,-42.9,576,21.1,64.8,seal_leak
EVA-0271,260,142,24,36.1,85,-45.7,570,20.7,68.8,seal_leak
EVA-0272,0,71,16,37.1,99,-46.9,799,29.7,3.4,scrubber_exhaustion
EVA-0272,5,86,17,37.2,99,-48.4,766,29.6,7.3,scrubber_exhaustion
EVA-0272,10,84,18,37.2,99,-47.8,801,29.6,7.3,scrubber_exhaustion
EVA-0272,15,89,18,37.1,99,-49.2,873,29.7,8.0,scrubber_exhaustion
EVA-0272,20,90,18,37.2,99,-51.3,878,29.6,9.8,scrubber_exhaustion
EVA-0272,25,94,19,37.3,99,-50.0,909,29.6,11.9,scrubber_exhaustion
EVA-0272,30,96,20,37.4,99,-50.6,1003,29.6,14.2,scrubber_exhaustion
EVA-0272,35,98,19,37.3,99,-54.6,962,29.6,12.7,scrubber_exhaustion
EVA-0272,40,103,19,37.3,99,-54.9,884,29.6,13.7,scrubber_exhaustion
EVA-0272,45,99,20,37.4,99,-57.0,958,29.6,14.7,scrubber_exhaustion
EVA-0272,50,101,20,37.4,99,-59.6,1020,29.5,15.0,scrubber_exhaustion
EVA-0272,55,98,20,37.3,99,-59.4,992,29.6,13.5,scrubber_exhaustion
EVA-0272,60,99,20,37.2,99,-62.8,1044,29.6,13.7,scrubber_exhaustion
EVA-0272,65,98,20,37.5,99,-65.3,1313,29.5,15.9,scrubber_exhaustion
EVA-0272,70,100,21,37.4,99,-65.7,1565,29.5,16.7,scrubber_exhaustion
EVA-0272,75,99,22,37.4,99,-66.5,1989,29.6,16.9,scrubber_exhaustion
EVA-0272,80,98,22,37.4,99,-67.9,2572,29.6,16.8,scrubber_exhaustion
EVA-0272,85,107,24,37.5,98,-68.2,3409,29.6,22.2,scrubber_exhaustion
EVA-0272,90,107,25,37.6,99,-69.1,4147,29.6,24.1,scrubber_exhaustion
EVA-0272,95,119,29,37.7,98,-67.8,5200,29.6,31.6,scrubber_exhaustion
EVA-0272,100,132,30,37.9,98,-66.7,6361,29.6,37.7,scrubber_exhaustion
EVA-0272,105,141,34,37.9,98,-67.2,7705,29.6,43.3,scrubber_exhaustion
EVA-0272,110,149,36,38.2,98,-66.3,9096,29.6,49.5,scrubber_exhaustion
EVA-0272,115,163,40,38.2,97,-64.9,10704,29.6,55.2,scrubber_exhaustion
EVA-0273,0,89,14,37.2,98,-78.5,817,29.6,4.9,heater_failure
EVA-0273,5,89,15,37.2,98,-76.5,830,29.6,5.8,heater_failure
EVA-0273,10,91,15,37.1,98,-76.9,813,29.6,5.7,heater_failure
EVA-0273,15,95,15,37.0,98,-78.1,819,29.6,6.0,heater_failure
EVA-0273,20,105,17,37.0,98,-76.6,849,29.6,8.8,heater_failure
EVA-0273,25,101,17,37.1,98,-77.1,890,29.6,8.6,heater_failure
EVA-0273,30,101,17,37.0,98,-78.2,881,29.6,8.3,heater_failure
EVA-0273,35,102,17,37.0,98,-76.8,903,29.5,8.0,heater_failure
EVA-0273,40,102,15,36.8,98,-76.0,805,29.6,8.1,heater_failure
EVA-0273,45,98,15,37.0,98,-71.9,852,29.6,6.2,heater_failure
EVA-0273,50,98,16,36.8,99,-74.6,880,29.6,8.7,heater_failure
EVA-0273,55,96,15,36.8,98,-75.2,937,29.6,8.0,heater_failure
EVA-0273,60,95,16,36.7,98,-78.1,945,29.6,9.9,heater_failure
EVA-0273,65,100,16,36.7,98,-75.6,968,29.6,9.7,heater_failure
EVA-0273,70,101,15,36.7,98,-74.0,934,29.6,10.4,heater_failure
EVA-0273,75,102,15,36.6,98,-75.0,965,29.6,10.9,heater_failure
EVA-0273,80,103,15,36.6,98,-74.3,1050,29.6,11.5,heater_failure
EVA-0273,85,98,16,36.5,98,-75.0,982,29.6,12.6,heater_failure
EVA-0273,90,102,16,36.5,98,-74.4,908,29.6,13.2,heater_failure
EVA-0273,95,103,17,36.2,98,-77.8,1024,29.7,18.3,heater_failure
EVA-0273,100,102,16,36.3,98,-73.8,1066,29.5,15.7,heater_failure
EVA-0273,105,97,15,36.3,98,-74.9,1074,29.6,13.4,heater_failure
EVA-0273,110,105,16,36.2,98,-74.5,1019,29.6,17.4,heater_failure
EVA-0273,115,111,16,36.1,98,-75.9,1032,29.6,20.4,heater_failure
EVA-0273,120,110,14,36.1,98,-75.5,1088,29.5,18.4,heater_failure
EVA-0273,125,104,17,36.1,98,-75.5,1071,29.6,18.9,heater_failure
EVA-0273,130,110,15,35.9,98,-76.7,1100,29.5,22.3,heater_failure
EVA-0273,135,105,16,35.7,98,-77.7,1060,29.6,23.9,heater_failure
EVA-0273,140,106,14,35.5,98,-78.3,1113,29.6,24.8,heater_failure
EVA-0273,145,109,13,35.6,98,-77.3,1083,29.6,24.2,heater_failure
EVA-0273,150,101,13,35.4,98,-78.5,1108,29.6,25.1,heater_failure
EVA-0273,155,96,12,35.3,98,-78.5,1079,29.7,26.0,heater_failure
EVA-0273,160,95,13,35.5,99,-76.2,1102,29.6,22.7,heater_failure
EVA-0273,165,94,11,35.3,98,-76.3,1084,29.7,24.6,heater_failure
EVA-0273,170,83,11,35.0,98,-78.9,1089,29.6,26.4,heater_failure
EVA-0273,175,90,13,35.3,98,-77.2,1127,29.6,24.7,heater_failure
EVA-0273,180,77,10,34.8,98,-79.3,1199,29.6,25.4,heater_failure
EVA-0273,185,71,10,34.8,98,-79.8,1201,29.6,25.4,heater_failure
EVA-0273,190,79,10,34.8,98,-79.2,1239,29.6,26.5,heater_failure
EVA-0273,195,73,8,34.6,98,-80.9,1191,29.6,25.4,heater_failure
EVA-0273,200,70,7,34.6,98,-80.7,1154,29.6,25.2,heater_failure
EVA-0274,0,90,19,37.0,98,-85.3,577,29.5,7.7,nominal
EVA-0274,5,86,20,36.9,98,-85.0,588,29.6,8.8,nominal
EVA-0274,10,93,22,36.9,98,-85.2,536,29.5,11.5,nominal
EVA-0274,15,94,20,36.9,99,-83.2,562,29.7,10.5,nominal
EVA-0274,20,95,20,36.9,98,-81.5,549,29.6,10.7,nominal
EVA-0274,25,98,21,37.0,98,-82.3,535,29.6,11.4,nominal
EVA-0274,30,105,23,37.0,98,-79.2,515,29.7,14.4,nominal
EVA-0274,35,101,23,37.1,98,-80.7,734,29.7,14.8,nominal
EVA-0274,40,104,22,37.0,99,-79.3,617,29.6,12.9,nominal
EVA-0274,45,101,23,37.0,98,-77.3,673,29.6,13.9,nominal
EVA-0274,50,102,21,37.1,99,-75.7,721,29.6,12.8,nominal
EVA-0274,55,100,22,37.2,99,-74.8,687,29.6,14.3,nominal
EVA-0274,60,105,23,37.1,98,-72.9,686,29.5,15.4,nominal
EVA-0274,65,102,23,37.1,98,-71.5,716,29.6,14.0,nominal
EVA-0274,70,116,22,37.0,98,-68.9,802,29.6,16.0,nominal
EVA-0274,75,106,23,37.1,99,-68.8,723,29.6,15.0,nominal
EVA-0274,80,111,24,37.1,98,-67.7,665,29.6,17.1,nominal
EVA-0274,85,108,23,37.1,98,-65.4,691,29.6,16.1,nominal
EVA-0274,90,104,23,37.1,98,-66.5,708,29.6,16.0,nominal
EVA-0274,95,108,22,37.1,99,-64.5,751,29.6,15.5,nominal
EVA-0274,100,113,23,37.0,99,-60.3,716,29.7,16.4,nominal
EVA-0274,105,103,23,37.1,98,-60.6,753,29.5,14.7,nominal
EVA-0274,110,106,23,37.1,99,-59.6,783,29.7,15.4,nominal
EVA-0274,115,105,21,36.9,98,-56.7,844,29.7,13.7,nominal
EVA-0274,120,97,21,37.0,98,-56.1,770,29.6,11.4,nominal
EVA-0274,125,92,22,37.1,98,-53.6,846,29.6,11.7,nominal
EVA-0274,130,94,21,37.0,99,-54.1,841,29.6,10.2,nominal
EVA-0274,135,98,21,36.9,98,-51.0,871,29.6,12.0,nominal
EVA-0274,140,91,21,37.0,98,-51.9,742,29.6,10.1,nominal
EVA-0274,145,96,20,36.9,98,-49.5,779,29.6,10.3,nominal
EVA-0274,150,94,20,37.0,98,-49.7,801,29.6,9.4,nominal
EVA-0274,155,93,20,37.0,98,-50.1,940,29.6,9.5,nominal
EVA-0274,160,89,19,37.0,99,-48.6,855,29.6,7.6,nominal
EVA-0274,165,92,22,36.9,98,-47.9,847,29.6,11.1,nominal
EVA-0274,170,93,19,37.0,98,-47.8,904,29.7,8.9,nominal
EVA-0274,175,95,21,36.9,98,-48.3,1013,29.6,11.8,nominal
EVA-0274,180,86,19,36.9,99,-45.5,899,29.6,7.8,nominal
EVA-0274,185,87,20,36.9,98,-46.9,910,29.7,10.6,nominal
EVA-0274,190,86,20,36.9,99,-50.0,993,29.6,8.2,nominal
EVA-0274,195,79,17,36.9,98,-47.3,971,29.6,5.4,nominal
EVA-0274,200,83,18,36.8,98,-47.2,970,29.6,7.3,nominal
EVA-0274,205,79,20,36.9,98,-50.7,959,29.5,7.4,nominal
EVA-0274,210,84,19,36.9,99,-49.7,1003,29.6,7.0,nominal
EVA-0275,0,88,18,36.9,98,-64.8,636,29.6,8.5,nominal
EVA-0275,5,90,18,36.8,98,-66.0,571,29.5,9.3,nominal
EVA-0275,10,91,18,36.8,98,-68.2,556,29.6,9.2,nominal
EVA-0275,15,93,17,36.9,98,-69.5,590,29.6,8.0,nominal
EVA-0275,20,96,17,37.0,99,-71.3,661,29.7,6.9,nominal
EVA-0275,25,97,18,36.9,98,-72.2,494,29.6,9.7,nominal
EVA-0275,30,96,19,37.0,98,-75.3,653,29.6,9.3,nominal
EVA-0275,35,101,19,37.0,98,-75.8,639,29.6,10.2,nominal
EVA-0275,40,103,20,37.0,98,-78.4,633,29.6,11.0,nominal
EVA-0275,45,102,20,37.0,98,-76.5,597,29.6,11.1,nominal
EVA-0275,50,102,19,37.0,98,-80.4,717,29.5,9.6,nominal
EVA-0275,55,103,22,37.1,98,-80.8,690,29.6,13.2,nominal
EVA-0275,60,106,19,37.0,98,-79.8,737,29.6,11.2,nominal
EVA-0275,65,108,21,37.1,98,-78.5,679,29.6,14.5,nominal
EVA-0275,70,106,20,37.0,98,-80.3,658,29.6,13.1,nominal
EVA-0275,75,106,21,37.1,98,-78.9,702,29.6,15.0,nominal
EVA-0275,80,107,20,37.1,98,-77.9,761,29.6,13.3,nominal
EVA-0275,85,105,21,37.0,98,-77.4,702,29.6,13.0,nominal
EVA-0275,90,101,20,36.9,98,-75.2,804,29.6,11.8,nominal
EVA-0275,95,108,21,37.0,98,-73.6,886,29.6,13.3,nominal
EVA-0275,100,106,18,37.0,98,-69.3,713,29.6,10.3,nominal
EVA-0275,105,105,20,36.9,98,-68.6,806,29.6,12.3,nominal
EVA-0275,110,97,20,37.0,99,-67.2,844,29.6,10.4,nominal
EVA-0275,115,99,19,37.0,98,-62.1,857,29.6,10.1,nominal
EVA-0275,120,100,20,37.0,98,-59.9,938,29.6,10.2,nominal
EVA-0275,125,101,19,37.0,98,-57.7,873,29.5,10.6,nominal
EVA-0275,130,100,19,36.9,98,-58.1,893,29.6,10.7,nominal
EVA-0275,135,91,18,36.9,98,-54.2,903,29.5,8.5,nominal
EVA-0275,140,91,18,36.9,98,-50.9,955,29.6,9.9,nominal
EVA-0275,145,90,18,36.9,98,-52.2,1021,29.7,8.5,nominal
EVA-0275,150,89,18,36.9,98,-50.3,960,29.6,8.4,nominal
EVA-0275,155,88,17,36.9,98,-49.2,1043,29.6,7.4,nominal
EVA-0276,0,84,18,37.0,97,-39.7,615,29.6,8.1,seal_leak
EVA-0276,5,83,19,37.1,97,-38.5,620,29.6,8.7,seal_leak
EVA-0276,10,90,18,37.1,97,-39.6,658,29.7,9.9,seal_leak
EVA-0276,15,96,19,37.1,97,-41.4,607,29.6,10.9,seal_leak
EVA-0276,20,91,20,37.0,97,-44.4,637,29.7,10.7,seal_leak
EVA-0276,25,92,18,37.1,97,-45.4,620,29.6,10.4,seal_leak
EVA-0276,30,94,20,37.1,97,-48.1,651,29.6,12.0,seal_leak
EVA-0276,35,99,20,37.1,98,-51.7,625,29.6,11.4,seal_leak
EVA-0276,40,93,19,37.1,97,-51.0,659,29.6,11.1,seal_leak
EVA-0276,45,97,19,37.1,97,-54.4,659,29.6,12.0,seal_leak
EVA-0276,50,94,19,37.1,98,-53.7,732,29.7,11.2,seal_leak
EVA-0276,55,96,20,37.2,98,-58.1,743,29.6,11.8,seal_leak
EVA-0276,60,100,19,37.1,98,-59.6,724,29.7,12.7,seal_leak
EVA-0276,65,100,20,37.1,98,-62.3,639,29.6,12.6,seal_leak
EVA-0276,70,97,19,37.2,98,-61.7,740,29.5,11.9,seal_leak
EVA-0276,75,96,20,37.1,98,-61.8,760,29.7,12.2,seal_leak
EVA-0276,80,97,20,37.1,97,-64.5,713,29.6,13.2,seal_leak
EVA-0276,85,91,19,37.0,97,-66.8,770,29.5,9.7,seal_leak
EVA-0276,90,94,19,37.1,98,-68.7,785,29.7,10.8,seal_leak
EVA-0276,95,96,19,37.1,97,-70.1,677,29.7,11.7,seal_leak
EVA-0276,100,95,19,37.1,97,-68.9,801,29.6,12.0,seal_leak
EVA-0276,105,95,19,37.1,97,-72.1,755,29.6,12.1,seal_leak
EVA-0276,110,95,19,37.2,98,-74.8,710,29.6,12.0,seal_leak
EVA-0276,115,93,19,37.0,98,-69.4,787,29.6,9.8,seal_leak
EVA-0276,120,94,20,37.2,98,-73.4,769,29.6,12.0,seal_leak
EVA-0276,125,98,20,37.0,97,-74.7,833,29.6,13.4,seal_leak
EVA-0276,130,93,20,37.0,98,-75.5,829,29.6,10.2,seal_leak
EVA-0276,135,95,19,37.1,97,-74.3,833,29.6,12.0,seal_leak
EVA-0276,140,94,21,37.2,98,-76.6,781,29.6,13.2,seal_leak
EVA-0276,145,96,20,37.1,98,-76.0,794,29.6,11.7,seal_leak
EVA-0276,150,93,20,37.1,97,-74.7,792,29.4,12.6,seal_leak
EVA-0276,155,97,20,37.0,97,-76.1,828,29.3,13.5,seal_leak
EVA-0276,160,91,20,37.1,97,-76.1,852,29.1,12.7,seal_leak
EVA-0276,165,99,21,37.0,96,-74.9,810,28.8,16.0,seal_leak
EVA-0276,170,101,21,37.0,96,-74.1,747,28.7,18.2,seal_leak
EVA-0276,175,101,20,37.0,96,-73.4,757,28.4,16.8,seal_leak
EVA-0276,180,103,21,36.9,95,-72.7,783,28.1,21.0,seal_leak
EVA-0276,185,102,22,36.9,94,-71.1,805,27.8,22.9,seal_leak
EVA-0276,190,104,21,36.8,94,-71.3,748,27.5,23.7,seal_leak
EVA-0276,195,102,21,36.8,94,-69.0,770,27.2,25.6,seal_leak
EVA-0276,200,109,22,36.7,93,-68.9,679,26.9,30.8,seal_leak
EVA-0276,205,109,21,36.7,92,-67.1,709,26.5,31.8,seal_leak
EVA-0276,210,108,23,36.7,92,-66.4,745,26.1,36.3,seal_leak
EVA-0276,215,112,21,36.6,91,-66.3,629,25.8,38.0,seal_leak
EVA-0276,220,111,22,36.6,91,-62.3,739,25.4,39.4,seal_leak
EVA-0276,225,111,21,36.4,90,-59.8,706,25.1,43.2,seal_leak
EVA-0276,230,110,22,36.4,89,-59.1,687,24.6,45.3,seal_leak
EVA-0276,235,116,23,36.4,88,-59.3,610,24.1,50.2,seal_leak
EVA-0276,240,116,23,36.4,88,-57.6,694,23.8,51.2,seal_leak
EVA-0276,245,123,24,36.2,88,-53.3,714,23.3,56.5,seal_leak
EVA-0276,250,132,25,36.2,86,-52.0,637,22.8,62.8,seal_leak
EVA-0276,255,130,25,36.2,86,-50.5,620,22.4,64.6,seal_leak
EVA-0276,260,126,24,36.1,85,-47.8,615,21.9,64.9,seal_leak
EVA-0276,265,136,26,36.0,84,-46.2,633,21.3,70.5,seal_leak
EVA-0276,270,137,26,36.0,83,-45.0,628,20.9,71.1,seal_leak
EVA-0276,275,142,25,35.8,83,-41.7,605,20.3,72.4,seal_leak
EVA-0276,280,144,27,35.8,81,-39.5,572,19.8,75.7,seal_leak
EVA-0276,285,143,27,35.9,81,-38.2,594,19.3,74.4,seal_leak
EVA-0277,0,93,18,37.1,97,-38.7,757,29.6,9.7,scrubber_exhaustion
EVA-0277,5,88,19,37.0,97,-40.6,720,29.6,8.4,scrubber_exhaustion
EVA-0277,10,91,19,37.1,97,-40.4,715,29.6,10.5,scrubber_exhaustion
EVA-0277,15,89,19,37.1,98,-43.8,682,29.6,8.8,scrubber_exhaustion
EVA-0277,20,88,18,37.1,97,-44.1,729,29.7,9.7,scrubber_exhaustion
EVA-0277,25,93,19,37.1,97,-44.9,732,29.6,11.3,scrubber_exhaustion
EVA-0277,30,88,19,37.1,97,-46.0,763,29.6,10.5,scrubber_exhaustion
EVA-0277,35,99,21,37.1,97,-46.1,749,29.6,14.6,scrubber_exhaustion
EVA-0277,40,101,21,37.2,98,-46.3,767,29.6,15.3,scrubber_exhaustion
EVA-0277,45,100,19,37.1,97,-49.3,785,29.6,13.0,scrubber_exhaustion
EVA-0277,50,100,21,37.1,97,-50.0,673,29.6,14.1,scrubber_exhaustion
EVA-0277,55,100,22,37.1,97,-49.9,756,29.6,15.7,scrubber_exhaustion
EVA-0277,60,99,22,37.1,98,-50.6,778,29.5,14.5,scrubber_exhaustion
EVA-0277,65,100,21,37.1,97,-50.3,771,29.6,14.4,scrubber_exhaustion
EVA-0277,70,103,22,37.2,97,-52.1,861,29.6,18.9,scrubber_exhaustion
EVA-0277,75,105,22,37.2,97,-53.0,918,29.6,18.1,scrubber_exhaustion
EVA-0277,80,110,23,37.1,98,-51.0,900,29.6,17.4,scrubber_exhaustion
EVA-0277,85,107,22,37.2,97,-53.1,964,29.6,18.5,scrubber_exhaustion
EVA-0277,90,107,23,37.2,97,-52.9,1041,29.6,18.7,scrubber_exhaustion
EVA-0277,95,109,22,37.2,97,-55.8,1060,29.6,19.5,scrubber_exhaustion
EVA-0277,100,105,22,37.3,97,-54.2,1200,29.6,18.6,scrubber_exhaustion
EVA-0277,105,111,23,37.3,98,-52.6,1326,29.6,20.1,scrubber_exhaustion
EVA-0277,110,115,24,37.3,97,-53.8,1542,29.6,22.2,scrubber_exhaustion
EVA-0277,115,120,25,37.3,98,-53.8,1646,29.6,23.5,scrubber_exhaustion
EVA-0277,120,119,25,37.2,97,-55.7,1834,29.6,22.8,scrubber_exhaustion
EVA-0277,125,118,25,37.3,97,-53.2,2020,29.5,24.3,scrubber_exhaustion
EVA-0277,130,118,25,37.4,97,-51.1,2222,29.6,26.2,scrubber_exhaustion
EVA-0277,135,122,27,37.4,97,-52.1,2552,29.6,28.7,scrubber_exhaustion
EVA-0277,140,118,26,37.5,97,-51.0,2703,29.6,28.4,scrubber_exhaustion
EVA-0277,145,120,27,37.3,97,-51.3,3018,29.6,28.7,scrubber_exhaustion
EVA-0277,150,124,28,37.5,97,-50.6,3198,29.7,30.6,scrubber_exhaustion
EVA-0277,155,128,29,37.4,97,-49.3,3471,29.6,32.0,scrubber_exhaustion
EVA-0277,160,129,29,37.4,97,-47.9,3870,29.5,33.3,scrubber_exhaustion
EVA-0277,165,132,30,37.5,97,-46.7,4164,29.6,35.3,scrubber_exhaustion
EVA-0277,170,131,30,37.7,97,-45.8,4529,29.5,38.1,scrubber_exhaustion
EVA-0277,175,137,30,37.6,97,-46.1,4943,29.6,37.3,scrubber_exhaustion
EVA-0277,180,137,31,37.7,96,-44.4,5249,29.6,41.8,scrubber_exhaustion
EVA-0277,185,139,32,37.7,97,-45.2,5655,29.6,40.9,scrubber_exhaustion
EVA-0277,190,141,32,37.8,96,-42.3,6036,29.6,44.3,scrubber_exhaustion
EVA-0277,195,132,33,37.8,96,-43.9,6489,29.7,44.0,scrubber_exhaustion
EVA-0277,200,144,33,37.8,96,-42.3,6945,29.6,46.9,scrubber_exhaustion
EVA-0277,205,143,34,37.8,96,-39.2,7423,29.5,45.9,scrubber_exhaustion
EVA-0277,210,146,37,37.9,96,-37.7,7901,29.6,50.6,scrubber_exhaustion
EVA-0277,215,156,37,37.9,96,-38.8,8322,29.6,52.5,scrubber_exhaustion
EVA-0277,220,157,38,38.1,96,-35.7,8982,29.6,56.1,scrubber_exhaustion
EVA-0277,225,158,39,38.1,96,-35.6,9458,29.6,55.3,scrubber_exhaustion
EVA-0277,230,156,39,38.1,96,-33.1,10084,29.6,54.4,scrubber_exhaustion
EVA-0277,235,164,40,38.2,96,-31.8,10553,29.6,58.7,scrubber_exhaustion
EVA-0278,0,91,16,37.2,98,-83.4,655,29.7,8.3,scrubber_exhaustion
EVA-0278,5,100,18,37.2,98,-82.1,692,29.6,12.1,scrubber_exhaustion
EVA-0278,10,99,17,37.2,98,-83.7,780,29.6,10.2,scrubber_exhaustion
EVA-0278,15,101,20,37.3,98,-84.2,813,29.7,15.0,scrubber_exhaustion
EVA-0278,20,106,20,37.2,98,-82.9,735,29.6,14.9,scrubber_exhaustion
EVA-0278,25,103,17,37.2,98,-85.8,762,29.6,11.4,scrubber_exhaustion
EVA-0278,30,102,20,37.2,98,-80.8,725,29.6,14.6,scrubber_exhaustion
EVA-0278,35,101,18,37.3,97,-76.7,746,29.5,14.2,scrubber_exhaustion
EVA-0278,40,107,20,37.2,98,-77.4,843,29.5,14.5,scrubber_exhaustion
EVA-0278,45,103,18,37.3,98,-74.6,841,29.6,13.4,scrubber_exhaustion
EVA-0278,50,112,20,37.3,98,-72.4,882,29.6,15.9,scrubber_exhaustion
EVA-0278,55,109,18,37.2,97,-70.1,1003,29.7,14.6,scrubber_exhaustion
EVA-0278,60,99,20,37.2,98,-66.2,1261,29.6,13.9,scrubber_exhaustion
EVA-0278,65,111,20,37.3,97,-61.0,1572,29.6,17.6,scrubber_exhaustion
EVA-0278,70,107,20,37.3,98,-57.9,2033,29.6,16.5,scrubber_exhaustion
EVA-0278,75,114,22,37.4,97,-56.0,2626,29.6,20.9,scrubber_exhaustion
EVA-0278,80,117,21,37.5,97,-52.3,3090,29.6,24.0,scrubber_exhaustion
EVA-0278,85,120,24,37.5,97,-48.9,3818,29.6,27.4,scrubber_exhaustion
EVA-0278,90,129,26,37.6,97,-44.8,4791,29.6,33.2,scrubber_exhaustion
EVA-0278,95,127,27,37.7,97,-42.3,5670,29.6,34.4,scrubber_exhaustion
EVA-0278,100,136,31,37.9,97,-39.5,6774,29.7,41.6,scrubber_exhaustion
EVA-0278,105,148,32,38.0,96,-38.4,7865,29.6,47.8,scrubber_exhaustion
EVA-0278,110,155,35,38.1,96,-33.3,9158,29.6,53.4,scrubber_exhaustion
EVA-0278,115,171,38,38.3,96,-33.4,10650,29.5,59.9,scrubber_exhaustion
EVA-0279,0,73,19,37.1,99,-33.5,816,29.5,6.3,nominal
EVA-0279,5,76,20,37.1,99,-32.1,791,29.6,6.9,nominal
EVA-0279,10,85,20,37.1,99,-32.7,806,29.6,9.1,nominal
EVA-0279,15,91,20,37.1,99,-33.2,898,29.6,10.4,nominal
EVA-0279,20,85,20,37.2,99,-36.2,827,29.6,10.0,nominal
EVA-0279,25,88,19,37.1,99,-37.6,839,29.7,8.3,nominal
EVA-0279,30,88,21,37.1,99,-37.1,801,29.5,10.5,nominal
EVA-0279,35,88,21,37.1,99,-43.3,821,29.6,10.9,nominal
EVA-0279,40,89,22,37.2,99,-44.0,957,29.6,12.0,nominal
EVA-0279,45,87,21,37.2,99,-46.7,830,29.6,11.8,nominal
EVA-0279,50,90,20,37.2,99,-50.6,1009,29.6,11.2,nominal
EVA-0279,55,89,20,37.2,99,-53.4,940,29.6,10.8,nominal
EVA-0279,60,95,20,37.1,99,-57.8,983,29.6,11.7,nominal
EVA-0279,65,92,20,37.2,99,-60.5,1029,29.5,11.6,nominal
EVA-0279,70,89,21,37.2,99,-64.0,969,29.6,12.6,nominal
EVA-0279,75,82,20,37.1,99,-69.0,1038,29.6,9.2,nominal
EVA-0279,80,86,21,37.1,99,-70.3,980,29.5,10.5,nominal
EVA-0279,85,85,19,37.2,99,-74.3,1012,29.6,9.3,nominal
EVA-0279,90,86,19,37.2,99,-73.7,1076,29.5,9.8,nominal
EVA-0279,95,81,20,37.1,99,-75.9,1090,29.6,8.3,nominal
EVA-0279,100,80,19,37.1,99,-76.2,1102,29.6,6.7,nominal
EVA-0279,105,78,18,37.0,99,-79.4,1168,29.6,4.5,nominal
EVA-0279,110,69,18,37.1,99,-78.1,1113,29.5,4.2,nominal
EVA-0279,115,69,18,36.9,99,-77.7,1204,29.6,4.4,nominal
EVA-0279,120,65,18,36.9,99,-74.7,1149,29.6,4.7,nominal
EVA-0279,125,63,16,37.0,99,-76.1,1188,29.7,1.8,nominal
EVA-0279,130,64,16,37.0,99,-74.8,1209,29.6,2.9,nominal
EVA-0279,135,63,16,37.0,99,-72.0,1168,29.7,2.5,nominal
EVA-0279,140,67,16,37.0,99,-67.5,1216,29.6,2.3,nominal
EVA-0280,0,92,15,37.3,98,-29.6,513,29.6,8.5,scrubber_exhaustion
EVA-0280,5,94,16,37.3,98,-29.3,642,29.6,9.9,scrubber_exhaustion
EVA-0280,10,102,16,37.3,98,-32.1,644,29.6,12.7,scrubber_exhaustion
EVA-0280,15,99,17,37.4,98,-34.8,716,29.6,12.4,scrubber_exhaustion
EVA-0280,20,106,16,37.3,98,-38.2,608,29.6,13.3,scrubber_exhaustion
EVA-0280,25,104,17,37.3,98,-41.0,639,29.7,12.6,scrubber_exhaustion
EVA-0280,30,111,18,37.4,98,-43.5,744,29.6,17.2,scrubber_exhaustion
EVA-0280,35,106,19,37.5,98,-45.6,665,29.6,17.4,scrubber_exhaustion
EVA-0280,40,112,19,37.4,98,-47.4,735,29.6,17.8,scrubber_exhaustion
EVA-0280,45,112,18,37.4,98,-52.8,744,29.6,17.2,scrubber_exhaustion
EVA-0280,50,111,18,37.4,98,-53.9,841,29.7,17.1,scrubber_exhaustion
EVA-0280,55,111,18,37.4,98,-53.8,787,29.7,16.0,scrubber_exhaustion
EVA-0280,60,112,20,37.4,98,-57.7,805,29.6,18.2,scrubber_exhaustion
EVA-0280,65,112,19,37.3,98,-59.3,887,29.6,16.5,scrubber_exhaustion
EVA-0280,70,109,20,37.4,98,-57.9,1026,29.6,18.6,scrubber_exhaustion
EVA-0280,75,105,18,37.4,98,-59.1,1356,29.5,14.9,scrubber_exhaustion
EVA-0280,80,109,20,37.5,98,-59.6,1777,29.6,18.7,scrubber_exhaustion
EVA-0280,85,118,20,37.5,98,-58.7,2439,29.6,20.6,scrubber_exhaustion
EVA-0280,90,118,21,37.5,98,-59.0,3163,29.6,22.4,scrubber_exhaustion
EVA-0280,95,123,25,37.7,98,-57.5,3959,29.6,29.4,scrubber_exhaustion
EVA-0280,100,135,25,37.8,97,-55.9,4994,29.6,34.0,scrubber_exhaustion
EVA-0280,105,139,28,37.9,96,-54.5,6167,29.7,41.2,scrubber_exhaustion
EVA-0280,110,151,30,38.0,96,-52.3,7400,29.6,46.6,scrubber_exhaustion
EVA-0280,115,161,33,38.1,96,-50.6,8938,29.6,53.6,scrubber_exhaustion
EVA-0280,120,170,37,38.3,96,-47.6,10469,29.6,59.0,scrubber_exhaustion
EVA-0281,0,89,17,36.9,98,-42.2,727,29.5,6.6,scrubber_exhaustion
EVA-0281,5,95,17,37.0,98,-39.8,737,29.6,8.2,scrubber_exhaustion
EVA-0281,10,93,19,36.9,98,-40.7,787,29.6,9.1,scrubber_exhaustion
EVA-0281,15,96,19,37.0,98,-41.2,833,29.6,9.3,scrubber_exhaustion
EVA-0281,20,103,19,37.0,98,-39.0,734,29.6,10.2,scrubber_exhaustion
EVA-0281,25,102,22,37.1,98,-38.3,784,29.6,14.8,scrubber_exhaustion
EVA-0281,30,110,21,37.1,98,-36.3,843,29.7,14.7,scrubber_exhaustion
EVA-0281,35,117,20,37.1,98,-35.3,854,29.5,16.0,scrubber_exhaustion
EVA-0281,40,114,22,37.1,97,-36.8,846,29.7,18.0,scrubber_exhaustion
EVA-0281,45,111,22,37.2,98,-38.0,806,29.6,16.6,scrubber_exhaustion
EVA-0281,50,113,22,37.1,98,-32.7,901,29.6,16.0,scrubber_exhaustion
EVA-0281,55,113,20,37.1,98,-34.5,951,29.6,15.7,scrubber_exhaustion
EVA-0281,60,111,21,37.1,98,-37.1,1074,29.6,14.5,scrubber_exhaustion
EVA-0281,65,112,22,37.1,98,-36.5,1259,29.6,16.2,scrubber_exhaustion
EVA-0281,70,104,22,37.1,98,-34.2,1698,29.6,15.0,scrubber_exhaustion
EVA-0281,75,112,23,37.1,97,-35.2,2301,29.6,18.5,scrubber_exhaustion
EVA-0281,80,117,23,37.2,98,-33.3,3181,29.6,20.7,scrubber_exhaustion
EVA-0281,85,120,27,37.3,97,-35.7,4214,29.7,26.3,scrubber_exhaustion
EVA-0281,90,123,29,37.4,97,-35.6,5531,29.6,30.5,scrubber_exhaustion
EVA-0281,95,131,31,37.6,97,-36.7,7014,29.6,38.0,scrubber_exhaustion
EVA-0281,100,153,35,37.9,96,-36.8,8765,29.6,51.3,scrubber_exhaustion
EVA-0281,105,165,39,38.0,96,-37.2,10646,29.6,54.9,scrubber_exhaustion
EVA-0282,0,82,17,36.9,98,-63.5,566,29.6,5.0,seal_leak
EVA-0282,5,78,18,37.0,98,-63.5,579,29.5,4.2,seal_leak
EVA-0282,10,81,17,37.1,99,-63.8,595,29.6,5.5,seal_leak
EVA-0282,15,85,19,37.0,98,-65.5,641,29.6,6.9,seal_leak
EVA-0282,20,85,19,37.0,99,-64.5,691,29.6,6.3,seal_leak
EVA-0282,25,89,17,37.1,99,-64.3,551,29.5,7.4,seal_leak
EVA-0282,30,88,19,37.2,99,-64.4,652,29.6,9.2,seal_leak
EVA-0282,35,90,18,37.1,99,-65.2,664,29.6,7.6,seal_leak
EVA-0282,40,91,18,37.1,98,-65.5,637,29.4,7.6,seal_leak
EVA-0282,45,94,19,37.2,98,-64.5,750,29.3,10.6,seal_leak
EVA-0282,50,96,20,37.0,98,-61.3,655,29.0,9.7,seal_leak
EVA-0282,55,100,22,37.0,97,-60.0,717,28.8,13.9,seal_leak
EVA-0282,60,102,21,37.0,97,-58.6,665,28.5,13.9,seal_leak
EVA-0282,65,100,22,37.0,96,-57.1,744,28.1,17.2,seal_leak
EVA-0282,70,107,22,36.9,95,-54.3,658,27.7,21.7,seal_leak
EVA-0282,75,106,22,36.9,95,-53.7,652,27.4,24.0,seal_leak
EVA-0282,80,114,23,36.9,94,-50.4,675,26.9,27.7,seal_leak
EVA-0282,85,116,23,36.9,94,-47.4,729,26.6,29.2,seal_leak
EVA-0282,90,122,23,36.8,93,-43.8,687,26.1,34.3,seal_leak
EVA-0282,95,112,24,36.7,92,-41.1,641,25.6,35.9,seal_leak
EVA-0282,100,119,24,36.7,91,-42.2,662,25.0,41.0,seal_leak
EVA-0282,105,123,25,36.5,90,-39.5,630,24.5,46.9,seal_leak
EVA-0282,110,118,25,36.5,90,-34.5,686,24.0,47.4,seal_leak
EVA-0282,115,126,25,36.5,89,-33.3,654,23.4,52.4,seal_leak
EVA-0282,120,126,26,36.3,87,-30.9,620,22.9,58.4,seal_leak
EVA-0282,125,132,26,36.3,87,-30.8,617,22.3,61.3,seal_leak
EVA-0282,130,137,24,36.2,86,-29.4,583,21.7,65.3,seal_leak
EVA-0282,135,143,27,36.1,85,-28.6,590,21.1,71.0,seal_leak
EVA-0282,140,147,28,36.1,83,-30.2,592,20.4,74.0,seal_leak
EVA-0282,145,147,29,35.9,83,-27.8,587,19.8,75.8,seal_leak
EVA-0283,0,101,18,37.0,97,-32.6,819,29.6,10.9,nominal
EVA-0283,5,109,20,37.1,98,-29.7,819,29.7,14.2,nominal
EVA-0283,10,108,22,37.2,98,-31.5,758,29.6,17.2,nominal
EVA-0283,15,114,22,37.2,98,-35.7,853,29.6,17.7,nominal
EVA-0283,20,116,22,37.2,98,-35.1,872,29.6,18.6,nominal
EVA-0283,25,128,23,37.2,97,-35.9,896,29.5,23.0,nominal
EVA-0283,30,125,24,37.3,98,-38.5,948,29.6,22.9,nominal
EVA-0283,35,130,24,37.3,98,-41.0,1010,29.6,23.7,nominal
EVA-0283,40,128,23,37.2,98,-43.8,959,29.6,22.1,nominal
EVA-0283,45,132,25,37.3,98,-44.7,973,29.6,25.3,nominal
EVA-0283,50,126,24,37.3,98,-48.6,1070,29.6,24.7,nominal
EVA-0283,55,128,24,37.3,98,-50.3,987,29.6,24.7,nominal
EVA-0283,60,132,25,37.4,98,-52.8,1041,29.5,27.0,nominal
EVA-0283,65,126,23,37.3,98,-53.8,1064,29.5,23.2,nominal
EVA-0283,70,121,23,37.3,98,-55.1,1047,29.6,20.7,nominal
EVA-0283,75,117,23,37.2,98,-59.4,1087,29.6,19.3,nominal
EVA-0283,80,120,23,37.2,98,-61.4,1108,29.5,19.6,nominal
EVA-0283,85,117,22,37.3,98,-61.3,1177,29.6,19.0,nominal
EVA-0283,90,119,21,37.2,98,-65.2,1149,29.6,18.1,nominal
EVA-0283,95,108,21,37.2,98,-69.4,1171,29.6,14.9,nominal
EVA-0283,100,114,21,37.1,97,-65.1,1224,29.6,17.2,nominal
EVA-0283,105,111,22,37.1,98,-67.2,1200,29.6,16.4,nominal
EVA-0284,0,76,16,37.1,98,-56.7,816,29.6,2.7,nominal
EVA-0284,5,76,17,37.1,98,-60.3,866,29.6,3.6,nominal
EVA-0284,10,70,15,37.1,98,-61.3,870,29.5,2.9,nominal
EVA-0284,15,76,17,37.0,98,-61.4,840,29.6,3.6,nominal
EVA-0284,20,80,18,37.1,98,-61.9,813,29.6,6.1,nominal
EVA-0284,25,77,16,37.0,99,-63.1,873,29.6,2.3,nominal
EVA-0284,30,82,17,37.1,98,-61.9,905,29.6,5.0,nominal
EVA-0284,35,90,17,37.1,99,-64.0,927,29.6,6.7,nominal
EVA-0284,40,90,19,37.2,98,-64.1,893,29.6,10.3,nominal
EVA-0284,45,92,20,37.2,98,-66.0,958,29.6,10.9,nominal
EVA-0284,50,91,19,37.1,98,-67.2,978,29.6,9.8,nominal
EVA-0284,55,85,19,37.1,98,-71.0,959,29.6,7.2,nominal
EVA-0284,60,92,19,37.1,98,-68.6,1048,29.5,9.5,nominal
EVA-0284,65,90,19,37.1,98,-69.6,951,29.7,8.8,nominal
EVA-0284,70,88,19,37.1,98,-70.1,1054,29.6,9.4,nominal
EVA-0284,75,89,18,37.1,98,-69.0,1045,29.6,8.0,nominal
EVA-0284,80,89,17,37.1,98,-72.1,1074,29.6,6.4,nominal
EVA-0284,85,88,18,37.0,98,-69.5,1102,29.5,6.4,nominal
EVA-0284,90,84,18,37.2,98,-70.3,1111,29.6,8.1,nominal
EVA-0284,95,83,18,37.0,98,-71.0,1024,29.6,5.9,nominal
EVA-0284,100,82,19,37.1,98,-70.4,1114,29.6,6.3,nominal
EVA-0284,105,76,17,37.1,98,-73.5,1161,29.6,4.7,nominal
EVA-0284,110,81,18,37.1,98,-70.8,1176,29.6,6.6,nominal
EVA-0284,115,80,16,37.0,98,-72.9,1132,29.6,3.3,nominal
EVA-0284,120,83,17,37.1,98,-70.5,1133,29.6,5.4,nominal
EVA-0284,125,78,17,37.1,98,-72.1,1221,29.6,4.4,nominal
EVA-0284,130,79,16,36.9,98,-71.3,1232,29.6,3.6,nominal
EVA-0284,135,77,17,37.1,99,-70.5,1175,29.6,4.0,nominal
EVA-0284,140,77,16,36.9,98,-69.8,1180,29.6,3.0,nominal
EVA-0284,145,71,17,37.0,98,-68.7,1233,29.6,2.6,nominal
EVA-0284,150,75,16,37.0,98,-67.4,1230,29.6,3.2,nominal
EVA-0285,0,73,16,36.9,98,-53.2,716,29.6,4.1,seal_leak
EVA-0285,5,79,17,36.8,98,-54.5,690,29.6,5.8,seal_leak
EVA-0285,10,82,17,36.8,98,-53.5,738,29.5,5.9,seal_leak
EVA-0285,15,82,18,36.9,98,-51.4,849,29.6,7.5,seal_leak
EVA-0285,20,84,17,36.9,98,-54.3,760,29.6,6.1,seal_leak
EVA-0285,25,81,19,36.9,98,-53.6,771,29.6,8.0,seal_leak
EVA-0285,30,88,19,37.0,98,-54.9,826,29.6,8.4,seal_leak
EVA-0285,35,87,18,36.9,98,-55.2,847,29.6,7.4,seal_leak
EVA-0285,40,89,18,36.8,98,-53.6,774,29.6,8.4,seal_leak
EVA-0285,45,88,20,36.8,98,-56.4,867,29.6,10.3,seal_leak
EVA-0285,50,89,19,37.0,98,-55.6,863,29.7,8.5,seal_leak
EVA-0285,55,88,20,37.0,98,-56.9,823,29.6,9.6,seal_leak
EVA-0285,60,91,19,36.9,98,-54.6,772,29.6,9.9,seal_leak
EVA-0285,65,91,19,36.9,98,-57.6,890,29.6,9.5,seal_leak
EVA-0285,70,87,18,37.0,98,-58.9,869,29.5,7.6,seal_leak
EVA-0285,75,92,20,36.9,98,-58.1,860,29.5,9.6,seal_leak
EVA-0285,80,94,19,36.9,98,-58.7,790,29.4,9.3,seal_leak
EVA-0285,85,92,21,36.9,97,-57.9,944,29.2,12.8,seal_leak
EVA-0285,90,97,21,36.9,97,-60.5,803,29.1,14.4,seal_leak
EVA-0285,95,93,19,36.9,97,-60.0,820,29.0,12.6,seal_leak
EVA-0285,100,95,21,36.9,97,-62.4,880,28.9,12.7,seal_leak
EVA-0285,105,96,21,36.8,96,-60.6,842,28.7,17.5,seal_leak
EVA-0285,110,91,20,36.8,96,-61.6,843,28.5,16.6,seal_leak
EVA-0285,115,99,21,36.9,97,-62.8,784,28.5,16.3,seal_leak
EVA-0285,120,97,21,36.7,95,-63.2,778,28.3,21.4,seal_leak
EVA-0285,125,95,21,36.8,96,-64.7,841,28.0,18.4,seal_leak
EVA-0285,130,96,20,36.8,95,-65.6,807,28.0,20.7,seal_leak
EVA-0285,135,95,21,36.7,94,-67.9,891,27.7,23.6,seal_leak
EVA-0285,140,99,21,36.7,95,-68.1,771,27.5,23.9,seal_leak
EVA-0285,145,104,23,36.7,94,-67.1,796,27.4,27.2,seal_leak
EVA-0285,150,98,22,36.7,94,-67.9,814,27.2,25.4,seal_leak
EVA-0285,155,104,22,36.6,94,-68.6,787,27.0,29.0,seal_leak
EVA-0285,160,103,22,36.6,93,-71.0,770,26.8,30.4,seal_leak
EVA-0285,165,106,22,36.6,93,-69.2,797,26.6,31.7,seal_leak
EVA-0285,170,103,21,36.5,93,-72.2,859,26.3,32.4,seal_leak
EVA-0285,175,101,23,36.5,92,-72.1,762,26.1,34.6,seal_leak
EVA-0285,180,106,22,36.5,92,-70.1,725,25.9,36.2,seal_leak
EVA-0285,185,107,23,36.4,92,-74.7,793,25.7,38.6,seal_leak
EVA-0285,190,112,22,36.3,91,-73.9,757,25.4,41.5,seal_leak
EVA-0285,195,112,23,36.3,90,-77.3,730,25.1,44.8,seal_leak
EVA-0285,200,110,24,36.3,90,-76.5,777,25.0,45.0,seal_leak
EVA-0285,205,113,25,36.4,90,-76.0,767,24.7,47.2,seal_leak
EVA-0285,210,115,24,36.2,89,-78.0,725,24.4,49.4,seal_leak
EVA-0285,215,114,22,36.3,89,-77.8,689,24.2,49.9,seal_leak
EVA-0285,220,115,22,36.2,88,-78.1,761,23.9,50.6,seal_leak
EVA-0285,225,115,24,36.1,88,-78.6,707,23.6,53.9,seal_leak
EVA-0285,230,119,25,36.2,88,-81.9,728,23.4,56.8,seal_leak
EVA-0285,235,119,23,36.1,87,-77.0,709,23.1,57.7,seal_leak
EVA-0285,240,121,24,36.0,86,-81.4,720,22.7,61.9,seal_leak
EVA-0285,245,121,24,36.0,86,-81.3,706,22.5,63.1,seal_leak
EVA-0285,250,125,26,35.9,86,-82.6,727,22.2,67.3,seal_leak
EVA-0285,255,137,25,35.9,85,-82.2,702,21.9,70.6,seal_leak
EVA-0285,260,132,25,35.9,85,-81.2,625,21.6,70.1,seal_leak
EVA-0285,265,135,25,35.8,84,-80.1,660,21.3,71.4,seal_leak
EVA-0285,270,137,25,35.8,84,-82.2,665,21.1,72.0,seal_leak
EVA-0285,275,142,26,35.8,83,-81.4,643,20.7,74.6,seal_leak
EVA-0286,0,89,16,37.0,98,-25.4,546,29.6,5.9,scrubber_exhaustion
EVA-0286,5,89,17,37.0,98,-25.0,581,29.7,5.9,scrubber_exhaustion
EVA-0286,10,96,18,37.1,98,-29.6,645,29.6,9.7,scrubber_exhaustion
EVA-0286,15,102,19,37.2,98,-35.2,598,29.6,13.1,scrubber_exhaustion
EVA-0286,20,105,18,37.2,98,-37.8,587,29.7,12.6,scrubber_exhaustion
EVA-0286,25,108,21,37.2,98,-45.3,681,29.6,15.0,scrubber_exhaustion
EVA-0286,30,106,19,37.2,98,-51.4,594,29.6,13.9,scrubber_exhaustion
EVA-0286,35,110,19,37.3,98,-58.4,729,29.6,14.7,scrubber_exhaustion
EVA-0286,40,111,19,37.3,98,-62.7,861,29.6,16.9,scrubber_exhaustion
EVA-0286,45,112,19,37.3,98,-69.3,1137,29.6,15.0,scrubber_exhaustion
EVA-0286,50,113,19,37.2,98,-72.7,1522,29.6,15.4,scrubber_exhaustion
EVA-0286,55,116,21,37.4,98,-76.8,2237,29.7,20.5,scrubber_exhaustion
EVA-0286,60,119,22,37.5,97,-81.1,3134,29.6,23.6,scrubber_exhaustion
EVA-0286,65,124,25,37.6,97,-82.4,4165,29.6,29.5,scrubber_exhaustion
EVA-0286,70,131,27,37.7,97,-80.8,5403,29.6,34.6,scrubber_exhaustion
EVA-0286,75,139,30,37.9,97,-78.1,6876,29.7,41.9,scrubber_exhaustion
EVA-0286,80,158,35,37.9,97,-75.5,8679,29.6,49.9,scrubber_exhaustion
EVA-0286,85,164,38,38.2,96,-70.9,10381,29.6,56.2,scrubber_exhaustion
EVA-0287,0,84,16,36.8,98,-72.6,641,29.6,6.7,seal_leak
EVA-0287,5,88,16,36.9,99,-71.3,603,29.6,5.6,seal_leak
EVA-0287,10,91,17,36.9,98,-70.5,683,29.5,8.3,seal_leak
EVA-0287,15,96,17,36.9,98,-70.3,718,29.6,8.0,seal_leak
EVA-0287,20,99,17,36.9,98,-67.6,630,29.5,9.2,seal_leak
EVA-0287,25,103,17,37.0,97,-67.6,731,29.3,11.1,seal_leak
EVA-0287,30,97,17,36.9,97,-66.0,725,29.1,11.6,seal_leak
EVA-0287,35,103,19,36.9,97,-64.0,702,28.7,15.1,seal_leak
EVA-0287,40,107,19,36.8,96,-61.6,749,28.3,18.8,seal_leak
EVA-0287,45,106,20,36.9,95,-61.6,722,27.9,21.2,seal_leak
EVA-0287,50,115,20,36.8,94,-59.7,665,27.4,26.7,seal_leak
EVA-0287,55,121,22,36.8,93,-59.0,681,26.7,33.2,seal_leak
EVA-0287,60,121,22,36.7,93,-55.5,722,26.3,35.1,seal_leak
EVA-0287,65,123,23,36.6,91,-52.2,649,25.6,41.1,seal_leak
EVA-0287,70,131,23,36.5,90,-48.1,646,24.9,46.9,seal_leak
EVA-0287,75,134,24,36.4,89,-50.1,660,24.4,51.3,seal_leak
EVA-0287,80,141,24,36.3,88,-47.1,636,23.6,56.5,seal_leak
EVA-0287,85,139,24,36.2,87,-47.8,708,22.9,62.3,seal_leak
EVA-0287,90,146,24,36.2,86,-46.7,662,22.1,65.5,seal_leak
EVA-0287,95,145,25,36.1,84,-46.1,672,21.3,70.0,seal_leak
EVA-0287,100,151,26,36.0,82,-45.3,631,20.4,73.4,seal_leak
EVA-0287,105,152,26,35.8,81,-44.7,590,19.6,75.6,seal_leak
EVA-0287,110,156,25,35.8,81,-44.8,521,18.8,76.0,seal_leak
EVA-0288,0,86,14,37.0,98,-41.6,636,29.6,2.4,nominal
EVA-0288,5,79,15,37.1,98,-40.8,625,29.6,3.2,nominal
EVA-0288,10,89,15,37.3,98,-42.7,706,29.6,7.7,nominal
EVA-0288,15,87,16,37.2,99,-43.2,718,29.6,6.5,nominal
EVA-0288,20,90,17,37.2,98,-43.1,681,29.6,7.9,nominal
EVA-0288,25,97,18,37.2,98,-41.4,734,29.6,10.9,nominal
EVA-0288,30,97,19,37.2,98,-47.7,627,29.6,12.1,nominal
EVA-0288,35,101,19,37.3,98,-46.9,654,29.6,12.5,nominal
EVA-0288,40,99,19,37.3,98,-47.4,819,29.6,12.5,nominal
EVA-0288,45,105,19,37.3,98,-50.9,784,29.6,14.1,nominal
EVA-0288,50,103,20,37.3,98,-54.3,867,29.6,15.5,nominal
EVA-0288,55,101,19,37.2,98,-56.1,879,29.6,12.7,nominal
EVA-0288,60,99,20,37.4,98,-60.8,781,29.6,14.5,nominal
EVA-0288,65,98,18,37.4,98,-64.5,899,29.6,12.9,nominal
EVA-0288,70,97,18,37.2,98,-66.2,855,29.6,10.2,nominal
EVA-0288,75,100,18,37.3,98,-67.9,896,29.7,12.6,nominal
EVA-0288,80,97,19,37.3,98,-75.9,873,29.6,13.2,nominal
EVA-0288,85,97,19,37.3,98,-76.8,995,29.7,12.4,nominal
EVA-0288,90,94,17,37.3,98,-78.6,992,29.6,9.9,nominal
EVA-0288,95,92,18,37.3,99,-80.9,963,29.6,10.5,nominal
EVA-0288,100,93,18,37.3,99,-81.6,975,29.7,10.6,nominal
EVA-0288,105,95,17,37.3,99,-82.7,1065,29.7,9.5,nominal
EVA-0289,0,81,17,37.1,99,-74.9,793,29.6,5.5,seal_leak
EVA-0289,5,83,18,37.1,99,-73.6,723,29.6,7.1,seal_leak
EVA-0289,10,85,21,37.2,99,-73.2,820,29.6,11.1,seal_leak
EVA-0289,15,92,19,37.2,99,-74.0,819,29.7,11.3,seal_leak
EVA-0289,20,91,20,37.4,99,-71.5,833,29.6,13.5,seal_leak
EVA-0289,25,92,20,37.3,99,-72.3,857,29.7,13.2,seal_leak
EVA-0289,30,98,21,37.3,99,-69.6,925,29.6,14.7,seal_leak
EVA-0289,35,96,21,37.3,99,-70.0,899,29.6,15.0,seal_leak
EVA-0289,40,95,21,37.3,99,-70.2,866,29.7,14.6,seal_leak
EVA-0289,45,98,20,37.3,99,-69.4,939,29.7,14.3,seal_leak
EVA-0289,50,97,22,37.3,99,-64.2,943,29.5,15.0,seal_leak
EVA-0289,55,98,21,37.3,99,-67.1,946,29.4,14.6,seal_leak
EVA-0289,60,93,21,37.3,98,-63.9,925,29.1,13.6,seal_leak
EVA-0289,65,99,21,37.2,97,-63.3,924,28.5,16.8,seal_leak
EVA-0289,70,106,23,37.1,96,-62.2,836,27.8,20.6,seal_leak
EVA-0289,75,103,23,37.0,95,-63.8,819,27.1,21.9,seal_leak
EVA-0289,80,106,23,36.9,93,-62.3,844,26.3,28.2,seal_leak
EVA-0289,85,114,24,36.8,92,-62.3,815,25.4,35.4,seal_leak
EVA-0289,90,114,24,36.7,91,-59.4,767,24.4,40.5,seal_leak
EVA-0289,95,123,26,36.6,89,-58.2,709,23.4,48.9,seal_leak
EVA-0289,100,126,27,36.3,87,-59.5,752,22.3,59.9,seal_leak
EVA-0289,105,140,28,36.2,85,-56.5,704,21.2,68.8,seal_leak
EVA-0289,110,146,28,36.0,83,-58.4,695,19.9,74.2,seal_leak
EVA-0289,115,148,29,36.1,82,-58.7,662,18.7,74.5,seal_leak
EVA-0290,0,81,17,37.0,98,-86.2,730,29.6,4.0,nominal
EVA-0290,5,81,17,37.0,98,-87.5,767,29.6,4.9,nominal
EVA-0290,10,86,18,37.0,98,-86.6,838,29.5,6.1,nominal
EVA-0290,15,87,19,37.1,98,-85.0,834,29.6,8.6,nominal
EVA-0290,20,88,17,37.0,98,-81.6,888,29.6,6.1,nominal
EVA-0290,25,91,18,37.1,98,-80.9,871,29.6,9.5,nominal
EVA-0290,30,92,19,37.1,98,-79.7,878,29.7,9.5,nominal
EVA-0290,35,92,19,37.1,98,-72.8,952,29.6,10.1,nominal
EVA-0290,40,96,19,37.1,98,-72.0,913,29.5,11.2,nominal
EVA-0290,45,91,19,37.1,98,-68.2,863,29.6,8.5,nominal
EVA-0290,50,89,19,37.1,98,-62.5,866,29.6,8.4,nominal
EVA-0290,55,89,20,37.1,98,-57.5,1020,29.6,11.0,nominal
EVA-0290,60,94,20,37.1,98,-53.2,948,29.6,11.4,nominal
EVA-0290,65,88,17,37.1,98,-52.3,969,29.6,6.8,nominal
EVA-0290,70,91,19,37.1,98,-44.2,955,29.5,9.6,nominal
EVA-0290,75,93,18,37.2,98,-43.7,926,29.6,8.8,nominal
EVA-0290,80,94,18,37.1,98,-38.4,1100,29.6,9.8,nominal
EVA-0290,85,92,19,37.1,97,-35.7,971,29.6,11.4,nominal
EVA-0290,90,89,17,37.1,98,-33.3,997,29.6,8.2,nominal
EVA-0290,95,87,17,37.0,98,-32.5,1042,29.6,6.4,nominal
EVA-0290,100,89,17,37.0,98,-29.8,1051,29.6,6.9,nominal
EVA-0290,105,79,17,37.0,98,-30.8,1061,29.6,4.3,nominal
EVA-0290,110,84,17,37.0,98,-29.4,1133,29.6,4.3,nominal
EVA-0290,115,75,17,36.9,98,-33.4,1167,29.6,3.5,nominal
EVA-0290,120,72,15,36.8,98,-31.5,1130,29.5,4.0,nominal
EVA-0290,125,75,15,36.9,98,-37.9,1160,29.6,2.3,nominal
EVA-0290,130,66,14,36.9,98,-36.5,1120,29.6,1.4,nominal
EVA-0290,135,68,14,36.8,98,-42.4,1203,29.6,4.2,nominal
EVA-0290,140,72,15,37.0,98,-45.0,1180,29.5,1.4,nominal
EVA-0291,0,99,17,36.9,98,-55.4,560,29.7,10.0,nominal
EVA-0291,5,104,17,36.9,97,-52.3,675,29.6,12.5,nominal
EVA-0291,10,105,18,36.9,97,-51.6,625,29.6,12.8,nominal
EVA-0291,15,109,18,36.9,97,-50.7,738,29.6,13.1,nominal
EVA-0291,20,106,18,36.9,97,-48.4,688,29.6,13.4,nominal
EVA-0291,25,106,18,37.0,98,-46.5,713,29.6,11.1,nominal
EVA-0291,30,111,17,37.0,98,-43.2,734,29.6,10.9,nominal
EVA-0291,35,104,18,36.9,97,-42.9,755,29.6,12.6,nominal
EVA-0291,40,103,17,36.9,97,-40.5,745,29.6,12.2,nominal
EVA-0291,45,105,18,36.9,97,-36.0,763,29.5,13.0,nominal
EVA-0291,50,110,18,36.9,98,-36.8,842,29.7,11.9,nominal
EVA-0291,55,111,19,37.0,97,-35.4,771,29.6,13.2,nominal
EVA-0291,60,110,19,37.0,97,-36.2,829,29.5,14.3,nominal
EVA-0291,65,115,17,37.0,98,-34.1,820,29.6,12.3,nominal
EVA-0291,70,113,19,37.0,97,-35.7,884,29.6,13.3,nominal
EVA-0291,75,108,17,37.0,98,-33.5,929,29.6,10.6,nominal
EVA-0291,80,113,17,37.0,98,-35.3,865,29.6,10.9,nominal
EVA-0291,85,104,18,37.0,97,-32.7,861,29.5,12.2,nominal
EVA-0291,90,102,16,36.9,98,-32.7,888,29.6,10.2,nominal
EVA-0291,95,93,15,36.8,97,-36.8,981,29.6,8.2,nominal
EVA-0291,100,95,15,36.8,98,-39.1,967,29.6,8.8,nominal
EVA-0291,105,97,16,36.9,97,-39.2,969,29.6,9.2,nominal
EVA-0291,110,94,14,36.8,97,-42.3,981,29.7,9.2,nominal
EVA-0291,115,86,15,36.8,98,-42.5,975,29.6,6.2,nominal
EVA-0291,120,83,14,36.9,98,-45.1,1062,29.6,4.2,nominal
EVA-0291,125,85,14,36.7,98,-44.7,1048,29.6,6.3,nominal
EVA-0292,0,95,16,37.0,98,-32.9,735,29.6,7.7,nominal
EVA-0292,5,92,16,36.9,98,-33.9,803,29.6,6.5,nominal
EVA-0292,10,90,16,37.0,98,-33.6,737,29.5,6.5,nominal
EVA-0292,15,91,16,36.8,98,-27.7,867,29.6,7.9,nominal
EVA-0292,20,92,16,36.8,98,-30.0,739,29.5,7.9,nominal
EVA-0292,25,95,16,36.9,98,-27.8,764,29.5,6.6,nominal
EVA-0292,30,93,17,36.8,98,-28.3,786,29.6,10.2,nominal
EVA-0292,35,98,17,37.0,98,-27.0,854,29.6,7.7,nominal
EVA-0292,40,97,18,37.0,98,-26.5,823,29.6,9.0,nominal
EVA-0292,45,95,17,36.9,97,-27.7,794,29.6,9.2,nominal
EVA-0292,50,97,18,37.0,98,-26.0,884,29.6,8.5,nominal
EVA-0292,55,102,17,37.0,98,-23.9,883,29.6,9.4,nominal
EVA-0292,60,106,19,37.0,98,-23.8,847,29.6,12.0,nominal
EVA-0292,65,105,18,37.0,98,-23.8,970,29.6,10.4,nominal
EVA-0292,70,110,19,37.0,98,-25.9,936,29.5,12.9,nominal
EVA-0292,75,102,18,37.0,98,-22.5,940,29.6,8.5,nominal
EVA-0292,80,97,17,37.0,98,-23.4,898,29.6,7.9,nominal
EVA-0292,85,102,18,36.9,97,-23.3,889,29.7,11.2,nominal
EVA-0292,90,104,19,37.0,98,-23.5,1011,29.6,11.2,nominal
EVA-0292,95,96,18,37.0,98,-22.3,917,29.6,9.7,nominal
EVA-0292,100,101,18,37.1,98,-22.5,992,29.6,9.7,nominal
EVA-0292,105,99,18,37.0,98,-22.8,1021,29.6,8.8,nominal
EVA-0292,110,97,19,36.9,98,-20.8,926,29.6,9.8,nominal
EVA-0292,115,97,16,36.9,98,-22.6,991,29.6,9.2,nominal
EVA-0292,120,96,17,36.9,98,-24.6,967,29.6,7.6,nominal
EVA-0292,125,96,15,37.0,98,-23.9,1039,29.6,5.6,nominal
EVA-0292,130,95,17,37.0,98,-23.2,996,29.6,7.0,nominal
EVA-0292,135,98,16,37.0,98,-23.0,1004,29.6,7.6,nominal
EVA-0292,140,94,17,37.0,98,-25.5,995,29.6,7.2,nominal
EVA-0292,145,95,16,36.9,98,-26.0,1062,29.6,8.0,nominal
EVA-0292,150,90,16,36.9,98,-24.7,1000,29.6,5.8,nominal
EVA-0292,155,88,16,36.8,98,-25.8,1153,29.6,7.0,nominal
EVA-0292,160,90,15,36.9,98,-26.1,1088,29.6,6.2,nominal
EVA-0292,165,85,16,36.8,98,-28.1,1145,29.6,6.1,nominal
EVA-0292,170,85,15,36.9,98,-27.0,1115,29.6,4.2,nominal
EVA-0292,175,85,14,36.9,98,-27.9,1143,29.6,3.9,nominal
EVA-0292,180,81,15,36.8,98,-28.9,1082,29.5,5.1,nominal
EVA-0292,185,87,15,36.8,98,-31.1,1175,29.6,5.9,nominal
EVA-0292,190,85,14,37.0,98,-32.1,1108,29.6,2.5,nominal
EVA-0292,195,83,15,36.9,98,-32.7,1233,29.6,3.6,nominal
EVA-0293,0,79,17,37.2,98,-67.7,506,29.6,5.7,heater_failure
EVA-0293,5,82,17,37.1,98,-67.6,562,29.6,5.6,heater_failure
EVA-0293,10,90,17,37.0,98,-67.6,592,29.6,6.2,heater_failure
EVA-0293,15,95,17,37.1,98,-66.6,638,29.7,7.7,heater_failure
EVA-0293,20,100,18,37.0,99,-68.5,564,29.6,8.9,heater_failure
EVA-0293,25,102,19,36.9,99,-67.7,766,29.7,11.4,heater_failure
EVA-0293,30,99,20,36.8,98,-71.8,744,29.6,12.4,heater_failure
EVA-0293,35,101,19,36.6,98,-73.6,707,29.7,14.9,heater_failure
EVA-0293,40,108,20,36.4,98,-76.2,737,29.6,20.0,heater_failure
EVA-0293,45,112,18,36.1,99,-77.9,756,29.6,22.4,heater_failure
EVA-0293,50,117,20,35.8,98,-79.0,728,29.5,28.2,heater_failure
EVA-0293,55,117,19,35.5,99,-80.6,734,29.6,31.2,heater_failure
EVA-0293,60,123,20,35.4,99,-81.6,769,29.7,34.2,heater_failure
EVA-0293,65,110,17,35.1,99,-81.8,788,29.6,32.8,heater_failure
EVA-0293,70,95,16,34.8,99,-83.6,946,29.6,30.2,heater_failure
EVA-0293,75,90,14,34.9,99,-81.0,873,29.6,28.1,heater_failure
EVA-0293,80,66,12,34.4,98,-83.0,969,29.6,25.0,heater_failure
EVA-0293,85,71,12,34.4,98,-81.5,933,29.6,25.0,heater_failure
EVA-0294,0,75,17,37.0,99,-66.7,729,29.6,3.1,seal_leak
EVA-0294,5,78,16,36.9,99,-68.0,790,29.6,3.8,seal_leak
EVA-0294,10,76,18,37.1,99,-67.7,888,29.6,5.0,seal_leak
EVA-0294,15,81,18,37.0,98,-65.9,827,29.6,5.8,seal_leak
EVA-0294,20,83,17,37.2,99,-67.9,848,29.6,6.5,seal_leak
EVA-0294,25,85,19,37.0,99,-67.1,716,29.6,6.6,seal_leak
EVA-0294,30,85,18,37.1,99,-66.4,877,29.6,8.0,seal_leak
EVA-0294,35,91,17,37.1,99,-65.4,849,29.6,7.2,seal_leak
EVA-0294,40,88,18,37.1,99,-64.1,854,29.6,7.6,seal_leak
EVA-0294,45,93,19,37.2,99,-61.0,870,29.6,10.4,seal_leak
EVA-0294,50,95,20,37.1,99,-61.4,880,29.6,11.3,seal_leak
EVA-0294,55,88,20,37.1,98,-62.0,868,29.6,9.6,seal_leak
EVA-0294,60,102,20,37.2,99,-60.1,866,29.6,13.4,seal_leak
EVA-0294,65,95,20,37.1,99,-59.5,834,29.6,11.2,seal_leak
EVA-0294,70,97,22,37.1,99,-56.4,889,29.6,12.8,seal_leak
EVA-0294,75,101,20,37.2,99,-55.3,964,29.6,12.7,seal_leak
EVA-0294,80,98,20,37.1,99,-55.1,898,29.6,11.8,seal_leak
EVA-0294,85,98,21,37.2,99,-52.4,968,29.6,13.3,seal_leak
EVA-0294,90,100,20,37.1,99,-50.7,883,29.6,12.5,seal_leak
EVA-0294,95,99,21,37.2,99,-49.5,866,29.5,13.9,seal_leak
EVA-0294,100,99,21,37.1,99,-47.4,901,29.3,12.2,seal_leak
EVA-0294,105,105,21,37.2,98,-45.4,953,29.2,14.9,seal_leak
EVA-0294,110,105,23,37.0,98,-41.8,846,28.9,15.4,seal_leak
EVA-0294,115,104,22,37.1,97,-41.2,975,28.8,15.9,seal_leak
EVA-0294,120,108,23,37.1,97,-42.1,982,28.6,18.0,seal_leak
EVA-0294,125,113,22,37.1,97,-38.9,917,28.3,18.8,seal_leak
EVA-0294,130,114,24,37.1,96,-35.0,860,28.0,23.3,seal_leak
EVA-0294,135,114,23,37.0,96,-35.6,856,27.8,22.8,seal_leak
EVA-0294,140,120,25,37.2,95,-32.3,840,27.4,29.8,seal_leak
EVA-0294,145,122,24,37.1,95,-29.9,833,27.2,28.5,seal_leak
EVA-0294,150,127,26,36.9,94,-32.8,843,26.9,33.3,seal_leak
EVA-0294,155,131,26,37.0,93,-30.5,777,26.5,34.3,seal_leak
EVA-0294,160,126,26,36.9,93,-29.1,846,26.2,36.6,seal_leak
EVA-0294,165,131,27,36.9,93,-29.7,786,25.8,38.5,seal_leak
EVA-0294,170,130,27,36.9,92,-25.5,787,25.5,41.9,seal_leak
EVA-0294,175,135,27,36.8,91,-26.0,781,25.1,44.9,seal_leak
EVA-0294,180,141,27,36.7,90,-27.7,809,24.7,49.1,seal_leak
EVA-0294,185,139,28,36.8,90,-24.8,822,24.3,49.3,seal_leak
EVA-0294,190,136,27,36.7,89,-25.7,745,23.9,51.1,seal_leak
EVA-0294,195,136,27,36.5,89,-24.5,803,23.4,55.5,seal_leak
EVA-0294,200,140,27,36.4,88,-27.3,722,23.0,59.9,seal_leak
EVA-0294,205,142,28,36.4,88,-24.5,724,22.6,60.7,seal_leak
EVA-0294,210,147,28,36.4,87,-23.5,760,22.1,64.1,seal_leak
EVA-0294,215,147,30,36.4,86,-25.3,676,21.8,68.6,seal_leak
EVA-0294,220,154,30,36.2,85,-27.3,696,21.2,75.2,seal_leak
EVA-0294,225,159,31,36.2,84,-25.8,674,20.7,77.4,seal_leak
EVA-0294,230,165,31,36.2,83,-26.7,675,20.3,78.9,seal_leak
EVA-0294,235,166,32,36.2,83,-25.4,657,19.8,80.2,seal_leak
EVA-0294,240,172,31,36.0,83,-27.7,619,19.3,81.5,seal_leak
EVA-0295,0,86,21,37.0,98,-46.1,762,29.6,10.2,seal_leak
EVA-0295,5,88,24,36.9,98,-48.8,875,29.6,13.5,seal_leak
EVA-0295,10,83,21,37.0,97,-49.0,759,29.6,10.5,seal_leak
EVA-0295,15,92,22,37.1,98,-50.1,842,29.6,12.3,seal_leak
EVA-0295,20,96,22,37.0,98,-52.1,836,29.6,12.6,seal_leak
EVA-0295,25,100,23,37.2,98,-52.4,785,29.7,16.1,seal_leak
EVA-0295,30,101,21,37.1,98,-55.5,854,29.5,12.8,seal_leak
EVA-0295,35,103,25,37.1,98,-57.2,824,29.5,18.3,seal_leak
EVA-0295,40,106,24,37.1,97,-56.1,877,29.4,18.7,seal_leak
EVA-0295,45,105,26,37.1,97,-57.4,816,29.2,19.4,seal_leak
EVA-0295,50,108,26,37.1,97,-56.1,885,29.0,23.0,seal_leak
EVA-0295,55,104,25,37.1,97,-59.8,836,28.9,20.6,seal_leak
EVA-0295,60,107,26,37.0,95,-59.8,768,28.6,24.2,seal_leak
EVA-0295,65,113,25,37.0,96,-61.6,743,28.5,24.3,seal_leak
EVA-0295,70,114,27,37.0,95,-64.1,882,28.2,26.6,seal_leak
EVA-0295,75,112,26,37.0,95,-62.6,805,28.0,28.0,seal_leak
EVA-0295,80,112,25,37.0,95,-62.9,800,27.6,27.0,seal_leak
EVA-0295,85,110,27,36.9,94,-64.3,807,27.5,30.2,seal_leak
EVA-0295,90,114,26,36.8,94,-64.3,791,27.1,33.5,seal_leak
EVA-0295,95,118,27,37.0,93,-63.2,792,26.9,33.9,seal_leak
EVA-0295,100,121,28,36.9,93,-64.8,725,26.5,38.7,seal_leak
EVA-0295,105,126,29,36.8,92,-63.0,808,26.2,42.5,seal_leak
EVA-0295,110,125,27,36.7,92,-64.2,775,25.9,42.6,seal_leak
EVA-0295,115,121,29,36.8,91,-62.9,785,25.6,43.7,seal_leak
EVA-0295,120,123,29,36.6,90,-62.0,737,25.2,48.9,seal_leak
EVA-0295,125,123,28,36.6,89,-64.6,747,24.9,51.0,seal_leak
EVA-0295,130,124,28,36.6,89,-61.6,695,24.5,52.1,seal_leak
EVA-0295,135,122,29,36.5,89,-60.7,765,24.1,54.7,seal_leak
EVA-0295,140,129,28,36.4,88,-60.3,719,23.8,57.7,seal_leak
EVA-0295,145,128,28,36.3,88,-61.1,644,23.4,60.1,seal_leak
EVA-0295,150,128,27,36.3,87,-63.1,694,23.0,61.8,seal_leak
EVA-0295,155,131,30,36.2,86,-55.9,705,22.5,68.9,seal_leak
EVA-0295,160,133,29,36.1,85,-59.7,724,22.2,70.5,seal_leak
EVA-0295,165,132,29,36.2,85,-54.3,636,21.7,71.0,seal_leak
EVA-0295,170,136,30,36.1,84,-57.0,696,21.3,72.2,seal_leak
EVA-0295,175,149,30,36.0,83,-55.9,669,20.9,77.2,seal_leak
EVA-0296,0,84,14,37.2,97,-40.9,806,29.6,6.0,seal_leak
EVA-0296,5,84,15,37.1,97,-43.7,803,29.5,6.8,seal_leak
EVA-0296,10,90,15,37.3,98,-40.7,808,29.6,9.1,seal_leak
EVA-0296,15,97,16,37.3,98,-41.1,884,29.6,10.6,seal_leak
EVA-0296,20,94,16,37.2,98,-40.7,948,29.6,9.1,seal_leak
EVA-0296,25,97,15,37.3,98,-40.1,908,29.6,10.6,seal_leak
EVA-0296,30,96,15,37.2,98,-41.4,972,29.7,8.9,seal_leak
EVA-0296,35,103,16,37.3,98,-41.4,814,29.6,11.3,seal_leak
EVA-0296,40,97,18,37.3,98,-39.8,952,29.5,12.9,seal_leak
EVA-0296,45,101,16,37.3,97,-41.3,981,29.6,12.3,seal_leak
EVA-0296,50,100,17,37.3,98,-42.1,934,29.6,12.4,seal_leak
EVA-0296,55,99,17,37.3,97,-42.9,941,29.7,13.0,seal_leak
EVA-0296,60,98,18,37.3,97,-42.6,977,29.6,13.4,seal_leak
EVA-0296,65,96,16,37.4,98,-45.2,1029,29.6,11.6,seal_leak
EVA-0296,70,100,17,37.3,97,-46.8,930,29.3,13.4,seal_leak
EVA-0296,75,109,18,37.3,97,-47.4,937,29.0,17.1,seal_leak
EVA-0296,80,110,18,37.3,97,-50.0,907,28.7,18.2,seal_leak
EVA-0296,85,103,18,37.1,95,-49.6,976,28.3,18.4,seal_leak
EVA-0296,90,102,19,37.1,95,-50.7,912,27.9,19.5,seal_leak
EVA-0296,95,111,18,37.1,94,-53.6,925,27.4,22.0,seal_leak
EVA-0296,100,109,19,37.0,94,-54.7,935,27.0,23.1,seal_leak
EVA-0296,105,110,19,36.9,92,-55.4,886,26.4,28.2,seal_leak
EVA-0296,110,110,20,36.8,91,-57.9,839,25.9,33.4,seal_leak
EVA-0296,115,118,19,36.7,90,-59.6,895,25.2,37.8,seal_leak
EVA-0296,120,114,20,36.6,90,-59.8,884,24.7,40.4,seal_leak
EVA-0296,125,118,21,36.6,88,-60.5,902,24.0,44.4,seal_leak
EVA-0296,130,120,21,36.4,88,-60.8,844,23.3,50.0,seal_leak
EVA-0296,135,121,22,36.5,86,-61.9,821,22.7,54.3,seal_leak
EVA-0296,140,124,22,36.4,85,-63.4,811,21.9,59.6,seal_leak
EVA-0296,145,137,24,36.2,84,-63.4,781,21.2,66.7,seal_leak
EVA-0296,150,140,24,36.1,82,-65.3,768,20.5,68.3,seal_leak
EVA-0296,155,141,24,36.0,82,-66.9,735,19.6,68.9,seal_leak
EVA-0296,160,143,23,36.0,81,-65.6,740,18.8,69.5,seal_leak
EVA-0296,165,142,23,36.1,81,-65.3,722,18.0,68.1,seal_leak
EVA-0296,170,136,24,36.0,82,-66.3,691,17.1,68.7,seal_leak
EVA-0297,0,97,18,37.1,97,-38.0,661,29.6,11.1,seal_leak
EVA-0297,5,94,17,37.1,97,-37.7,568,29.6,8.5,seal_leak
EVA-0297,10,98,19,37.0,98,-33.9,614,29.6,10.0,seal_leak
EVA-0297,15,102,19,37.1,98,-35.9,702,29.6,11.2,seal_leak
EVA-0297,20,101,18,37.0,98,-34.9,675,29.6,8.7,seal_leak
EVA-0297,25,104,19,37.1,98,-32.1,607,29.6,11.7,seal_leak
EVA-0297,30,100,19,37.0,97,-31.7,795,29.6,11.8,seal_leak
EVA-0297,35,108,20,37.1,98,-31.5,677,29.7,13.9,seal_leak
EVA-0297,40,107,20,37.1,98,-32.3,658,29.6,13.4,seal_leak
EVA-0297,45,105,20,37.1,98,-29.5,635,29.6,13.1,seal_leak
EVA-0297,50,106,19,37.1,97,-31.1,768,29.6,14.4,seal_leak
EVA-0297,55,109,19,37.1,98,-31.5,673,29.5,13.0,seal_leak
EVA-0297,60,112,21,37.2,98,-30.5,705,29.6,15.5,seal_leak
EVA-0297,65,110,21,37.1,98,-28.4,744,29.6,15.0,seal_leak
EVA-0297,70,111,20,37.1,98,-29.3,647,29.7,14.7,seal_leak
EVA-0297,75,111,21,37.1,98,-28.5,782,29.6,16.0,seal_leak
EVA-0297,80,112,21,37.2,97,-29.7,712,29.7,17.8,seal_leak
EVA-0297,85,111,20,37.1,98,-27.4,799,29.6,14.7,seal_leak
EVA-0297,90,109,20,37.0,98,-29.2,763,29.5,13.8,seal_leak
EVA-0297,95,107,22,37.1,98,-29.3,798,29.4,15.4,seal_leak
EVA-0297,100,112,20,37.0,97,-28.6,756,29.3,15.7,seal_leak
EVA-0297,105,118,19,37.1,97,-30.0,789,29.1,16.9,seal_leak
EVA-0297,110,114,22,37.1,97,-29.6,763,29.0,18.7,seal_leak
EVA-0297,115,111,22,37.1,97,-29.8,739,28.8,19.4,seal_leak
EVA-0297,120,114,22,37.0,95,-28.7,753,28.6,22.3,seal_leak
EVA-0297,125,116,22,37.1,96,-30.2,617,28.4,22.5,seal_leak
EVA-0297,130,120,23,36.9,96,-29.3,713,28.3,24.1,seal_leak
EVA-0297,135,121,23,37.0,95,-30.3,778,28.1,24.4,seal_leak
EVA-0297,140,118,22,36.9,95,-31.2,679,27.8,25.4,seal_leak
EVA-0297,145,124,23,36.9,95,-29.7,703,27.6,27.7,seal_leak
EVA-0297,150,122,22,36.9,94,-33.7,665,27.3,29.4,seal_leak
EVA-0297,155,124,23,36.8,93,-31.7,653,27.1,33.3,seal_leak
EVA-0297,160,124,22,36.9,93,-34.5,701,26.8,32.4,seal_leak
EVA-0297,165,122,23,36.7,93,-34.8,727,26.6,34.2,seal_leak
EVA-0297,170,128,22,36.7,92,-35.1,697,26.3,37.0,seal_leak
EVA-0297,175,125,23,36.7,92,-35.7,659,26.1,38.6,seal_leak
EVA-0297,180,122,24,36.6,91,-36.4,658,25.7,42.4,seal_leak
EVA-0297,185,127,22,36.5,91,-37.1,661,25.4,42.9,seal_leak
EVA-0297,190,133,22,36.6,91,-38.7,680,25.2,44.2,seal_leak
EVA-0297,195,128,23,36.5,90,-41.9,653,24.9,45.4,seal_leak
EVA-0297,200,119,23,36.5,90,-41.0,716,24.6,45.8,seal_leak
EVA-0297,205,123,23,36.4,89,-40.1,652,24.2,49.2,seal_leak
EVA-0297,210,130,23,36.4,88,-41.5,654,23.9,53.5,seal_leak
EVA-0297,215,128,24,36.3,88,-42.5,681,23.6,55.9,seal_leak
EVA-0297,220,130,24,36.2,88,-44.6,596,23.3,57.3,seal_leak
EVA-0297,225,134,25,36.2,87,-44.8,699,22.9,61.9,seal_leak
EVA-0297,230,136,25,36.1,86,-47.1,672,22.5,64.5,seal_leak
EVA-0297,235,140,24,36.2,86,-48.1,664,22.2,64.6,seal_leak
EVA-0297,240,144,25,36.1,85,-49.5,613,21.8,70.4,seal_leak
EVA-0297,245,142,25,36.0,85,-48.8,604,21.6,70.7,seal_leak
EVA-0297,250,149,27,36.0,84,-54.1,604,21.1,74.0,seal_leak
EVA-0297,255,148,25,36.0,83,-52.0,604,20.8,72.3,seal_leak
EVA-0297,260,157,25,35.8,82,-53.1,642,20.3,76.0,seal_leak
EVA-0297,265,157,27,35.9,82,-54.1,549,19.9,77.1,seal_leak
EVA-0297,270,161,27,35.9,81,-55.6,627,19.5,77.7,seal_leak
EVA-0297,275,160,27,35.8,81,-55.1,581,19.1,78.0,seal_leak
EVA-0297,280,165,27,35.8,81,-57.6,605,18.8,79.9,seal_leak
EVA-0298,0,88,15,37.2,99,-68.3,755,29.6,5.9,heater_failure
EVA-0298,5,95,16,37.2,99,-66.3,864,29.7,9.0,heater_failure
EVA-0298,10,103,16,37.2,98,-67.2,857,29.5,9.8,heater_failure
EVA-0298,15,112,16,37.3,99,-69.8,721,29.6,11.9,heater_failure
EVA-0298,20,112,17,37.1,99,-71.1,934,29.6,11.6,heater_failure
EVA-0298,25,116,20,37.2,99,-71.1,889,29.6,15.4,heater_failure
EVA-0298,30,113,17,37.1,99,-71.8,906,29.6,12.3,heater_failure
EVA-0298,35,124,20,37.0,99,-72.1,887,29.5,15.7,heater_failure
EVA-0298,40,126,20,37.1,99,-71.5,1003,29.6,16.5,heater_failure
EVA-0298,45,121,21,36.9,99,-71.9,989,29.6,16.5,heater_failure
EVA-0298,50,122,22,36.8,99,-72.1,978,29.6,18.5,heater_failure
EVA-0298,55,126,20,36.5,99,-74.3,880,29.5,21.1,heater_failure
EVA-0298,60,126,21,36.8,98,-72.2,1000,29.6,19.7,heater_failure
EVA-0298,65,129,21,36.6,99,-72.0,993,29.6,21.9,heater_failure
EVA-0298,70,121,19,36.6,99,-73.3,1043,29.6,19.4,heater_failure
EVA-0298,75,122,20,36.6,98,-71.5,1040,29.5,19.3,heater_failure
EVA-0298,80,119,20,36.7,98,-69.7,1135,29.6,18.3,heater_failure
EVA-0298,85,119,18,36.4,98,-71.0,1188,29.6,19.5,heater_failure
EVA-0298,90,116,18,36.4,99,-69.1,1134,29.6,18.7,heater_failure
EVA-0298,95,107,18,36.7,98,-67.3,1104,29.6,14.4,heater_failure
EVA-0298,100,117,18,36.6,99,-66.9,1159,29.6,16.3,heater_failure
EVA-0298,105,100,18,36.9,99,-64.2,1174,29.6,9.8,heater_failure
EVA-0298,110,105,18,36.9,99,-63.7,1284,29.7,10.6,heater_failure
EVA-0299,0,82,19,37.1,98,-82.4,776,29.6,6.8,scrubber_exhaustion
EVA-0299,5,87,20,37.1,98,-79.2,812,29.6,9.1,scrubber_exhaustion
EVA-0299,10,96,20,37.1,99,-79.6,800,29.7,11.1,scrubber_exhaustion
EVA-0299,15,91,20,37.1,98,-77.5,833,29.6,10.6,scrubber_exhaustion
EVA-0299,20,93,19,37.1,98,-78.3,691,29.6,9.8,scrubber_exhaustion
EVA-0299,25,96,22,37.2,99,-75.9,841,29.6,14.2,scrubber_exhaustion
EVA-0299,30,102,20,37.2,99,-73.3,868,29.6,12.8,scrubber_exhaustion
EVA-0299,35,98,21,37.2,99,-70.6,863,29.6,13.6,scrubber_exhaustion
EVA-0299,40,100,20,37.2,99,-67.8,901,29.6,13.1,scrubber_exhaustion
EVA-0299,45,101,21,37.1,98,-67.3,849,29.6,12.5,scrubber_exhaustion
EVA-0299,50,106,22,37.2,98,-62.8,933,29.6,16.7,scrubber_exhaustion
EVA-0299,55,107,22,37.2,99,-62.9,1008,29.6,16.5,scrubber_exhaustion
EVA-0299,60,110,23,37.2,99,-61.4,1008,29.6,18.2,scrubber_exhaustion
EVA-0299,65,107,22,37.2,98,-57.8,1025,29.6,16.9,scrubber_exhaustion
EVA-0299,70,105,22,37.2,98,-56.3,1081,29.7,16.5,scrubber_exhaustion
EVA-0299,75,107,23,37.3,98,-57.8,1148,29.5,18.0,scrubber_exhaustion
EVA-0299,80,104,21,37.3,99,-52.4,1305,29.6,15.7,scrubber_exhaustion
EVA-0299,85,107,24,37.3,98,-53.8,1549,29.6,19.3,scrubber_exhaustion
EVA-0299,90,109,23,37.4,98,-52.5,1725,29.7,20.2,scrubber_exhaustion
EVA-0299,95,116,24,37.3,98,-52.6,2085,29.6,21.4,scrubber_exhaustion
EVA-0299,100,115,23,37.3,98,-51.7,2209,29.6,20.0,scrubber_exhaustion
EVA-0299,105,112,26,37.4,98,-53.1,2615,29.6,22.8,scrubber_exhaustion
EVA-0299,110,119,26,37.5,98,-50.7,2975,29.7,26.5,scrubber_exhaustion
EVA-0299,115,117,28,37.5,98,-52.2,3451,29.6,27.1,scrubber_exhaustion
EVA-0299,120,127,27,37.5,98,-52.4,3917,29.6,29.1,scrubber_exhaustion
EVA-0299,125,126,30,37.6,98,-51.7,4312,29.5,33.6,scrubber_exhaustion
EVA-0299,130,127,31,37.7,97,-53.4,4848,29.5,36.2,scrubber_exhaustion
EVA-0299,135,130,30,37.7,98,-55.2,5452,29.6,34.9,scrubber_exhaustion
EVA-0299,140,140,34,37.8,98,-54.3,6133,29.6,42.2,scrubber_exhaustion
EVA-0299,145,148,34,37.9,97,-59.7,6790,29.6,47.4,scrubber_exhaustion
EVA-0299,150,151,34,38.0,97,-60.0,7401,29.6,48.5,scrubber_exhaustion
EVA-0299,155,153,37,38.0,97,-60.4,8235,29.6,50.7,scrubber_exhaustion
EVA-0299,160,157,36,38.1,97,-62.1,9018,29.6,51.3,scrubber_exhaustion
EVA-0299,165,166,40,38.1,97,-67.7,9840,29.6,55.2,scrubber_exhaustion
EVA-0299,170,166,41,38.1,96,-68.9,10744,29.6,55.3,scrubber_exhaustion
